代码,时间,开盘价,最高价,最低价,收盘价,成交量(股),成交额(元),流通盘换手率,全流通换手率,复权系数
SZ000976,2000-06-01,21.4000,24.0000,21.0000,21.3800,18764000,413352000.00,0.69496296,0.080198,1.0000
SZ000976,2000-06-02,20.9900,20.9900,19.9900,20.0200,4582600,92831000.00,0.16972593,0.019586,1.0000
SZ000976,2000-06-05,19.7900,20.0200,19.3800,19.6500,1733400,34007000.00,0.06420000,0.007409,1.0000
SZ000976,2000-06-06,19.6500,20.4500,19.6500,20.0000,1172100,23633000.00,0.04341111,0.005010,1.0000
SZ000976,2000-06-07,20.0000,20.0000,19.7600,19.8200,724400,14396000.00,0.02682963,0.003096,1.0000
SZ000976,2000-06-08,19.8000,20.1000,19.4300,19.7200,628400,12375000.00,0.02327407,0.002686,1.0000
SZ000976,2000-06-09,19.6500,19.9500,19.2000,19.2500,652600,12771000.00,0.02417037,0.002789,1.0000
SZ000976,2000-06-12,18.9200,19.9500,18.8100,19.8900,580700,11265000.00,0.02150741,0.002482,1.0000
SZ000976,2000-06-13,19.8900,20.2900,19.8800,20.0500,457600,9215000.00,0.01694815,0.001956,1.0000
SZ000976,2000-06-14,20.0500,20.6000,20.0000,20.4900,632100,12889000.00,0.02341111,0.002702,1.0000
SZ000976,2000-06-15,20.5000,20.6500,20.0000,20.5900,516200,10596000.00,0.01911852,0.002206,1.0000
SZ000976,2000-06-16,20.4900,21.1800,20.4100,21.1400,931200,19462000.00,0.03448889,0.003980,1.0000
SZ000976,2000-06-19,21.2000,22.0000,21.2000,21.9900,1243500,26955000.00,0.04605556,0.005315,1.0000
SZ000976,2000-06-20,22.0500,22.4000,21.6800,22.3100,1192700,26265000.00,0.04417407,0.005098,1.0000
SZ000976,2000-06-21,22.4500,24.5400,22.4300,24.5400,3249400,77035000.00,0.12034815,0.013888,1.0000
SZ000976,2000-06-22,25.9800,25.9800,24.0100,24.3300,2119500,52615000.00,0.07850000,0.009059,1.0000
SZ000976,2000-06-23,24.5800,26.7600,24.5800,26.7300,2781600,71385000.00,0.10302222,0.011889,1.0000
SZ000976,2000-06-26,26.8000,26.9300,26.1500,26.3500,1607200,42513000.00,0.05952593,0.006869,1.0000
SZ000976,2000-06-27,26.2500,27.9000,25.7000,27.2800,1393300,36803000.00,0.05160370,0.005955,1.0000
SZ000976,2000-06-29,29.6700,29.6700,27.5000,28.6300,1865900,53069000.00,0.06910741,0.007975,1.0000
SZ000976,2000-06-30,28.3000,29.3000,28.0000,28.1200,706600,20044000.00,0.02617037,0.003020,1.0000
SZ000976,2000-07-03,27.7500,28.0000,27.1500,27.8700,862000,23719000.00,0.03192593,0.003684,1.0000
SZ000976,2000-07-04,27.8400,28.8000,27.3100,28.7900,765600,21636000.00,0.02835556,0.003272,1.0000
SZ000976,2000-07-05,28.7900,29.3000,28.5000,28.7500,326500,9372000.00,0.01209259,0.001395,1.0000
SZ000976,2000-07-06,29.0000,29.8000,28.6000,28.8400,1242900,36509000.00,0.04603333,0.005312,1.0000
SZ000976,2000-07-07,28.8400,30.6000,28.1500,30.3100,1316500,38816000.00,0.04875926,0.005627,1.0000
SZ000976,2000-07-10,30.3100,30.4100,29.2000,30.2900,897700,26670000.00,0.03324815,0.003837,1.0000
SZ000976,2000-07-11,30.1800,30.1800,29.3800,29.4700,712100,21079000.00,0.02637407,0.003044,1.0000
SZ000976,2000-07-12,29.5000,30.1800,29.4500,29.5100,1018000,30153000.00,0.03770370,0.004351,1.0000
SZ000976,2000-07-13,30.0752,32.4704,30.0392,31.6961,6535400,114608000.00,0.24205185,0.027933,1.8009
SZ000976,2000-07-14,30.8136,33.2809,30.0932,32.5965,5579400,97787000.00,0.11480247,0.013248,1.8009
SZ000976,2000-07-17,32.5965,32.7766,31.6600,32.1103,1871700,33300000.00,0.03851235,0.004444,1.8009
SZ000976,2000-07-18,32.1463,32.2363,31.3359,31.5340,1109600,19449000.00,0.02283128,0.002635,1.8009
SZ000976,2000-07-19,31.5340,31.6961,30.9757,31.6240,934000,16148000.00,0.01921811,0.002218,1.8009
SZ000976,2000-07-20,31.6961,31.9662,30.9757,31.8041,640600,11208000.00,0.01318107,0.001521,1.8009
SZ000976,2000-07-21,31.8041,32.0562,31.5160,31.7861,777800,13728000.00,0.01600412,0.001847,1.8009
SZ000976,2000-07-24,31.8761,32.1643,31.1558,32.1463,676000,11864000.00,0.01390947,0.001605,1.8009
SZ000976,2000-07-25,32.0562,32.1463,31.3359,31.5520,369600,6493000.00,0.00760494,0.000878,1.8009
SZ000976,2000-07-26,31.5160,32.7046,31.1738,32.6505,1142200,20420000.00,0.02350206,0.002712,1.8009
SZ000976,2000-07-27,32.9027,33.1368,32.2363,32.2723,1115000,20212000.00,0.02294239,0.002648,1.8009
SZ000976,2000-07-28,32.4344,32.5965,31.9302,32.2904,563700,10093000.00,0.01159877,0.001338,1.8009
SZ000976,2000-07-31,32.2904,34.0372,31.8761,34.0012,1991100,36756000.00,0.04096914,0.004728,1.8009
SZ000976,2000-08-01,34.2353,34.5595,33.3169,33.9292,1576000,29757000.00,0.03242798,0.003742,1.8009
SZ000976,2000-08-02,33.9292,34.2173,33.4790,33.8752,830800,15531000.00,0.01709465,0.001973,1.8009
SZ000976,2000-08-03,33.8752,34.7216,33.4790,34.6856,1380600,26211000.00,0.02840741,0.003278,1.8009
SZ000976,2000-08-04,34.6856,35.0998,33.8391,33.8572,920000,17555000.00,0.01893004,0.002185,1.8009
SZ000976,2000-08-07,33.8391,33.8391,32.7946,33.2629,818200,15074000.00,0.01683539,0.001943,1.8009
SZ000976,2000-08-08,32.9567,33.8572,32.9567,33.3349,555600,10293000.00,0.01143210,0.001319,1.8009
SZ000976,2000-08-09,33.2629,33.5510,32.4164,32.5965,707500,12842000.00,0.01455761,0.001680,1.8009
SZ000976,2000-08-10,32.9927,33.7311,32.9927,33.3889,1009800,18701000.00,0.02077778,0.002398,1.8009
SZ000976,2000-08-11,33.8211,33.8391,32.3804,33.0828,1098900,20000000.00,0.02261111,0.002609,1.8009
SZ000976,2000-08-14,33.1368,33.8572,32.4344,33.8572,857500,15899000.00,0.01764403,0.002036,1.8009
SZ000976,2000-08-15,34.0192,34.0372,32.5065,33.6230,2065000,37532000.00,0.04248971,0.004903,1.8009
SZ000976,2000-08-16,33.4429,33.9652,32.9207,33.0467,986100,18429000.00,0.02029012,0.002341,1.8009
SZ000976,2000-08-17,33.0467,33.4970,32.7766,32.7766,499100,9164000.00,0.01026955,0.001185,1.8009
SZ000976,2000-08-18,32.7946,33.4970,32.7946,33.3889,865200,15976000.00,0.01780247,0.002054,1.8009
SZ000976,2000-08-21,33.5150,34.2894,33.2268,34.2894,3828900,71766000.00,0.07878395,0.009092,1.8009
SZ000976,2000-08-22,34.3074,35.2078,34.3074,34.7036,3689100,71369000.00,0.07590741,0.008760,1.8009
SZ000976,2000-08-23,34.7036,36.3424,33.7671,36.1443,2793600,54777000.00,0.05748148,0.006633,1.8009
SZ000976,2000-08-24,36.8827,36.9187,35.5680,36.3604,2741500,55351000.00,0.05640947,0.006510,1.8009
SZ000976,2000-08-25,36.4685,37.3689,36.0183,36.8287,5258500,107231000.00,0.10819959,0.012486,1.8009
SZ000976,2000-08-28,37.0088,38.5395,36.7926,38.5035,5837400,121552000.00,0.12011111,0.013861,1.8009
SZ000976,2000-08-29,38.5936,39.0978,38.3594,38.3955,2833500,61057000.00,0.05830247,0.006728,1.8009
SZ000976,2000-08-30,38.3594,38.8637,36.3784,37.2609,2245100,46567000.00,0.04619547,0.005331,1.8009
SZ000976,2000-08-31,37.1528,37.1528,35.1178,35.4960,1596500,31615000.00,0.03284979,0.003791,1.8009
SZ000976,2000-09-01,35.4420,35.4780,34.2534,34.5775,1492000,28744000.00,0.03069959,0.003543,1.8009
SZ000976,2000-09-04,34.4695,34.7576,33.4970,34.5595,992600,18858000.00,0.02042387,0.002357,1.8009
SZ000976,2000-09-05,34.6496,35.6220,33.8572,34.5595,853600,16435000.00,0.01756379,0.002027,1.8009
SZ000976,2000-09-06,34.2173,34.2173,32.9567,33.1908,450900,8370000.00,0.00927778,0.001071,1.8009
SZ000976,2000-09-07,33.3169,34.2173,33.3169,33.9652,708500,13275000.00,0.01457819,0.001682,1.8009
SZ000976,2000-09-08,34.0913,34.8477,33.7671,34.6315,677200,12960000.00,0.01393416,0.001608,1.8009
SZ000976,2000-09-11,34.8477,36.1983,33.6410,35.8742,694000,13323000.00,0.01427984,0.001648,1.8009
SZ000976,2000-09-12,35.8922,35.8922,32.9567,34.0913,498100,9636000.00,0.01024897,0.001183,1.8009
SZ000976,2000-09-13,35.2439,35.3879,34.0372,34.6315,828000,15877000.00,0.01703704,0.001966,1.8009
SZ000976,2000-09-14,34.6676,35.7121,33.6771,34.6676,1440400,27790000.00,0.02963786,0.003420,1.8009
SZ000976,2000-09-15,34.7216,34.8477,33.6410,34.3434,796700,15039000.00,0.01639300,0.001892,1.8009
SZ000976,2000-09-18,34.3254,34.3254,32.9567,33.2809,370600,6867000.00,0.00762551,0.000880,1.8009
SZ000976,2000-09-19,33.1188,33.2629,32.4164,32.5785,338100,6126000.00,0.00695679,0.000803,1.8009
SZ000976,2000-09-20,32.2363,33.8572,32.2363,33.5330,566600,10404000.00,0.01165844,0.001345,1.8009
SZ000976,2000-09-21,33.8211,34.0192,32.8666,33.0647,134000,2475000.00,0.00275720,0.000318,1.8009
SZ000976,2000-09-22,33.3169,33.3169,32.5965,32.6866,105600,1924000.00,0.00217284,0.000251,1.8009
SZ000976,2000-09-25,32.7406,33.2629,32.7226,32.9567,135800,2478000.00,0.00279424,0.000322,1.8009
SZ000976,2000-09-26,32.9567,33.5870,32.7766,33.1548,195000,3587000.00,0.00401235,0.000463,1.8009
SZ000976,2000-09-27,33.3169,34.1273,33.1188,34.0733,416500,7775000.00,0.00856996,0.000989,1.8009
SZ000976,2000-09-28,34.1273,34.1813,32.9927,33.2088,272600,5036000.00,0.00560905,0.000647,1.8009
SZ000976,2000-09-29,33.7671,33.7671,33.2268,33.4249,154200,2856000.00,0.00317284,0.000366,1.8009
SZ000976,2000-10-09,33.4970,33.5690,32.6866,33.1908,160400,2933000.00,0.00330041,0.000381,1.8009
SZ000976,2000-10-10,33.4970,33.8572,33.1908,33.3169,158500,2950000.00,0.00326132,0.000376,1.8009
SZ000976,2000-10-11,33.6771,33.7671,32.9567,33.2629,361700,6705000.00,0.00744239,0.000859,1.8009
SZ000976,2000-10-12,33.6410,33.6410,32.4164,32.5605,369800,6700000.00,0.00760905,0.000878,1.8009
SZ000976,2000-10-13,32.8666,32.8666,32.2543,32.3804,570300,10283000.00,0.01173457,0.001354,1.8009
SZ000976,2000-10-16,32.4164,33.0467,32.0202,32.9927,328500,5911000.00,0.00675926,0.000780,1.8009
SZ000976,2000-10-17,32.9567,33.8572,32.8666,33.8031,546000,10145000.00,0.01123457,0.001296,1.8009
SZ000976,2000-10-18,33.7671,35.6581,33.7671,35.4960,1978300,38105000.00,0.04070576,0.004697,1.8009
SZ000976,2000-10-19,35.2979,35.6220,33.8572,34.1813,800500,15371000.00,0.01647119,0.001901,1.8009
SZ000976,2000-10-20,34.0012,35.2979,33.4610,35.2078,1259300,24354000.00,0.02591152,0.002990,1.8009
SZ000976,2000-10-23,35.5680,36.1263,35.4780,35.9102,3140100,62344000.00,0.06461111,0.007456,1.8009
SZ000976,2000-10-24,36.0183,36.2704,35.4780,35.6220,1393200,27684000.00,0.02866667,0.003308,1.8009
SZ000976,2000-10-25,35.9282,36.9187,35.4780,36.8107,2146000,43193000.00,0.04415638,0.005096,1.8009
SZ000976,2000-10-26,37.0088,37.0988,35.4059,35.6401,402300,8075000.00,0.00827778,0.000955,1.8009
SZ000976,2000-10-27,35.6941,35.9822,34.7756,35.0818,155700,3039000.00,0.00320370,0.000370,1.8009
SZ000976,2000-10-30,35.1178,35.1178,34.4695,34.4875,191200,3678000.00,0.00393416,0.000454,1.8009
SZ000976,2000-10-31,34.5415,34.8116,33.4790,33.6050,315600,5974000.00,0.00649383,0.000749,1.8009
SZ000976,2000-11-01,33.6771,34.3074,33.4970,33.7671,364000,6804000.00,0.00748971,0.000864,1.8009
SZ000976,2000-11-02,34.1453,34.2173,33.7131,33.8932,175900,3308000.00,0.00361934,0.000418,1.8009
SZ000976,2000-11-03,33.8572,34.1453,33.4610,33.5690,196800,3671000.00,0.00404938,0.000467,1.8009
SZ000976,2000-11-06,33.7671,34.1093,33.5690,34.0372,141200,2658000.00,0.00290535,0.000335,1.8009
SZ000976,2000-11-07,34.2173,34.3974,33.6230,33.6591,134700,2533000.00,0.00277160,0.000320,1.8009
SZ000976,2000-11-08,33.9112,34.0192,33.4970,33.6771,194800,3642000.00,0.00400823,0.000463,1.8009
SZ000976,2000-11-09,34.2173,34.2173,33.7671,34.0553,166200,3138000.00,0.00341975,0.000395,1.8009
SZ000976,2000-11-10,34.2173,34.7216,34.2173,34.6676,610500,11716000.00,0.01256173,0.001450,1.8009
SZ000976,2000-11-13,34.8477,34.9557,33.1368,34.2894,1010400,19259000.00,0.02079012,0.002399,1.8009
SZ000976,2000-11-14,34.6676,35.9822,34.6496,35.9462,1854700,36315000.00,0.03816255,0.004404,1.8009
SZ000976,2000-11-15,35.9822,36.5225,34.7576,35.2799,706400,13978000.00,0.01453498,0.001677,1.8009
SZ000976,2000-11-16,35.4780,35.9822,35.0277,35.6401,515900,10175000.00,0.01061523,0.001225,1.8009
SZ000976,2000-11-17,35.8382,35.9642,35.4780,35.7301,551100,10938000.00,0.01133951,0.001309,1.8009
SZ000976,2000-11-20,35.8382,35.8562,33.7671,34.1813,1355700,25627000.00,0.02789506,0.003219,1.8009
SZ000976,2000-11-21,34.2173,34.3434,33.0647,33.5330,1687700,31294000.00,0.03472634,0.004007,1.8009
SZ000976,2000-11-22,33.7671,33.8572,32.8666,33.8031,2042700,37528000.00,0.04203086,0.004850,1.8009
SZ000976,2000-11-23,33.8211,34.0913,32.7406,33.2989,2977900,54434000.00,0.06127366,0.007071,1.8009
SZ000976,2000-11-24,33.3169,33.4069,32.3264,32.5965,1705700,30907000.00,0.03509671,0.004050,1.8009
SZ000976,2000-11-27,32.6505,33.2989,32.0562,32.5065,857700,15444000.00,0.01764815,0.002037,1.8009
SZ000976,2000-11-28,32.5965,33.0467,31.9662,32.7946,1191000,21342000.00,0.02450617,0.002828,1.8009
SZ000976,2000-11-29,32.8666,32.8847,31.8041,32.4885,1140400,20356000.00,0.02346502,0.002708,1.8009
SZ000976,2000-11-30,31.8761,32.5065,31.6961,31.8942,1059800,18751000.00,0.02180658,0.002516,1.8009
SZ000976,2000-12-01,31.9662,32.0382,31.1378,31.3899,1335000,23372000.00,0.02746914,0.003170,1.8009
SZ000976,2000-12-04,31.5160,31.7861,30.2193,30.6155,4664900,79604000.00,0.07622386,0.011077,1.8009
SZ000976,2000-12-05,30.6335,30.8316,29.6790,29.8591,2072000,34631000.00,0.03385621,0.004920,1.8009
SZ000976,2000-12-06,29.8951,29.9852,28.7426,29.7511,2263400,36616000.00,0.03698366,0.005374,1.8009
SZ000976,2000-12-07,29.8051,30.8856,29.7691,30.8676,3019500,50676000.00,0.04933824,0.007170,1.8009
SZ000976,2000-12-08,30.9757,31.1198,30.1112,30.1833,2438300,41394000.00,0.03984150,0.005790,1.8009
SZ000976,2000-12-11,30.2553,30.2553,28.8146,29.0847,917900,14965000.00,0.01499837,0.002180,1.8009
SZ000976,2000-12-12,29.1388,29.3549,28.7786,29.3369,754800,12203000.00,0.01233333,0.001792,1.8009
SZ000976,2000-12-13,29.3729,29.3729,29.0667,29.1027,446800,7239000.00,0.00730065,0.001061,1.8009
SZ000976,2000-12-14,29.1748,29.1748,28.4544,28.9947,715300,11449000.00,0.01168791,0.001698,1.8009
SZ000976,2000-12-15,29.0847,29.0847,28.5084,28.6885,337100,5378000.00,0.00550817,0.000800,1.8009
SZ000976,2000-12-18,28.6705,28.6705,27.7340,28.0762,448000,6965000.00,0.00732026,0.001064,1.8009
SZ000976,2000-12-19,28.0762,28.7606,27.7340,28.5985,551500,8655000.00,0.00901144,0.001310,1.8009
SZ000976,2000-12-20,28.5985,29.2108,28.3824,29.1928,768700,12354000.00,0.01256046,0.001825,1.8009
SZ000976,2000-12-21,29.2828,29.8951,29.2288,29.3188,869400,14289000.00,0.01420588,0.002064,1.8009
SZ000976,2000-12-22,29.4449,29.6430,28.0582,28.4544,810300,12961000.00,0.01324020,0.001924,1.8009
SZ000976,2000-12-25,28.4724,28.8146,27.5900,28.1122,1200000,18645000.00,0.01960784,0.002849,1.8009
SZ000976,2000-12-26,28.1122,28.4364,27.6980,28.1122,440400,6833000.00,0.00719608,0.001046,1.8009
SZ000976,2000-12-27,28.1843,28.9587,28.0942,28.6165,767700,12262000.00,0.01254412,0.001823,1.8009
SZ000976,2000-12-28,28.7966,28.7966,28.3824,28.4004,243500,3860000.00,0.00397876,0.000578,1.8009
SZ000976,2000-12-29,28.4184,28.6345,28.1122,28.5805,362400,5717000.00,0.00592157,0.000861,1.8009
SZ000976,2001-01-02,28.7606,28.8146,27.6440,28.2563,1803100,27971000.00,0.02946242,0.004281,1.8009
SZ000976,2001-01-03,28.3283,28.4544,27.8781,28.2383,927400,14431000.00,0.01515359,0.002202,1.8009
SZ000976,2001-01-04,28.2743,28.4364,28.0942,28.3644,518200,8144000.00,0.00846732,0.001230,1.8009
SZ000976,2001-01-05,28.2923,28.6345,28.2383,28.3644,672800,10626000.00,0.01099346,0.001598,1.8009
SZ000976,2001-01-08,28.4904,28.5445,27.8421,27.9321,608400,9479000.00,0.00994118,0.001445,1.8009
SZ000976,2001-01-09,27.9502,28.0042,26.0952,27.1938,2104800,31410000.00,0.03439216,0.004998,1.8009
SZ000976,2001-01-10,27.1938,27.5359,26.2033,27.0137,1248700,18756000.00,0.02040359,0.002965,1.8009
SZ000976,2001-01-11,27.1037,27.5539,26.6535,27.5539,1024400,15448000.00,0.01673856,0.002432,1.8009
SZ000976,2001-01-12,27.6800,27.9682,27.3739,27.6620,993900,15284000.00,0.01624020,0.002360,1.8009
SZ000976,2001-01-15,27.6620,27.6620,26.4734,26.5274,486900,7260000.00,0.00795588,0.001156,1.8009
SZ000976,2001-01-16,26.5634,27.0137,25.7530,26.3834,1035700,15028000.00,0.01692320,0.002459,1.8009
SZ000976,2001-01-17,26.1853,26.5634,25.9331,26.0772,326600,4742000.00,0.00533660,0.000776,1.8009
SZ000976,2001-01-18,24.3123,26.6535,24.3123,26.5815,489500,7157000.00,0.00799837,0.001162,1.8009
SZ000976,2001-01-19,26.4914,27.6980,26.4914,27.4279,516700,7764000.00,0.00844281,0.001227,1.8009
SZ000976,2001-02-05,27.4819,27.5539,26.2933,26.4374,250200,3712000.00,0.00408824,0.000594,1.8009
SZ000976,2001-02-06,26.2933,26.2933,25.2128,25.7710,413700,5913000.00,0.00675980,0.000982,1.8009
SZ000976,2001-02-07,25.7710,25.9331,25.5369,25.6810,178500,2545000.00,0.00291667,0.000424,1.8009
SZ000976,2001-02-08,25.8971,26.1132,25.1767,25.1948,206900,2930000.00,0.00338072,0.000491,1.8009
SZ000976,2001-02-09,25.2128,25.8971,25.2128,25.5729,188100,2657000.00,0.00307353,0.000447,1.8009
SZ000976,2001-02-12,25.8431,25.8431,24.8886,25.1767,234100,3257000.00,0.00382516,0.000556,1.8009
SZ000976,2001-02-13,25.2128,25.7710,25.0327,25.7710,324000,4554000.00,0.00529412,0.000769,1.8009
SZ000976,2001-02-14,25.6630,25.7530,25.0327,25.0867,318800,4457000.00,0.00520915,0.000757,1.8009
SZ000976,2001-02-15,25.1227,25.1767,24.8526,24.9967,198900,2757000.00,0.00325000,0.000472,1.8009
SZ000976,2001-02-16,25.0327,25.0327,24.2763,24.9786,397000,5388000.00,0.00648693,0.000943,1.8009
SZ000976,2001-02-19,24.9426,25.3929,24.3843,25.1767,257900,3559000.00,0.00421405,0.000612,1.8009
SZ000976,2001-02-20,25.2128,25.5729,24.9426,25.4109,325000,4565000.00,0.00531046,0.000772,1.8009
SZ000976,2001-02-21,25.3929,25.3929,24.4564,24.6725,142100,1953000.00,0.00232190,0.000337,1.8009
SZ000976,2001-02-22,24.7265,24.8526,24.4924,24.4924,113200,1554000.00,0.00184967,0.000269,1.8009
SZ000976,2001-02-23,24.4924,24.7625,24.4924,24.7265,82300,1126000.00,0.00134477,0.000195,1.8009
SZ000976,2001-02-26,24.8526,25.3208,24.6725,25.2308,170200,2365000.00,0.00278105,0.000404,1.8009
SZ000976,2001-02-27,25.3929,25.4469,25.0327,25.2128,147700,2067000.00,0.00241340,0.000351,1.8009
SZ000976,2001-02-28,25.2308,25.7170,25.2308,25.6270,269400,3827000.00,0.00440196,0.000640,1.8009
SZ000976,2001-03-01,25.6450,25.7170,25.5369,25.5549,203500,2899000.00,0.00332516,0.000483,1.8009
SZ000976,2001-03-02,25.5549,25.7530,25.3929,25.6090,281700,4000000.00,0.00460294,0.000669,1.8009
SZ000976,2001-03-05,25.7530,25.8251,25.5729,25.5729,139900,1990000.00,0.00228595,0.000332,1.8009
SZ000976,2001-03-06,25.5369,25.8971,25.1767,25.8611,194100,2741000.00,0.00317157,0.000461,1.8009
SZ000976,2001-03-07,25.7530,25.9151,25.3028,25.3208,229700,3263000.00,0.00375327,0.000545,1.8009
SZ000976,2001-03-08,25.3929,25.8971,25.3929,25.8611,424400,6064000.00,0.00693464,0.001008,1.8009
SZ000976,2001-03-09,25.9331,26.2933,25.8611,26.2213,543100,7873000.00,0.00887418,0.001290,1.8009
SZ000976,2001-03-12,26.2933,26.7435,26.2933,26.5094,600300,8849000.00,0.00980882,0.001425,1.8009
SZ000976,2001-03-13,26.5815,26.6535,26.1132,26.2933,280000,4093000.00,0.00457516,0.000665,1.8009
SZ000976,2001-03-14,26.3834,26.5634,26.0592,26.4374,196200,2869000.00,0.00320588,0.000466,1.8009
SZ000976,2001-03-15,26.4014,26.4374,26.1132,26.2213,165000,2408000.00,0.00269608,0.000392,1.8009
SZ000976,2001-03-16,26.2213,26.2393,25.8071,25.8971,312300,4509000.00,0.00510294,0.000742,1.8009
SZ000976,2001-03-19,25.8971,26.1132,25.5729,26.0232,298100,4254000.00,0.00487092,0.000708,1.8009
SZ000976,2001-03-20,26.0952,26.2033,25.7170,25.7530,396700,5709000.00,0.00648203,0.000942,1.8009
SZ000976,2001-03-21,25.8071,26.2933,25.7530,26.2393,319400,4613000.00,0.00521895,0.000758,1.8009
SZ000976,2001-03-22,26.3834,27.1938,26.3834,27.1938,1908300,28540000.00,0.03118137,0.004531,1.8009
SZ000976,2001-03-23,26.9777,27.4639,26.6355,26.6355,660000,9834000.00,0.01078431,0.001567,1.8009
SZ000976,2001-03-26,26.4014,26.8876,26.3834,26.8516,679000,10037000.00,0.01109477,0.001612,1.8009
SZ000976,2001-03-27,26.9777,27.1577,26.8516,26.9416,468800,7022000.00,0.00766013,0.001113,1.8009
SZ000976,2001-03-28,26.9416,27.0497,26.8336,27.0317,454200,6806000.00,0.00742157,0.001078,1.8009
SZ000976,2001-03-29,27.1037,27.1217,26.6175,26.6715,325600,4857000.00,0.00532026,0.000773,1.8009
SZ000976,2001-03-30,26.6355,27.0857,26.6355,27.0137,486300,7253000.00,0.00794608,0.001155,1.8009
SZ000976,2001-04-02,27.0857,27.3739,26.7435,27.1938,585200,8839000.00,0.00956209,0.001390,1.8009
SZ000976,2001-04-03,27.2298,27.6800,27.2298,27.3919,667600,10186000.00,0.01090850,0.001585,1.8009
SZ000976,2001-04-04,27.3739,27.4279,26.4734,26.5634,324600,4889000.00,0.00530392,0.000771,1.8009
SZ000976,2001-04-05,26.8336,27.8241,26.6175,27.7340,649600,9775000.00,0.01061438,0.001542,1.8009
SZ000976,2001-04-06,27.7340,27.7881,27.1938,27.4459,447200,6831000.00,0.00730719,0.001062,1.8009
SZ000976,2001-04-09,27.4459,27.5539,27.0317,27.3558,327400,4940000.00,0.00534967,0.000777,1.8009
SZ000976,2001-04-10,27.3739,27.6080,26.8876,27.1397,425800,6399000.00,0.00695752,0.001011,1.8009
SZ000976,2001-04-11,27.3739,27.3739,26.6175,26.9957,659000,9797000.00,0.01076797,0.001565,1.8009
SZ000976,2001-04-12,27.0137,27.1938,26.3834,26.8336,1120800,16513000.00,0.01831373,0.002661,1.8009
SZ000976,2001-04-13,26.8696,26.8876,26.2573,26.4914,1236400,18102000.00,0.02020261,0.002936,1.8009
SZ000976,2001-04-16,26.4914,26.7255,25.9331,26.4374,1687200,24490000.00,0.02756863,0.004006,1.8009
SZ000976,2001-04-17,26.5815,26.6175,25.8971,26.4014,1420400,20550000.00,0.02320915,0.003373,1.8009
SZ000976,2001-04-18,26.1132,26.3834,25.8071,26.2933,2238500,32275000.00,0.03657680,0.005315,1.8009
SZ000976,2001-04-19,26.0232,26.7435,25.6990,26.5815,1258900,18448000.00,0.02057026,0.002989,1.8009
SZ000976,2001-04-20,26.5995,26.6535,26.1312,26.6175,587300,8614000.00,0.00959641,0.001395,1.8009
SZ000976,2001-04-24,26.7255,26.7976,25.8971,26.2933,477400,6926000.00,0.00780065,0.001134,1.8009
SZ000976,2001-04-25,26.2033,26.3834,25.3028,25.5549,978500,13952000.00,0.01598856,0.002323,1.8009
SZ000976,2001-04-26,25.5549,25.8791,25.2128,25.5369,584000,8217000.00,0.00954248,0.001387,1.8009
SZ000976,2001-04-27,25.5369,25.7350,25.1407,25.4649,539400,7571000.00,0.00881373,0.001281,1.8009
SZ000976,2001-04-30,25.4829,25.8431,24.9606,25.7530,488200,6884000.00,0.00797712,0.001159,1.8009
SZ000976,2001-05-08,25.7530,25.7530,25.3028,25.3929,219700,3101000.00,0.00358987,0.000522,1.8009
SZ000976,2001-05-09,25.4289,25.7530,25.0327,25.1948,291700,4084000.00,0.00476634,0.000693,1.8009
SZ000976,2001-05-10,25.0327,25.8611,25.0327,25.8251,417500,5893000.00,0.00682190,0.000991,1.8009
SZ000976,2001-05-11,25.8251,26.1132,25.3208,25.6450,245700,3486000.00,0.00401471,0.000583,1.8009
SZ000976,2001-05-14,25.6630,25.6630,25.2128,25.4289,457500,6438000.00,0.00747549,0.001086,1.8009
SZ000976,2001-05-15,25.4289,25.8791,25.3028,25.6990,654000,9248000.00,0.01068627,0.001553,1.8009
SZ000976,2001-05-16,25.4829,26.0052,25.2848,25.6810,1053500,14882000.00,0.01721405,0.002502,1.8009
SZ000976,2001-05-17,25.4829,25.9151,25.3028,25.4829,1070500,15093000.00,0.01749183,0.002542,1.8009
SZ000976,2001-05-18,25.7350,25.7350,25.2848,25.5009,833000,11730000.00,0.01361111,0.001978,1.8009
SZ000976,2001-05-21,25.3929,25.7530,25.1767,25.4829,959100,13462000.00,0.01567157,0.002277,1.8009
SZ000976,2001-05-22,25.3929,25.6270,25.0687,25.2128,627600,8802000.00,0.01025490,0.001490,1.8009
SZ000976,2001-05-23,25.4649,25.4649,24.9426,24.9786,513100,7138000.00,0.00838399,0.001218,1.8009
SZ000976,2001-05-24,24.9967,25.0687,24.6725,25.0507,435700,6025000.00,0.00711928,0.001035,1.8009
SZ000976,2001-05-25,25.1047,25.3929,24.9246,24.9967,282300,3937000.00,0.00461275,0.000670,1.8009
SZ000976,2001-05-28,24.9967,25.2128,24.7805,24.8526,282000,3898000.00,0.00460784,0.000670,1.8009
SZ000976,2001-05-29,24.9066,25.3388,24.6185,25.2848,543100,7504000.00,0.00887418,0.001290,1.8009
SZ000976,2001-05-30,25.2668,25.7170,25.0687,25.6990,1014500,14398000.00,0.01657680,0.002409,1.8009
SZ000976,2001-05-31,25.7350,26.0592,25.5549,25.6270,1332100,18988000.00,0.02176634,0.003163,1.8009
SZ000976,2001-06-01,25.8971,26.0052,25.7170,26.0052,1516200,21758000.00,0.02477451,0.003600,1.8009
SZ000976,2001-06-04,26.0952,26.1492,25.8431,25.9151,2063800,29808000.00,0.03372222,0.004900,1.8009
SZ000976,2001-06-05,25.8971,26.0592,25.8431,26.0232,664400,9583000.00,0.01085621,0.001578,1.8009
SZ000976,2001-06-06,26.0232,26.5995,26.0232,26.5454,1375700,20090000.00,0.02247876,0.003267,1.8009
SZ000976,2001-06-07,26.6175,26.6895,26.4554,26.4914,989100,14601000.00,0.01616176,0.002349,1.8009
SZ000976,2001-06-08,26.5634,26.5634,25.9872,26.2033,473000,6870000.00,0.00772876,0.001123,1.8009
SZ000976,2001-06-11,26.2033,26.4734,25.8971,25.9151,554400,8008000.00,0.00905882,0.001316,1.8009
SZ000976,2001-06-12,25.9151,26.1672,25.9151,25.9691,560900,8082000.00,0.00916503,0.001332,1.8009
SZ000976,2001-06-13,26.1132,26.2573,25.9331,26.1132,737100,10661000.00,0.01204412,0.001750,1.8009
SZ000976,2001-06-14,26.1132,26.5274,26.1132,26.2573,1342900,19672000.00,0.02194281,0.003189,1.8009
SZ000976,2001-06-15,26.3299,26.7839,25.9668,26.6749,1185800,17223000.00,0.01937582,0.002816,1.8158
SZ000976,2001-06-18,26.6931,26.9292,26.5297,26.7294,1142700,16832000.00,0.01867157,0.002713,1.8158
SZ000976,2001-06-19,26.7294,27.2379,26.6931,27.2379,1440200,21434000.00,0.02353268,0.003420,1.8158
SZ000976,2001-06-20,27.2742,27.3831,26.9655,27.0926,833400,12448000.00,0.01361765,0.001979,1.8158
SZ000976,2001-06-21,27.0926,27.2015,26.9110,27.1471,699200,10428000.00,0.01142484,0.001660,1.8158
SZ000976,2001-06-22,27.2923,27.2923,26.9836,27.0200,593400,8853000.00,0.00969608,0.001409,1.8158
SZ000976,2001-06-25,27.2379,27.4195,26.7839,27.4013,1153100,17246000.00,0.01884150,0.002738,1.8158
SZ000976,2001-06-26,27.5284,28.3274,27.4739,27.8189,3332600,51036000.00,0.05445425,0.007913,1.8158
SZ000976,2001-06-27,28.0913,28.1095,27.5284,27.6555,924000,14086000.00,0.01509804,0.002194,1.8158
SZ000976,2001-06-28,27.7826,27.7826,27.0744,27.2197,748200,11300000.00,0.01222549,0.001777,1.8158
SZ000976,2001-06-29,27.2015,27.2015,26.8384,26.8929,574100,8523000.00,0.00938072,0.001363,1.8158
SZ000976,2001-07-02,26.9110,26.9292,26.6023,26.6386,417800,6142000.00,0.00682680,0.000992,1.8158
SZ000976,2001-07-03,26.6386,27.1471,26.5115,27.0926,347400,5143000.00,0.00567647,0.000825,1.8158
SZ000976,2001-07-04,27.2379,27.2379,26.8202,26.8565,223300,3322000.00,0.00364869,0.000530,1.8158
SZ000976,2001-07-05,26.8747,26.8747,26.5660,26.6023,264500,3880000.00,0.00432190,0.000628,1.8158
SZ000976,2001-07-06,26.6023,26.8021,26.2755,26.2936,283200,4148000.00,0.00462745,0.000672,1.8158
SZ000976,2001-07-09,26.2936,26.6931,26.1483,26.4570,239100,3463000.00,0.00390686,0.000568,1.8158
SZ000976,2001-07-10,26.4752,26.7839,26.4752,26.7839,148300,2176000.00,0.00242320,0.000352,1.8158
SZ000976,2001-07-11,26.8747,26.8747,26.4752,26.5115,162100,2376000.00,0.00264869,0.000385,1.8158
SZ000976,2001-07-12,26.5115,26.5115,25.9668,26.1483,251700,3623000.00,0.00411275,0.000598,1.8158
SZ000976,2001-07-13,26.1483,26.3299,25.9668,26.0031,230400,3311000.00,0.00376471,0.000547,1.8158
SZ000976,2001-07-16,26.1483,26.3663,25.6217,25.6399,228400,3265000.00,0.00373203,0.000542,1.8158
SZ000976,2001-07-17,25.4402,25.9486,25.4402,25.8215,224800,3178000.00,0.00367320,0.000534,1.8158
SZ000976,2001-07-18,25.8397,26.0576,25.8215,25.8578,108600,1548000.00,0.00177451,0.000258,1.8158
SZ000976,2001-07-19,25.9668,25.9668,25.7489,25.9304,69900,994000.00,0.00114216,0.000166,1.8158
SZ000976,2001-07-20,25.9304,26.1665,25.8215,26.0939,267200,3829000.00,0.00436601,0.000634,1.8158
SZ000976,2001-07-23,26.0939,26.3299,25.9668,26.2936,154300,2227000.00,0.00252124,0.000366,1.8158
SZ000976,2001-07-24,26.3299,26.3299,25.7852,25.8941,194300,2782000.00,0.00317484,0.000461,1.8158
SZ000976,2001-07-25,25.7852,25.8941,25.4220,25.6399,149100,2107000.00,0.00243627,0.000354,1.8158
SZ000976,2001-07-26,25.7852,25.7852,25.4402,25.5128,146700,2062000.00,0.00239706,0.000348,1.8158
SZ000976,2001-07-27,25.5310,25.6036,25.1678,25.1859,288200,4041000.00,0.00470915,0.000684,1.8158
SZ000976,2001-07-30,25.1859,25.1859,22.6619,22.7527,549800,7227000.00,0.00898366,0.001305,1.8158
SZ000976,2001-07-31,22.5166,23.0614,21.8448,21.9174,429700,5302000.00,0.00702124,0.001020,1.8158
SZ000976,2001-08-01,21.9719,22.6982,21.9719,22.4985,721700,8845000.00,0.01179248,0.001714,1.8158
SZ000976,2001-08-02,22.6074,22.6256,20.9913,21.7358,710100,8501000.00,0.01160294,0.001686,1.8158
SZ000976,2001-08-03,21.4271,21.6632,21.2274,21.2637,437800,5146000.00,0.00715359,0.001040,1.8158
SZ000976,2001-08-06,21.4271,21.4453,19.3570,19.4297,992600,10950000.00,0.01621895,0.002357,1.8158
SZ000976,2001-08-07,19.4297,20.1015,19.1028,19.9381,488200,5300000.00,0.00797712,0.001159,1.8158
SZ000976,2001-08-08,20.0652,20.2468,19.7928,20.2105,407900,4488000.00,0.00666503,0.000969,1.8158
SZ000976,2001-08-09,19.9744,20.7552,19.9744,20.7371,239400,2703000.00,0.00391176,0.000568,1.8158
SZ000976,2001-08-10,20.8460,22.8072,20.8460,22.1171,1100300,13382000.00,0.01797876,0.002613,1.8158
SZ000976,2001-08-13,22.1353,22.2987,21.7903,21.9719,503000,6096000.00,0.00821895,0.001194,1.8158
SZ000976,2001-08-14,21.9719,22.0808,21.2455,21.4453,454100,5400000.00,0.00741993,0.001078,1.8158
SZ000976,2001-08-15,21.1729,21.9900,21.1729,21.8629,165900,1982000.00,0.00271078,0.000394,1.8158
SZ000976,2001-08-16,21.7903,21.9719,21.4271,21.4453,166400,1983000.00,0.00271895,0.000395,1.8158
SZ000976,2001-08-17,21.4271,21.7540,21.1547,21.6269,121200,1435000.00,0.00198039,0.000288,1.8158
SZ000976,2001-08-20,21.2818,21.8266,21.2818,21.7540,89800,1070000.00,0.00146732,0.000213,1.8158
SZ000976,2001-08-21,21.7721,21.9356,21.6995,21.7176,133600,1602000.00,0.00218301,0.000317,1.8158
SZ000976,2001-08-22,21.7176,21.7176,21.1366,21.3182,213800,2510000.00,0.00349346,0.000508,1.8158
SZ000976,2001-08-23,21.2455,21.2818,20.8824,21.1729,189000,2195000.00,0.00308824,0.000449,1.8158
SZ000976,2001-08-24,21.2274,21.5179,21.0458,21.0821,105600,1232000.00,0.00172549,0.000251,1.8158
SZ000976,2001-08-27,20.7008,20.7371,19.7928,19.9744,318500,3558000.00,0.00520425,0.000756,1.8158
SZ000976,2001-08-28,19.7928,20.5192,19.6112,20.5192,239500,2658000.00,0.00391340,0.000569,1.8158
SZ000976,2001-08-29,20.7371,20.8824,20.5192,20.5373,118400,1353000.00,0.00193464,0.000281,1.8158
SZ000976,2001-08-30,20.5192,20.5192,20.2650,20.3194,75300,844000.00,0.00123039,0.000179,1.8158
SZ000976,2001-08-31,20.3194,20.6100,20.3194,20.3739,48500,544000.00,0.00079248,0.000115,1.8158
SZ000976,2001-09-03,20.4284,20.4284,20.0107,20.1378,107300,1192000.00,0.00175327,0.000255,1.8158
SZ000976,2001-09-04,20.5192,20.7371,20.1742,20.7189,109800,1245000.00,0.00179412,0.000261,1.8158
SZ000976,2001-09-05,20.8824,21.1729,20.7552,20.8642,179100,2069000.00,0.00292647,0.000425,1.8158
SZ000976,2001-09-06,21.0639,21.0639,20.5192,20.7371,78400,901000.00,0.00128105,0.000186,1.8158
SZ000976,2001-09-07,20.6281,20.7008,20.1560,20.1560,146400,1638000.00,0.00239216,0.000348,1.8158
SZ000976,2001-09-10,19.9744,21.1366,19.7020,21.0095,222600,2517000.00,0.00363725,0.000529,1.8158
SZ000976,2001-09-11,20.7916,21.1547,20.7916,21.0639,236100,2737000.00,0.00385784,0.000561,1.8158
SZ000976,2001-09-12,20.7008,20.8824,20.1560,20.5555,279800,3159000.00,0.00457190,0.000664,1.8158
SZ000976,2001-09-13,21.1366,21.1366,20.5192,20.6100,85800,980000.00,0.00140196,0.000204,1.8158
SZ000976,2001-09-14,21.0458,21.0639,20.4102,20.4284,141800,1608000.00,0.00231699,0.000337,1.8158
SZ000976,2001-09-17,20.3013,20.4284,20.0652,20.1197,185400,2064000.00,0.00302941,0.000440,1.8158
SZ000976,2001-09-18,19.9744,20.4829,19.9744,20.2831,66600,742000.00,0.00108824,0.000158,1.8158
SZ000976,2001-09-19,20.2105,20.5192,20.1560,20.5192,68500,765000.00,0.00111928,0.000163,1.8158
SZ000976,2001-09-20,20.4829,20.7008,20.3558,20.4829,72700,823000.00,0.00118791,0.000173,1.8158
SZ000976,2001-09-21,20.4829,20.4829,20.1197,20.1197,112700,1254000.00,0.00184150,0.000268,1.8158
SZ000976,2001-09-24,20.0652,20.3376,20.0652,20.1015,57300,635000.00,0.00093627,0.000136,1.8158
SZ000976,2001-09-25,20.1742,20.4284,20.1197,20.1197,52300,581000.00,0.00085458,0.000124,1.8158
SZ000976,2001-09-26,20.1197,20.1560,19.9744,20.0471,87300,964000.00,0.00142647,0.000207,1.8158
SZ000976,2001-09-27,19.9744,20.1378,19.7928,19.8473,135400,1489000.00,0.00221242,0.000322,1.8158
SZ000976,2001-09-28,19.7928,19.8836,19.0665,19.4478,214400,2292000.00,0.00350327,0.000509,1.8158
SZ000976,2001-10-08,19.3389,19.3933,18.5217,18.5217,159100,1655000.00,0.00259967,0.000378,1.8158
SZ000976,2001-10-09,18.5217,18.7033,18.2312,18.6670,85300,871000.00,0.00139379,0.000203,1.8158
SZ000976,2001-10-10,18.6670,18.6670,17.7046,17.7046,184700,1822000.00,0.00301797,0.000439,1.8158
SZ000976,2001-10-11,17.6138,17.7954,16.5243,17.0327,256900,2395000.00,0.00419771,0.000610,1.8158
SZ000976,2001-10-12,16.9783,17.7954,16.2701,17.5230,284900,2664000.00,0.00465523,0.000676,1.8158
SZ000976,2001-10-15,17.4322,17.5230,16.9056,17.1235,253500,2394000.00,0.00414216,0.000602,1.8158
SZ000976,2001-10-16,16.7059,17.0690,16.3427,16.3972,389000,3558000.00,0.00635621,0.000924,1.8158
SZ000976,2001-10-17,16.3064,16.3064,15.7979,15.9795,433600,3812000.00,0.00708497,0.001030,1.8158
SZ000976,2001-10-18,15.8524,15.9977,15.2532,15.2895,487700,4165000.00,0.00796895,0.001158,1.8158
SZ000976,2001-10-19,14.0184,14.7084,13.7642,14.1273,690000,5363000.00,0.01127451,0.001638,1.8158
SZ000976,2001-10-22,13.9821,14.7084,13.9821,14.4724,670400,5364000.00,0.01095425,0.001592,1.8158
SZ000976,2001-10-23,15.9251,15.9251,15.9251,15.9251,123600,1083000.00,0.00201961,0.000293,1.8158
SZ000976,2001-10-24,17.5230,17.5230,17.0327,17.5230,922600,8876000.00,0.01507516,0.002191,1.8158
SZ000976,2001-10-25,17.9407,18.4854,16.8148,17.5049,2520500,24901000.00,0.04118464,0.005985,1.8158
SZ000976,2001-10-26,17.5412,17.5775,16.5606,17.2688,917000,8596000.00,0.01498366,0.002177,1.8158
SZ000976,2001-10-29,17.2143,17.6320,17.0690,17.5775,519800,4977000.00,0.00849346,0.001234,1.8158
SZ000976,2001-10-30,17.6138,17.6138,17.1235,17.1598,219400,2090000.00,0.00358497,0.000521,1.8158
SZ000976,2001-10-31,16.9783,17.7409,16.5969,17.7046,515400,4854000.00,0.00842157,0.001224,1.8158
SZ000976,2001-11-01,17.7954,17.8317,17.3414,17.5775,414500,4025000.00,0.00677288,0.000984,1.8158
SZ000976,2001-11-02,17.5049,17.5956,17.2506,17.3233,256100,2459000.00,0.00418464,0.000608,1.8158
SZ000976,2001-11-05,17.3233,17.5230,17.0690,17.2325,175900,1674000.00,0.00287418,0.000418,1.8158
SZ000976,2001-11-06,17.2143,17.2506,16.8148,16.9601,137600,1289000.00,0.00224837,0.000327,1.8158
SZ000976,2001-11-07,16.8875,16.9238,15.9977,16.0158,344500,3106000.00,0.00562908,0.000818,1.8158
SZ000976,2001-11-08,15.9795,16.2701,14.7629,16.1248,343500,2966000.00,0.00561275,0.000816,1.8158
SZ000976,2001-11-09,16.1248,16.2519,15.4529,16.0703,308700,2705000.00,0.00504412,0.000733,1.8158
SZ000976,2001-11-12,15.9795,16.0703,15.6527,15.7071,142700,1243000.00,0.00233170,0.000339,1.8158
SZ000976,2001-11-13,15.3440,15.6164,15.3440,15.3803,154600,1315000.00,0.00252614,0.000367,1.8158
SZ000976,2001-11-14,15.4166,15.6164,15.4166,15.4166,70400,601000.00,0.00115033,0.000167,1.8158
SZ000976,2001-11-15,15.5256,15.9795,15.4529,15.5982,75900,650000.00,0.00124020,0.000180,1.8158
SZ000976,2001-11-16,17.1598,17.1598,16.0703,16.0703,531200,4835000.00,0.00867974,0.001261,1.8158
SZ000976,2001-11-19,16.0703,16.3427,16.0703,16.3064,157300,1406000.00,0.00257026,0.000374,1.8158
SZ000976,2001-11-20,16.4153,16.8330,16.4153,16.7240,335900,3094000.00,0.00548856,0.000798,1.8158
SZ000976,2001-11-21,16.7059,16.8693,16.5424,16.7785,254400,2343000.00,0.00415686,0.000604,1.8158
SZ000976,2001-11-22,16.8693,17.0146,16.7785,16.8875,275800,2563000.00,0.00450654,0.000655,1.8158
SZ000976,2001-11-23,16.9238,17.1054,16.8330,16.9419,249500,2332000.00,0.00407680,0.000592,1.8158
SZ000976,2001-11-26,16.8875,16.9783,16.5606,16.7967,202600,1868000.00,0.00331046,0.000481,1.8158
SZ000976,2001-11-27,16.8511,16.9601,16.7967,16.9419,151200,1405000.00,0.00247059,0.000359,1.8158
SZ000976,2001-11-28,17.0327,17.3596,17.0327,17.1780,399300,3782000.00,0.00652451,0.000948,1.8158
SZ000976,2001-11-29,17.2143,17.7228,17.2143,17.4867,457800,4412000.00,0.00748039,0.001087,1.8158
SZ000976,2001-11-30,17.3959,17.5956,17.2506,17.5230,303600,2921000.00,0.00496078,0.000721,1.8158
SZ000976,2001-12-03,17.6138,17.9043,17.6138,17.8680,438000,4294000.00,0.00715686,0.001040,1.8158
SZ000976,2001-12-04,17.9407,18.6852,17.9043,18.6670,1109300,11192000.00,0.01812582,0.002634,1.8158
SZ000976,2001-12-05,18.6670,19.0302,18.1586,18.1586,1090100,11129000.00,0.01781209,0.002588,1.8158
SZ000976,2001-12-06,18.0859,18.3038,17.8135,18.1404,621200,6185000.00,0.01015033,0.001475,1.8158
SZ000976,2001-12-07,18.1767,18.4128,17.9770,18.1404,245500,2456000.00,0.00401144,0.000583,1.8158
SZ000976,2001-12-10,18.1041,18.1041,17.6864,17.8317,358500,3518000.00,0.00585784,0.000851,1.8158
SZ000976,2001-12-11,17.8317,17.9043,17.7046,17.7591,211600,2075000.00,0.00345752,0.000502,1.8158
SZ000976,2001-12-12,17.7591,17.7954,17.2869,17.3414,220300,2132000.00,0.00359967,0.000523,1.8158
SZ000976,2001-12-13,17.2688,17.5412,16.9601,16.9601,356700,3366000.00,0.00582843,0.000847,1.8158
SZ000976,2001-12-14,16.9601,17.0690,16.7059,16.7422,296400,2751000.00,0.00484314,0.000704,1.8158
SZ000976,2001-12-17,16.5061,16.9238,16.5061,16.7785,119300,1101000.00,0.00194935,0.000283,1.8158
SZ000976,2001-12-18,16.9964,17.3414,16.7967,17.2869,113400,1062000.00,0.00185294,0.000269,1.8158
SZ000976,2001-12-19,17.3414,17.3959,16.9783,16.9783,129000,1223000.00,0.00210784,0.000306,1.8158
SZ000976,2001-12-20,16.9238,16.9238,16.5243,16.5606,161800,1483000.00,0.00264379,0.000384,1.8158
SZ000976,2001-12-21,16.5969,16.8330,16.5788,16.7967,108700,998000.00,0.00177614,0.000258,1.8158
SZ000976,2001-12-24,16.7967,16.7967,15.9795,16.2337,130800,1181000.00,0.00213725,0.000311,1.8158
SZ000976,2001-12-25,16.1974,16.7059,16.0158,16.3790,77700,699000.00,0.00126961,0.000185,1.8158
SZ000976,2001-12-26,16.1611,16.6877,16.1611,16.5969,84000,767000.00,0.00137255,0.000199,1.8158
SZ000976,2001-12-27,16.5969,16.7059,16.3790,16.3972,121600,1108000.00,0.00198693,0.000289,1.8158
SZ000976,2001-12-28,16.4517,17.0872,16.4517,16.9238,187100,1732000.00,0.00305719,0.000444,1.8158
SZ000976,2001-12-31,16.9238,17.1235,16.4153,16.4698,277000,2544000.00,0.00452614,0.000658,1.8158
SZ000976,2002-01-04,16.4880,16.5243,16.1248,16.2701,119400,1071000.00,0.00195098,0.000284,1.8158
SZ000976,2002-01-07,16.3427,16.3427,16.0158,16.1248,102500,909000.00,0.00167484,0.000243,1.8158
SZ000976,2002-01-08,16.1248,16.2882,15.9251,15.9251,75000,665000.00,0.00122549,0.000178,1.8158
SZ000976,2002-01-09,15.7979,15.9069,15.5437,15.5800,104600,903000.00,0.00170915,0.000248,1.8158
SZ000976,2002-01-10,15.5619,16.0703,14.9808,15.9795,284800,2420000.00,0.00465359,0.000676,1.8158
SZ000976,2002-01-11,15.9795,15.9795,15.2350,15.2713,115800,990000.00,0.00189216,0.000275,1.8158
SZ000976,2002-01-14,15.0716,15.1624,14.5268,14.6903,184800,1503000.00,0.00301961,0.000439,1.8158
SZ000976,2002-01-15,14.9445,14.9445,14.4905,14.5450,165500,1340000.00,0.00270425,0.000393,1.8158
SZ000976,2002-01-16,14.5632,15.0353,14.4179,14.7266,130200,1049000.00,0.00212745,0.000309,1.8158
SZ000976,2002-01-17,14.7084,14.7992,13.8913,13.9094,228600,1790000.00,0.00373529,0.000543,1.8158
SZ000976,2002-01-18,13.8005,13.8005,13.0378,13.3284,316800,2342000.00,0.00517647,0.000752,1.8158
SZ000976,2002-01-21,13.0741,13.2557,12.1662,12.1662,269900,1869000.00,0.00441013,0.000641,1.8158
SZ000976,2002-01-22,11.9483,12.7110,11.6215,11.7304,297600,1968000.00,0.00486275,0.000707,1.8158
SZ000976,2002-01-23,11.6396,12.6202,10.9859,12.6202,490500,3201000.00,0.00801471,0.001165,1.8158
SZ000976,2002-01-24,12.6202,13.1649,11.8394,12.9834,584300,4109000.00,0.00954739,0.001387,1.8158
SZ000976,2002-01-25,12.8926,13.1105,12.7110,12.8381,273700,1942000.00,0.00447222,0.000650,1.8158
SZ000976,2002-01-28,13.0741,13.0741,11.8030,11.8030,343400,2340000.00,0.00561111,0.000815,1.8158
SZ000976,2002-01-29,11.4399,12.3478,11.1857,12.2207,195500,1299000.00,0.00319444,0.000464,1.8158
SZ000976,2002-01-30,12.1117,12.5839,12.0573,12.4386,217600,1489000.00,0.00355556,0.000517,1.8158
SZ000976,2002-01-31,12.6928,13.6552,12.4023,13.6007,714000,5248000.00,0.01166667,0.001695,1.8158
SZ000976,2002-02-01,13.5281,13.9458,13.2921,13.5281,551300,4137000.00,0.00900817,0.001309,1.8158
SZ000976,2002-02-05,14.1092,14.8900,14.0729,14.8900,603300,4881000.00,0.00985784,0.001433,1.8158
SZ000976,2002-02-06,15.2350,15.9251,14.8355,14.8719,2449400,20638000.00,0.04002288,0.005816,1.8158
SZ000976,2002-02-07,14.7629,15.0171,14.3453,14.9263,917400,7464000.00,0.01499020,0.002178,1.8158
SZ000976,2002-02-08,15.0353,15.2713,14.7084,14.7266,341600,2806000.00,0.00558170,0.000811,1.8158
SZ000976,2002-02-25,14.9445,15.1261,14.7447,14.8719,370100,3044000.00,0.00604739,0.000879,1.8158
SZ000976,2002-02-26,14.9082,15.0716,14.5268,15.0716,377900,3061000.00,0.00617484,0.000897,1.8158
SZ000976,2002-02-27,15.0716,15.1079,14.8174,14.9263,216100,1782000.00,0.00353105,0.000513,1.8158
SZ000976,2002-02-28,14.9263,15.0353,14.7811,14.7992,158500,1305000.00,0.00258987,0.000376,1.8158
SZ000976,2002-03-01,14.7629,14.7629,14.3816,14.3816,364800,2919000.00,0.00596078,0.000866,1.8158
SZ000976,2002-03-04,14.3453,14.7811,14.2181,14.6721,220100,1764000.00,0.00359641,0.000523,1.8158
SZ000976,2002-03-05,14.7084,15.1624,14.6721,15.0716,499000,4126000.00,0.00815359,0.001185,1.8158
SZ000976,2002-03-06,15.0716,15.5982,15.0716,15.2169,859700,7260000.00,0.01404739,0.002041,1.8158
SZ000976,2002-03-07,15.2169,15.8343,15.1261,15.8161,963700,8291000.00,0.01574673,0.002288,1.8158
SZ000976,2002-03-08,15.9795,16.2701,15.7979,16.1611,1019400,9017000.00,0.01665686,0.002421,1.8158
SZ000976,2002-03-12,16.8693,17.7772,16.8693,17.7772,1354200,13213000.00,0.02212745,0.003216,1.8158
SZ000976,2002-03-13,18.1586,18.2675,16.3427,16.6332,2499800,23822000.00,0.04084641,0.005936,1.8158
SZ000976,2002-03-14,16.6151,17.2325,16.3790,17.0327,1164400,10726000.00,0.01902614,0.002765,1.8158
SZ000976,2002-03-15,17.2325,17.3414,16.3427,16.3609,1023600,9506000.00,0.01672549,0.002431,1.8158
SZ000976,2002-03-18,16.5243,17.0872,16.1066,16.3609,635000,5762000.00,0.01037582,0.001508,1.8158
SZ000976,2002-03-19,16.4153,16.9783,16.3427,16.9238,550600,5063000.00,0.00899673,0.001307,1.8158
SZ000976,2002-03-20,17.0690,17.2506,16.7240,17.1417,871500,8167000.00,0.01424020,0.002069,1.8158
SZ000976,2002-03-21,17.0690,17.1962,16.8148,16.9783,511900,4795000.00,0.00836438,0.001215,1.8158
SZ000976,2002-03-22,17.0327,17.0509,16.5243,16.5969,484100,4455000.00,0.00791013,0.001149,1.8158
SZ000976,2002-03-25,16.7059,17.0690,16.6151,16.9419,314200,2919000.00,0.00513399,0.000746,1.8158
SZ000976,2002-03-26,17.1054,17.1054,16.5061,16.5788,322500,2954000.00,0.00526961,0.000766,1.8158
SZ000976,2002-03-27,16.5788,16.7059,16.2701,16.6332,304100,2761000.00,0.00496895,0.000722,1.8158
SZ000976,2002-03-28,16.6151,16.8875,16.6151,16.7603,263500,2430000.00,0.00430556,0.000626,1.8158
SZ000976,2002-03-29,16.7603,16.7603,15.9795,16.0522,436000,3915000.00,0.00712418,0.001035,1.8158
SZ000976,2002-04-01,15.8161,16.0340,15.4711,15.9614,352300,3061000.00,0.00575654,0.000837,1.8158
SZ000976,2002-04-02,15.9432,16.0158,15.5256,15.5800,258400,2241000.00,0.00422222,0.000614,1.8158
SZ000976,2002-04-04,15.9795,16.3609,15.6527,16.3609,384700,3404000.00,0.00628595,0.000913,1.8158
SZ000976,2002-04-05,16.5061,16.6151,16.1248,16.3427,383900,3466000.00,0.00627288,0.000912,1.8158
SZ000976,2002-04-08,16.3245,16.6151,16.0158,16.3972,201000,1805000.00,0.00328431,0.000477,1.8158
SZ000976,2002-04-09,16.4335,16.9783,16.3790,16.8875,517800,4772000.00,0.00846078,0.001230,1.8158
SZ000976,2002-04-10,16.9783,17.1054,16.7967,16.8693,374600,3494000.00,0.00612092,0.000889,1.8158
SZ000976,2002-04-11,16.9238,16.9238,16.3972,16.4698,276200,2527000.00,0.00451307,0.000656,1.8158
SZ000976,2002-04-12,16.3427,16.8875,16.3427,16.5969,266300,2436000.00,0.00435131,0.000632,1.8158
SZ000976,2002-04-15,16.7422,16.8330,16.3427,16.5424,207500,1897000.00,0.00339052,0.000493,1.8158
SZ000976,2002-04-16,16.5424,16.6332,16.3790,16.5424,159100,1444000.00,0.00259967,0.000378,1.8158
SZ000976,2002-04-17,16.6151,16.7059,16.3790,16.5243,159900,1456000.00,0.00261275,0.000380,1.8158
SZ000976,2002-04-18,16.5243,16.7967,16.5243,16.7422,296600,2719000.00,0.00484641,0.000704,1.8158
SZ000976,2002-04-19,16.7603,16.9238,16.3609,16.7967,386000,3536000.00,0.00630719,0.000917,1.8158
SZ000976,2002-04-22,16.8148,17.6138,16.6696,17.3777,2038900,19439000.00,0.03331536,0.004841,1.8158
SZ000976,2002-04-23,17.4322,17.5775,17.2325,17.2506,802500,7688000.00,0.01311275,0.001906,1.8158
SZ000976,2002-04-24,17.1598,17.3414,16.7240,16.7967,466800,4331000.00,0.00762745,0.001108,1.8158
SZ000976,2002-04-25,16.7059,16.7785,16.3609,16.5243,376000,3412000.00,0.00614379,0.000893,1.8158
SZ000976,2002-04-26,16.5243,16.8511,16.5243,16.7967,270900,2500000.00,0.00442647,0.000643,1.8158
SZ000976,2002-04-29,16.5243,17.1598,16.5243,17.0690,411900,3847000.00,0.00673039,0.000978,1.8158
SZ000976,2002-04-30,17.1054,17.2869,16.8875,17.1417,313700,2943000.00,0.00512582,0.000745,1.8158
SZ000976,2002-05-08,17.2325,17.2869,16.8511,16.8693,202600,1899000.00,0.00331046,0.000481,1.8158
SZ000976,2002-05-09,16.7422,17.0690,16.7422,16.8148,199700,1853000.00,0.00326307,0.000474,1.8158
SZ000976,2002-05-10,16.8148,16.8148,16.5606,16.6151,302600,2773000.00,0.00494444,0.000719,1.8158
SZ000976,2002-05-13,16.5243,17.0690,16.3790,16.6332,217200,1970000.00,0.00354902,0.000516,1.8158
SZ000976,2002-05-14,16.5243,16.8511,16.5243,16.5606,94500,864000.00,0.00154412,0.000224,1.8158
SZ000976,2002-05-15,15.4166,16.8693,15.4166,16.3427,297300,2687000.00,0.00485784,0.000706,1.8158
SZ000976,2002-05-16,16.3064,16.3064,15.4348,15.4892,451000,3920000.00,0.00736928,0.001071,1.8158
SZ000976,2002-05-17,15.5256,15.8887,15.2532,15.6708,266500,2290000.00,0.00435458,0.000633,1.8158
SZ000976,2002-05-20,15.6708,15.6708,15.0353,15.0898,333900,2793000.00,0.00545588,0.000793,1.8158
SZ000976,2002-05-21,15.5800,16.0885,15.4529,15.7979,483100,4200000.00,0.00789379,0.001147,1.8158
SZ000976,2002-05-22,16.0166,16.0166,15.4882,15.5246,277900,2395000.00,0.00454085,0.000660,1.8221
SZ000976,2002-05-23,15.6339,15.9437,15.4335,15.7433,174900,1508000.00,0.00285784,0.000415,1.8221
SZ000976,2002-05-24,15.6704,15.6704,15.3606,15.4700,183500,1557000.00,0.00299837,0.000436,1.8221
SZ000976,2002-05-27,15.4700,15.7251,15.0509,15.2695,318300,2653000.00,0.00520098,0.000756,1.8221
SZ000976,2002-05-28,15.3971,15.3971,14.9415,14.9415,900700,7468000.00,0.01471732,0.002139,1.8221
SZ000976,2002-05-29,14.3949,14.3949,13.8118,13.8482,1564900,11957000.00,0.02557026,0.003716,1.8221
SZ000976,2002-05-30,13.6478,13.9940,13.4656,13.6478,770800,5774000.00,0.01259477,0.001830,1.8221
SZ000976,2002-05-31,13.7754,14.2127,13.4838,14.2127,881600,6671000.00,0.01440523,0.002093,1.8221
SZ000976,2002-06-03,12.7914,12.7914,12.7914,12.7914,958500,6728000.00,0.00760714,0.002276,1.8221
SZ000976,2002-06-04,11.5341,12.4816,11.5341,12.2994,21064500,139059008.00,0.16717857,0.050017,1.8221
SZ000976,2002-06-05,11.9168,12.0625,11.4612,11.8621,13420100,86098000.00,0.10650873,0.031866,1.8221
SZ000976,2002-06-06,11.7528,13.0465,11.6435,13.0465,18550800,127457000.00,0.14722857,0.044048,1.8221
SZ000976,2002-06-07,13.5567,14.3584,13.5385,14.3584,37001900,287008000.00,0.29366587,0.087860,1.8221
SZ000976,2002-06-10,14.3584,14.8869,14.0669,14.4860,25635800,203842000.00,0.20345873,0.060872,1.8221
SZ000976,2002-06-11,14.3949,14.9051,14.1580,14.8140,13252700,105562000.00,0.10518016,0.031468,1.8221
SZ000976,2002-06-12,14.7229,14.9051,14.1762,14.3767,9998000,79070000.00,0.07934921,0.023740,1.8221
SZ000976,2002-06-13,14.3584,14.9051,14.1945,14.3038,11078500,88367000.00,0.08792460,0.026306,1.8221
SZ000976,2002-06-14,14.1945,14.2127,13.3016,13.3745,9781400,73511000.00,0.07763016,0.023226,1.8221
SZ000976,2002-06-17,13.2105,13.9758,13.1012,13.7571,7886000,59171000.00,0.06258730,0.018725,1.8221
SZ000976,2002-06-18,13.7571,14.5224,13.6843,14.2127,9024200,70248000.00,0.07162063,0.021428,1.8221
SZ000976,2002-06-19,14.3038,14.3038,13.7389,13.7936,4811200,36747000.00,0.03818413,0.011424,1.8221
SZ000976,2002-06-20,13.7571,14.1580,13.6660,13.8300,3865300,29526000.00,0.03067698,0.009178,1.8221
SZ000976,2002-06-21,13.8482,14.8686,13.8482,14.5407,12571700,99962000.00,0.09977540,0.029851,1.8221
SZ000976,2002-06-24,15.9984,15.9984,15.1966,15.9984,22055300,191516000.00,0.17504206,0.052370,1.8221
SZ000976,2002-06-25,15.9984,17.3103,15.9984,16.3264,22890800,210154000.00,0.18167302,0.054354,1.8221
SZ000976,2002-06-26,16.2170,16.7455,15.8708,16.6361,10759200,97369000.00,0.08539048,0.025547,1.8221
SZ000976,2002-06-27,16.7637,16.8730,16.2353,16.5268,6606000,59886000.00,0.05242857,0.015686,1.8221
SZ000976,2002-06-28,16.4904,16.7272,15.6704,16.0895,9454000,84270000.00,0.07503175,0.022448,1.8221
SZ000976,2002-07-02,15.8526,16.5815,15.5793,16.4175,8024500,71078000.00,0.06368651,0.019054,1.8221
SZ000976,2002-07-03,16.3810,16.7090,16.3628,16.4539,5295100,48014000.00,0.04202460,0.012573,1.8221
SZ000976,2002-07-04,16.5450,16.9641,16.5450,16.6543,8110000,74585000.00,0.06436508,0.019257,1.8221
SZ000976,2002-07-05,16.6543,16.7090,16.1259,16.6908,2479700,22399000.00,0.01968016,0.005888,1.8221
SZ000976,2002-07-08,16.7090,17.1281,16.7090,16.9459,5913900,55064000.00,0.04693571,0.014042,1.8221
SZ000976,2002-07-09,16.9641,17.0734,16.5997,16.6179,4112200,37802000.00,0.03263651,0.009764,1.8221
SZ000976,2002-07-10,16.5632,16.7090,16.1806,16.2535,3922600,35293000.00,0.03113175,0.009314,1.8221
SZ000976,2002-07-11,16.1806,16.4904,15.9437,16.1441,2976400,26443000.00,0.02362222,0.007067,1.8221
SZ000976,2002-07-12,16.2170,16.3992,16.0166,16.1806,1602900,14237000.00,0.01272143,0.003806,1.8221
SZ000976,2002-07-15,16.0713,16.1806,15.9619,15.9984,1605700,14154000.00,0.01274365,0.003813,1.8221
SZ000976,2002-07-16,15.9984,16.3810,15.9984,16.1259,1419500,12613000.00,0.01126587,0.003371,1.8221
SZ000976,2002-07-17,16.1806,16.9459,16.1806,16.9459,5255700,47896000.00,0.04171190,0.012480,1.8221
SZ000976,2002-07-18,16.9641,17.3103,16.8366,16.9094,11251600,105687000.00,0.08929841,0.026717,1.8221
SZ000976,2002-07-19,16.9094,17.1828,16.8548,17.0188,4116400,38403000.00,0.03266984,0.009774,1.8221
SZ000976,2002-07-22,17.0552,17.1463,16.4904,16.5815,4253700,39061000.00,0.03375952,0.010100,1.8221
SZ000976,2002-07-23,16.4904,16.6726,16.2170,16.3264,2514600,22762000.00,0.01995714,0.005971,1.8221
SZ000976,2002-07-24,16.2535,16.5997,16.2535,16.5815,1899100,17097000.00,0.01507222,0.004509,1.8221
SZ000976,2002-07-25,16.6726,16.8366,16.3992,16.5632,2148800,19643000.00,0.01705397,0.005102,1.8221
SZ000976,2002-07-26,16.4539,16.5997,16.2717,16.2899,1862600,16754000.00,0.01478254,0.004423,1.8221
SZ000976,2002-07-29,16.2717,16.6179,16.1441,16.5632,1405000,12561000.00,0.01115079,0.003336,1.8221
SZ000976,2002-07-30,16.5815,16.7637,16.3628,16.7272,2172200,19821000.00,0.01723968,0.005158,1.8221
SZ000976,2002-07-31,16.7090,16.8548,16.3628,16.3992,1814500,16489000.00,0.01440079,0.004308,1.8221
SZ000976,2002-08-01,16.2353,16.4904,16.1259,16.2899,1851900,16516000.00,0.01469762,0.004397,1.8221
SZ000976,2002-08-02,16.3081,16.3628,16.1441,16.1806,1268900,11292000.00,0.01007063,0.003013,1.8221
SZ000976,2002-08-05,16.1259,16.1259,15.7251,15.7433,2319900,20238000.00,0.01841190,0.005509,1.8221
SZ000976,2002-08-06,15.6522,16.2899,15.6339,16.1624,1963700,17290000.00,0.01558492,0.004663,1.8221
SZ000976,2002-08-07,16.2170,16.3081,16.0713,16.1259,1440200,12793000.00,0.01143016,0.003420,1.8221
SZ000976,2002-08-08,16.1259,16.2170,15.7797,15.8526,1515200,13248000.00,0.01202540,0.003598,1.8221
SZ000976,2002-08-09,15.8526,15.8526,15.6704,15.7433,1047600,9048000.00,0.00831429,0.002488,1.8221
SZ000976,2002-08-12,15.5428,15.8344,15.5428,15.6157,870900,7474000.00,0.00691190,0.002068,1.8221
SZ000976,2002-08-13,15.6339,15.8344,15.5793,15.6157,672200,5782000.00,0.00533492,0.001596,1.8221
SZ000976,2002-08-14,15.6704,16.0713,15.6522,16.0530,1354900,11858000.00,0.01075317,0.003217,1.8221
SZ000976,2002-08-15,15.8526,16.1259,15.8344,15.8890,720000,6303000.00,0.00571429,0.001710,1.8221
SZ000976,2002-08-16,15.8162,16.2535,15.6704,16.1077,1444600,12676000.00,0.01146508,0.003430,1.8221
SZ000976,2002-08-19,15.9984,16.1077,15.8162,15.8708,716300,6275000.00,0.00568492,0.001701,1.8221
SZ000976,2002-08-20,15.8162,16.6726,15.8162,16.4175,2960700,26525000.00,0.02349762,0.007030,1.8221
SZ000976,2002-08-21,16.4175,16.6179,16.3081,16.5086,2154800,19504000.00,0.01710159,0.005117,1.8221
SZ000976,2002-08-22,16.4357,16.8548,16.4175,16.6179,2961000,27060000.00,0.02350000,0.007031,1.8221
SZ000976,2002-08-23,16.6179,16.7272,16.4721,16.4904,1382200,12567000.00,0.01096984,0.003282,1.8221
SZ000976,2002-08-26,16.4904,16.9094,16.4175,16.6726,2681500,24597000.00,0.02128175,0.006367,1.8221
SZ000976,2002-08-27,16.6726,16.8366,16.5268,16.5815,1855500,16941000.00,0.01472619,0.004406,1.8221
SZ000976,2002-08-28,16.6543,17.2374,16.6361,16.8730,4134100,38602000.00,0.03281032,0.009816,1.8221
SZ000976,2002-08-29,16.8001,17.0370,16.6726,16.7637,1901900,17539000.00,0.01509444,0.004516,1.8221
SZ000976,2002-08-30,16.7272,16.8366,16.5268,16.5450,1388300,12637000.00,0.01101825,0.003296,1.8221
SZ000976,2002-09-02,16.5632,16.6543,16.4175,16.5632,780300,7076000.00,0.00619286,0.001853,1.8221
SZ000976,2002-09-03,16.5632,16.8366,16.5086,16.6726,858600,7878000.00,0.00681429,0.002039,1.8221
SZ000976,2002-09-04,16.6726,16.6726,16.4539,16.5086,1088200,9873000.00,0.00863651,0.002584,1.8221
SZ000976,2002-09-05,16.4175,16.5632,15.8526,16.0530,2659500,23612000.00,0.02110714,0.006315,1.8221
SZ000976,2002-09-06,16.0348,16.1259,15.8526,15.8526,1446000,12656000.00,0.01147619,0.003433,1.8221
SZ000976,2002-09-09,15.7615,15.9437,15.6339,15.9255,948700,8213000.00,0.00752937,0.002253,1.8221
SZ000976,2002-09-10,15.9437,15.9984,15.8162,15.9437,453400,3957000.00,0.00359841,0.001077,1.8221
SZ000976,2002-09-11,15.8890,15.9437,15.5428,15.9255,1171000,10075000.00,0.00929365,0.002781,1.8221
SZ000976,2002-09-12,15.9073,16.0713,15.7433,15.9437,694600,6073000.00,0.00551270,0.001649,1.8221
SZ000976,2002-09-13,15.8708,15.9984,15.8162,15.9619,335500,2932000.00,0.00266270,0.000797,1.8221
SZ000976,2002-09-16,15.8708,15.9619,15.5793,15.5975,803700,6908000.00,0.00637857,0.001908,1.8221
SZ000976,2002-09-17,15.5975,15.7979,15.2149,15.3060,1114800,9420000.00,0.00884762,0.002647,1.8221
SZ000976,2002-09-18,15.3060,15.3971,14.9233,14.9415,1224300,10106000.00,0.00971667,0.002907,1.8221
SZ000976,2002-09-19,14.9415,15.7979,14.6135,15.5793,1880500,15664000.00,0.01492460,0.004465,1.8221
SZ000976,2002-09-20,15.5611,15.5793,15.0509,15.0691,904000,7593000.00,0.00717460,0.002147,1.8221
SZ000976,2002-09-23,15.0509,15.1966,14.9051,15.0509,658900,5427000.00,0.00522937,0.001565,1.8221
SZ000976,2002-09-24,14.9780,15.2877,14.9780,15.0326,499000,4138000.00,0.00396032,0.001185,1.8221
SZ000976,2002-09-26,15.0509,15.2513,14.7229,14.7593,931800,7587000.00,0.00739524,0.002213,1.8221
SZ000976,2002-09-27,14.7593,14.9415,14.6318,14.7229,628700,5084000.00,0.00498968,0.001493,1.8221
SZ000976,2002-10-08,14.6682,14.7958,14.5042,14.7411,521800,4209000.00,0.00414127,0.001239,1.8221
SZ000976,2002-10-09,14.7229,14.7229,14.1216,14.1762,775800,6105000.00,0.00615714,0.001842,1.8221
SZ000976,2002-10-10,14.1762,14.3402,13.9394,14.0305,594000,4610000.00,0.00471429,0.001410,1.8221
SZ000976,2002-10-11,14.0305,14.2127,13.9029,13.9394,554900,4280000.00,0.00440397,0.001318,1.8221
SZ000976,2002-10-14,13.9211,14.1580,13.6660,14.1033,819200,6257000.00,0.00650159,0.001945,1.8221
SZ000976,2002-10-15,14.0669,14.2127,13.9940,14.0669,400900,3109000.00,0.00318175,0.000952,1.8221
SZ000976,2002-10-16,14.1216,14.4860,14.1216,14.3220,638700,5027000.00,0.00506905,0.001517,1.8221
SZ000976,2002-10-17,14.2127,14.4131,13.8482,13.9029,564300,4358000.00,0.00447857,0.001340,1.8221
SZ000976,2002-10-18,13.8482,14.1945,13.7571,14.0851,494100,3798000.00,0.00392143,0.001173,1.8221
SZ000976,2002-10-21,14.0851,14.2491,13.9211,14.2309,310600,2397000.00,0.00246508,0.000738,1.8221
SZ000976,2002-10-22,14.2673,14.6500,14.2127,14.4860,1353900,10760000.00,0.01074524,0.003215,1.8221
SZ000976,2002-10-23,14.5589,14.6135,14.3949,14.5953,931600,7410000.00,0.00739365,0.002212,1.8221
SZ000976,2002-10-24,14.5771,14.6500,14.2309,14.2856,697500,5505000.00,0.00553571,0.001656,1.8221
SZ000976,2002-10-25,14.3038,14.3949,14.0122,14.0669,534100,4157000.00,0.00423889,0.001268,1.8221
SZ000976,2002-10-28,13.9940,14.1762,13.8118,13.8665,676300,5163000.00,0.00536746,0.001606,1.8221
SZ000976,2002-10-29,13.7571,14.1216,13.6660,14.0122,629600,4784000.00,0.00499683,0.001495,1.8221
SZ000976,2002-10-30,14.0305,14.1216,13.8847,13.9940,344800,2646000.00,0.00273651,0.000819,1.8221
SZ000976,2002-10-31,14.0305,14.2491,13.9940,14.0487,377100,2915000.00,0.00299286,0.000895,1.8221
SZ000976,2002-11-01,14.0487,14.2127,13.9758,14.1216,386900,2987000.00,0.00307063,0.000919,1.8221
SZ000976,2002-11-04,14.1216,14.4860,14.1216,14.4313,552300,4354000.00,0.00438333,0.001311,1.8221
SZ000976,2002-11-05,14.5589,14.7958,14.3767,14.6500,1339300,10752000.00,0.01062937,0.003180,1.8221
SZ000976,2002-11-06,14.7593,14.7593,14.4860,14.5589,769600,6149000.00,0.00610794,0.001827,1.8221
SZ000976,2002-11-07,14.5771,14.6682,14.4860,14.5224,565700,4519000.00,0.00448968,0.001343,1.8221
SZ000976,2002-11-08,14.7593,14.8686,13.7571,13.9211,1068300,8343000.00,0.00847857,0.002537,1.8221
SZ000976,2002-11-11,13.9211,14.1762,13.8118,13.8665,509200,3899000.00,0.00404127,0.001209,1.8221
SZ000976,2002-11-12,13.8665,13.9940,12.8461,12.9007,2021600,14610000.00,0.01604444,0.004800,1.8221
SZ000976,2002-11-13,12.9007,13.0829,12.5727,13.0283,1542200,10804000.00,0.01223968,0.003662,1.8221
SZ000976,2002-11-14,13.1194,13.1194,12.3905,12.4088,1023400,7128000.00,0.00812222,0.002430,1.8221
SZ000976,2002-11-15,12.3723,12.7550,12.2994,12.4999,1491800,10276000.00,0.01183968,0.003542,1.8221
SZ000976,2002-11-18,12.5910,12.5910,12.2630,12.3905,596700,4062000.00,0.00473571,0.001417,1.8221
SZ000976,2002-11-19,12.4270,13.0465,12.3905,12.8825,1907000,13367000.00,0.01513492,0.004528,1.8221
SZ000976,2002-11-20,13.0283,13.0283,12.3905,12.4999,1107100,7636000.00,0.00878651,0.002629,1.8221
SZ000976,2002-11-21,12.4270,12.5727,12.0625,12.0808,1244000,8377000.00,0.00987302,0.002954,1.8221
SZ000976,2002-11-22,12.1172,12.4816,11.8439,12.1901,1049100,7017000.00,0.00832619,0.002491,1.8221
SZ000976,2002-11-25,12.1537,12.3723,11.8986,12.2448,718400,4777000.00,0.00570159,0.001706,1.8221
SZ000976,2002-11-26,12.0443,12.3541,11.8803,11.8803,735600,4883000.00,0.00583810,0.001747,1.8221
SZ000976,2002-11-27,11.7528,12.1172,11.5706,11.9897,784100,5091000.00,0.00622302,0.001862,1.8221
SZ000976,2002-11-28,11.8439,12.6274,11.8439,12.5727,1318400,8845000.00,0.01046349,0.003131,1.8221
SZ000976,2002-11-29,12.7367,12.9736,12.5727,12.6821,2539800,17801000.00,0.02015714,0.006031,1.8221
SZ000976,2002-12-02,12.4088,12.6456,11.9897,12.0261,1280000,8654000.00,0.01015873,0.003039,1.8221
SZ000976,2002-12-03,11.9897,12.2994,11.9897,12.2812,865000,5775000.00,0.00686508,0.002054,1.8221
SZ000976,2002-12-04,12.3359,12.5727,12.2265,12.2994,947600,6454000.00,0.00752063,0.002250,1.8221
SZ000976,2002-12-05,12.2994,12.3176,12.0625,12.1901,506000,3379000.00,0.00401587,0.001201,1.8221
SZ000976,2002-12-06,12.2630,12.3359,12.0625,12.1172,357800,2390000.00,0.00283968,0.000850,1.8221
SZ000976,2002-12-09,12.0443,12.2083,12.0261,12.0808,308000,2046000.00,0.00244444,0.000731,1.8221
SZ000976,2002-12-10,12.1901,12.2083,11.7710,11.8074,460200,3014000.00,0.00365238,0.001093,1.8221
SZ000976,2002-12-11,11.6617,11.8439,11.6252,11.7892,649700,4174000.00,0.00515635,0.001543,1.8221
SZ000976,2002-12-12,11.8074,12.1172,11.7892,11.8439,590500,3860000.00,0.00468651,0.001402,1.8221
SZ000976,2002-12-13,11.7528,12.2994,11.6252,12.1354,713000,4684000.00,0.00565873,0.001693,1.8221
SZ000976,2002-12-16,12.2083,12.3905,12.0625,12.2812,866600,5843000.00,0.00687778,0.002058,1.8221
SZ000976,2002-12-17,12.2812,12.4816,12.1719,12.3359,841800,5700000.00,0.00668095,0.001999,1.8221
SZ000976,2002-12-18,12.3359,12.4816,12.1172,12.1537,718500,4856000.00,0.00570238,0.001706,1.8221
SZ000976,2002-12-19,12.1537,12.2812,12.0261,12.1537,618000,4111000.00,0.00490476,0.001467,1.8221
SZ000976,2002-12-20,12.2265,12.8461,12.2083,12.5910,3027200,20951000.00,0.02402540,0.007188,1.8221
SZ000976,2002-12-23,12.5910,12.8825,12.4999,12.5181,1370400,9540000.00,0.01087619,0.003254,1.8221
SZ000976,2002-12-24,12.5181,12.7003,12.3905,12.6821,776000,5328000.00,0.00615873,0.001843,1.8221
SZ000976,2002-12-25,12.7003,12.7367,12.4088,12.4270,597600,4113000.00,0.00474286,0.001419,1.8221
SZ000976,2002-12-26,12.3905,12.4816,11.8074,11.8257,1352900,8961000.00,0.01073730,0.003212,1.8221
SZ000976,2002-12-27,11.7528,12.0261,11.6799,11.8803,1090000,7082000.00,0.00865079,0.002588,1.8221
SZ000976,2002-12-31,11.6799,11.8986,11.2608,11.2972,1190000,7575000.00,0.00944444,0.002826,1.8221
SZ000976,2003-01-02,11.2244,11.4066,10.9875,11.0786,1105800,6774000.00,0.00877619,0.002626,1.8221
SZ000976,2003-01-03,11.0421,11.2061,10.9875,11.1150,576600,3507000.00,0.00457619,0.001369,1.8221
SZ000976,2003-01-06,11.0604,11.3519,11.0421,11.3155,595200,3671000.00,0.00472381,0.001413,1.8221
SZ000976,2003-01-07,11.3155,11.4795,11.1332,11.2244,624600,3875000.00,0.00495714,0.001483,1.8221
SZ000976,2003-01-08,11.1332,11.8621,11.1150,11.8439,2921800,18609000.00,0.02318889,0.006938,1.8221
SZ000976,2003-01-09,11.9350,12.2994,11.7528,12.2083,3388300,22468000.00,0.02689127,0.008045,1.8221
SZ000976,2003-01-10,12.2083,12.4088,11.9350,11.9350,2297200,15292000.00,0.01823175,0.005455,1.8221
SZ000976,2003-01-13,11.8439,11.9897,11.7710,11.9350,972000,6338000.00,0.00771429,0.002308,1.8221
SZ000976,2003-01-14,11.9532,12.8461,11.8621,12.4270,3445900,23451000.00,0.02734841,0.008182,1.8221
SZ000976,2003-01-15,12.3905,12.8278,12.2630,12.4634,3014800,20737000.00,0.02392698,0.007159,1.8221
SZ000976,2003-01-16,12.4634,13.2105,12.2994,13.1741,4387900,30715000.00,0.03482460,0.010419,1.8221
SZ000976,2003-01-17,13.2287,13.2834,12.8461,12.9190,3515100,25047000.00,0.02789762,0.008347,1.8221
SZ000976,2003-01-20,12.9372,12.9918,12.6639,12.9736,1947800,13730000.00,0.01545873,0.004625,1.8221
SZ000976,2003-01-21,12.9736,13.0283,12.4816,12.4999,1873400,13089000.00,0.01486825,0.004448,1.8221
SZ000976,2003-01-22,12.4634,12.6456,12.3905,12.5545,1315700,9023000.00,0.01044206,0.003124,1.8221
SZ000976,2003-01-23,12.6456,12.6639,12.2812,12.3176,1205200,8229000.00,0.00956508,0.002862,1.8221
SZ000976,2003-01-24,12.2630,12.6639,12.2265,12.6456,1308400,8974000.00,0.01038413,0.003107,1.8221
SZ000976,2003-01-27,12.6456,12.9007,12.6456,12.7732,1188800,8347000.00,0.00943492,0.002823,1.8221
SZ000976,2003-01-28,12.7732,12.7914,12.6092,12.7185,721300,5028000.00,0.00572460,0.001713,1.8221
SZ000976,2003-01-29,12.7003,13.0647,12.6639,12.9007,2188400,15552000.00,0.01736825,0.005196,1.8221
SZ000976,2003-02-10,12.9918,13.0101,12.6274,12.6821,987000,6906000.00,0.00783333,0.002344,1.8221
SZ000976,2003-02-11,12.5910,12.9372,12.5910,12.9372,616600,4322000.00,0.00489365,0.001464,1.8221
SZ000976,2003-02-12,12.9372,13.4474,12.8096,13.3016,3287200,23857000.00,0.02608889,0.007805,1.8221
SZ000976,2003-02-13,13.3380,13.3927,13.0829,13.1194,1926600,13981000.00,0.01529048,0.004575,1.8221
SZ000976,2003-02-14,13.1194,13.2287,12.9554,13.1194,1095000,7850000.00,0.00869048,0.002600,1.8221
SZ000976,2003-02-17,13.0829,13.1194,12.8825,12.9736,1292700,9220000.00,0.01025952,0.003069,1.8221
SZ000976,2003-02-18,12.9372,12.9918,12.8278,12.9554,662300,4689000.00,0.00525635,0.001573,1.8221
SZ000976,2003-02-19,12.9554,13.1194,12.7914,13.1194,946200,6735000.00,0.00750952,0.002247,1.8221
SZ000976,2003-02-20,13.1194,13.1376,12.9554,12.9736,672000,4813000.00,0.00533333,0.001596,1.8221
SZ000976,2003-02-21,12.9554,12.9554,12.5727,12.6092,1423400,9944000.00,0.01129683,0.003380,1.8221
SZ000976,2003-02-24,12.5363,12.7367,12.4452,12.5727,549500,3805000.00,0.00436111,0.001305,1.8221
SZ000976,2003-02-25,12.5545,12.9372,12.5363,12.9190,864300,6096000.00,0.00685952,0.002052,1.8221
SZ000976,2003-02-26,12.9190,13.2469,12.8461,13.1558,1783500,12806000.00,0.01415476,0.004235,1.8221
SZ000976,2003-02-27,13.1558,13.3016,12.9918,13.0283,1059500,7630000.00,0.00840873,0.002516,1.8221
SZ000976,2003-02-28,13.0829,13.0829,12.9190,13.0101,593300,4224000.00,0.00470873,0.001409,1.8221
SZ000976,2003-03-03,12.9372,13.1012,12.8825,13.0829,546600,3901000.00,0.00433810,0.001298,1.8221
SZ000976,2003-03-04,13.2105,13.2105,12.9190,12.9918,602800,4312000.00,0.00478413,0.001431,1.8221
SZ000976,2003-03-05,13.1194,13.1194,12.8278,12.9007,515200,3643000.00,0.00408889,0.001223,1.8221
SZ000976,2003-03-06,12.8643,12.9007,12.5363,12.5910,899600,6261000.00,0.00713968,0.002136,1.8221
SZ000976,2003-03-07,12.4816,12.7003,12.4816,12.5363,604900,4176000.00,0.00480079,0.001436,1.8221
SZ000976,2003-03-10,12.5363,12.6274,12.1719,12.1719,775000,5236000.00,0.00615079,0.001840,1.8221
SZ000976,2003-03-11,12.1719,12.3905,12.1172,12.2265,691100,4644000.00,0.00548492,0.001641,1.8221
SZ000976,2003-03-12,12.2265,12.2994,12.0443,12.2994,485200,3237000.00,0.00385079,0.001152,1.8221
SZ000976,2003-03-13,12.2994,12.4634,12.2448,12.3905,725000,4925000.00,0.00575397,0.001721,1.8221
SZ000976,2003-03-14,12.4816,12.6639,12.3359,12.6274,1491900,10233000.00,0.01184048,0.003542,1.8221
SZ000976,2003-03-17,12.7185,12.7185,12.3541,12.4452,1908700,13078000.00,0.01514841,0.004532,1.8221
SZ000976,2003-03-18,12.3905,12.5727,12.2083,12.2265,679300,4633000.00,0.00539127,0.001613,1.8221
SZ000976,2003-03-19,12.2083,12.4452,12.1172,12.2265,507200,3410000.00,0.00402540,0.001204,1.8221
SZ000976,2003-03-20,12.2083,12.3541,12.0990,12.1354,483200,3232000.00,0.00383492,0.001147,1.8221
SZ000976,2003-03-21,12.1537,12.3359,12.1354,12.2812,268000,1802000.00,0.00212698,0.000636,1.8221
SZ000976,2003-03-24,12.2812,12.3723,12.1901,12.3359,259800,1747000.00,0.00206190,0.000617,1.8221
SZ000976,2003-03-25,12.2083,12.3541,12.0625,12.0990,424000,2827000.00,0.00336508,0.001007,1.8221
SZ000976,2003-03-26,12.1172,12.2083,11.8621,11.8986,505700,3316000.00,0.00401349,0.001201,1.8221
SZ000976,2003-03-27,11.8986,12.4270,11.6252,12.3176,1042500,6909000.00,0.00827381,0.002475,1.8221
SZ000976,2003-03-28,12.3176,12.4088,12.1172,12.1537,757400,5099000.00,0.00601111,0.001798,1.8221
SZ000976,2003-03-31,12.1354,12.2630,12.0261,12.2448,981100,6529000.00,0.00778651,0.002330,1.8221
SZ000976,2003-04-01,12.2630,12.5363,12.1719,12.4816,1204100,8179000.00,0.00955635,0.002859,1.8221
SZ000976,2003-04-02,12.4816,12.4816,12.3176,12.3723,461400,3131000.00,0.00366190,0.001096,1.8221
SZ000976,2003-04-03,12.3176,12.3541,12.1354,12.1719,519700,3489000.00,0.00412460,0.001234,1.8221
SZ000976,2003-04-04,12.1719,12.2630,12.0990,12.1537,538200,3596000.00,0.00427143,0.001278,1.8221
SZ000976,2003-04-07,12.1537,12.2630,11.9168,11.9714,715400,4742000.00,0.00567778,0.001699,1.8221
SZ000976,2003-04-08,11.9350,11.9350,11.6617,11.8257,1354300,8758000.00,0.01074841,0.003216,1.8221
SZ000976,2003-04-09,11.8074,11.9714,11.5888,11.8803,1454400,9356000.00,0.01154286,0.003453,1.8221
SZ000976,2003-04-10,12.0261,12.1901,11.9350,12.1172,2103200,13938000.00,0.01669206,0.004994,1.8221
SZ000976,2003-04-11,12.1719,12.4816,12.0808,12.3905,2587100,17462000.00,0.02053254,0.006143,1.8221
SZ000976,2003-04-14,12.4088,12.8825,12.4088,12.8096,2996200,20844000.00,0.02377937,0.007114,1.8221
SZ000976,2003-04-15,12.8461,12.9372,12.6456,12.7732,1965600,13741000.00,0.01560000,0.004667,1.8221
SZ000976,2003-04-16,12.7914,12.9372,12.2083,12.3905,2644000,18330000.00,0.02098413,0.006278,1.8221
SZ000976,2003-04-17,12.3359,12.4816,12.1537,12.3541,1739300,11733000.00,0.01380397,0.004130,1.8221
SZ000976,2003-04-18,12.3176,12.8096,12.2630,12.5727,1783100,12324000.00,0.01415159,0.004234,1.8221
SZ000976,2003-04-21,12.6821,12.6821,12.2630,12.6092,952600,6499000.00,0.00756032,0.002262,1.8221
SZ000976,2003-04-22,12.5910,12.6821,12.3905,12.4999,631200,4327000.00,0.00500952,0.001499,1.8221
SZ000976,2003-04-23,12.4270,12.6456,12.2994,12.6092,1594600,10930000.00,0.01265556,0.003786,1.8221
SZ000976,2003-04-24,12.6821,12.9190,12.2994,12.6274,2657900,18497000.00,0.02109444,0.006311,1.8221
SZ000976,2003-04-25,12.6274,12.6456,11.8439,11.9168,1410900,9469000.00,0.01119762,0.003350,1.8221
SZ000976,2003-04-28,11.9168,12.3541,11.6070,12.2630,2109000,13724000.00,0.01673810,0.005008,1.8221
SZ000976,2003-04-29,12.3541,12.5910,12.2083,12.2448,3457200,23567000.00,0.02743810,0.008209,1.8221
SZ000976,2003-04-30,12.2630,12.4816,11.8074,11.9168,1898700,12487000.00,0.01506905,0.004508,1.8221
SZ000976,2003-05-13,11.9168,11.9714,10.7324,10.7324,3933800,23533000.00,0.03122063,0.009341,1.8221
SZ000976,2003-05-14,10.4955,10.8964,10.2404,10.8781,1795800,10530000.00,0.01425238,0.004264,1.8221
SZ000976,2003-05-15,10.8599,11.2608,10.8599,11.2608,1778600,10839000.00,0.01411587,0.004223,1.8221
SZ000976,2003-05-16,11.2790,11.3337,11.1150,11.1879,1325700,8135000.00,0.01052143,0.003148,1.8221
SZ000976,2003-05-19,11.2244,11.5523,11.2244,11.4795,1238500,7772000.00,0.00982937,0.002941,1.8221
SZ000976,2003-05-20,11.5159,11.8074,11.2972,11.6799,1493400,9464000.00,0.01185238,0.003546,1.8221
SZ000976,2003-05-21,11.8126,11.8505,11.4903,11.5282,1061300,6487000.00,0.00842302,0.002520,1.8960
SZ000976,2003-05-22,11.4903,11.5092,11.1869,11.4524,1340300,8008000.00,0.01063730,0.003183,1.8960
SZ000976,2003-05-23,11.4334,11.6230,11.2438,11.5282,1474000,8872000.00,0.01169841,0.003500,1.8960
SZ000976,2003-05-26,11.5661,11.5661,11.3765,11.4524,1214200,7319000.00,0.00963651,0.002883,1.8960
SZ000976,2003-05-27,11.4713,11.6799,11.4524,11.6609,1328100,8059000.00,0.01054048,0.003154,1.8960
SZ000976,2003-05-28,11.6609,11.8126,11.5661,11.6230,1532800,9446000.00,0.01216508,0.003640,1.8960
SZ000976,2003-05-29,11.5472,11.7178,11.3765,11.6799,1000900,6076000.00,0.00794365,0.002377,1.8960
SZ000976,2003-05-30,11.6799,12.0401,11.5282,11.9833,2896400,18106000.00,0.02298730,0.006877,1.8960
SZ000976,2003-06-02,12.1350,12.5711,12.1350,12.3625,4971500,32458000.00,0.03945635,0.011805,1.8960
SZ000976,2003-06-03,12.3625,12.3625,12.0401,12.0591,1568500,10084000.00,0.01244841,0.003724,1.8960
SZ000976,2003-06-04,12.0591,12.0970,11.8126,12.0212,1358200,8558000.00,0.01077937,0.003225,1.8960
SZ000976,2003-06-05,11.9453,12.0781,11.8126,11.8695,661300,4154000.00,0.00524841,0.001570,1.8960
SZ000976,2003-06-06,11.7557,11.7937,11.5472,11.5661,752900,4637000.00,0.00597540,0.001788,1.8960
SZ000976,2003-06-09,11.4713,11.6799,11.4713,11.4903,512100,3119000.00,0.00406429,0.001216,1.8960
SZ000976,2003-06-10,11.5661,11.6799,11.4903,11.6230,481400,2946000.00,0.00382063,0.001143,1.8960
SZ000976,2003-06-11,11.6420,11.8126,11.6040,11.7937,476400,2941000.00,0.00378095,0.001131,1.8960
SZ000976,2003-06-12,11.7937,11.8316,11.3765,11.7178,514000,3154000.00,0.00407937,0.001220,1.8960
SZ000976,2003-06-13,11.6609,11.7937,11.5661,11.7557,539300,3327000.00,0.00428016,0.001281,1.8960
SZ000976,2003-06-16,11.7557,11.7557,11.6609,11.7178,322300,1988000.00,0.00255794,0.000765,1.8960
SZ000976,2003-06-17,11.7368,11.7368,11.5851,11.6040,351800,2159000.00,0.00279206,0.000835,1.8960
SZ000976,2003-06-18,11.6040,11.7368,11.5851,11.6230,264100,1621000.00,0.00209603,0.000627,1.8960
SZ000976,2003-06-19,11.6420,11.6799,11.4144,11.4713,625800,3787000.00,0.00496667,0.001486,1.8960
SZ000976,2003-06-20,11.4144,11.5661,11.4144,11.4903,336000,2033000.00,0.00266667,0.000798,1.8960
SZ000976,2003-06-23,11.4144,11.5282,11.2248,11.2627,434200,2606000.00,0.00344603,0.001031,1.8960
SZ000976,2003-06-24,11.1869,11.3765,11.1869,11.3386,318400,1891000.00,0.00252698,0.000756,1.8960
SZ000976,2003-06-25,11.3765,11.3765,11.2059,11.2248,199800,1188000.00,0.00158571,0.000474,1.8960
SZ000976,2003-06-26,11.2248,11.2627,11.0163,11.2438,451200,2656000.00,0.00358095,0.001071,1.8960
SZ000976,2003-06-27,11.2438,11.2438,10.9973,11.0352,409400,2391000.00,0.00324921,0.000972,1.8960
SZ000976,2003-06-30,11.0352,11.0731,10.8077,10.8456,330100,1893000.00,0.00261984,0.000784,1.8960
SZ000976,2003-07-01,10.8456,10.9594,10.7318,10.7887,333600,1912000.00,0.00264762,0.000792,1.8960
SZ000976,2003-07-02,10.7698,10.9594,10.7698,10.9594,295200,1691000.00,0.00234286,0.000701,1.8960
SZ000976,2003-07-03,10.9783,10.9783,10.7887,10.8835,311800,1786000.00,0.00247460,0.000740,1.8960
SZ000976,2003-07-04,10.9783,10.9783,10.8077,10.8646,303400,1741000.00,0.00240794,0.000720,1.8960
SZ000976,2003-07-07,10.8646,10.9025,10.6939,10.7887,449100,2547000.00,0.00356429,0.001066,1.8960
SZ000976,2003-07-08,10.7887,10.9404,10.7129,10.9404,497400,2847000.00,0.00394762,0.001181,1.8960
SZ000976,2003-07-09,10.9594,10.9594,10.8077,10.8456,253800,1453000.00,0.00201429,0.000603,1.8960
SZ000976,2003-07-10,10.8266,11.0542,10.8077,11.0352,703900,4063000.00,0.00558651,0.001671,1.8960
SZ000976,2003-07-11,11.0352,11.0542,10.9025,10.9783,460500,2665000.00,0.00365476,0.001093,1.8960
SZ000976,2003-07-14,10.9973,10.9973,10.8266,10.9025,284100,1631000.00,0.00225476,0.000675,1.8960
SZ000976,2003-07-15,10.8646,11.1300,10.8646,11.1300,805000,4675000.00,0.00638889,0.001911,1.8960
SZ000976,2003-07-16,11.1300,11.2248,10.9973,11.1869,503900,2955000.00,0.00399921,0.001197,1.8960
SZ000976,2003-07-17,11.1869,11.2059,10.9973,11.0921,725000,4236000.00,0.00575397,0.001721,1.8960
SZ000976,2003-07-18,11.1869,11.2627,11.0163,11.1679,1623100,9537000.00,0.01288175,0.003854,1.8960
SZ000976,2003-07-21,11.0921,11.0921,10.6370,10.8077,1269400,7233000.00,0.01007460,0.003014,1.8960
SZ000976,2003-07-22,10.8077,10.9594,10.6750,10.7887,482600,2742000.00,0.00383016,0.001146,1.8960
SZ000976,2003-07-23,10.7887,10.8077,10.6370,10.7129,530000,2991000.00,0.00420635,0.001258,1.8960
SZ000976,2003-07-24,10.7129,10.8456,10.6370,10.6750,302900,1713000.00,0.00240397,0.000719,1.8960
SZ000976,2003-07-25,10.6750,10.7318,10.2389,10.2768,782400,4327000.00,0.00620952,0.001858,1.8960
SZ000976,2003-07-28,10.2389,10.3337,10.1251,10.3337,471100,2540000.00,0.00373889,0.001119,1.8960
SZ000976,2003-07-29,10.3526,10.3905,10.2389,10.3526,283600,1544000.00,0.00225079,0.000673,1.8960
SZ000976,2003-07-30,10.3337,10.3526,10.0303,10.1251,449700,2409000.00,0.00356905,0.001068,1.8960
SZ000976,2003-07-31,10.1630,10.2389,10.0492,10.1441,295800,1579000.00,0.00234762,0.000702,1.8960
SZ000976,2003-08-01,10.0682,10.2199,9.9734,10.2199,371300,1969000.00,0.00294683,0.000882,1.8960
SZ000976,2003-08-04,10.1441,10.3526,10.0682,10.3337,502500,2716000.00,0.00398810,0.001193,1.8960
SZ000976,2003-08-05,10.4285,10.4285,10.2389,10.2957,384900,2097000.00,0.00305476,0.000914,1.8960
SZ000976,2003-08-06,10.2957,10.4853,10.2768,10.3905,566400,3103000.00,0.00449524,0.001345,1.8960
SZ000976,2003-08-07,10.4853,10.5802,10.3337,10.4664,486200,2690000.00,0.00385873,0.001154,1.8960
SZ000976,2003-08-08,10.4474,10.4664,10.1820,10.2009,342000,1854000.00,0.00271429,0.000812,1.8960
SZ000976,2003-08-11,10.1251,10.2957,10.1061,10.2199,185300,996000.00,0.00147063,0.000440,1.8960
SZ000976,2003-08-12,10.1630,10.3716,10.1630,10.2957,264400,1429000.00,0.00209841,0.000628,1.8960
SZ000976,2003-08-13,10.2578,10.2957,10.1630,10.2009,145200,781000.00,0.00115238,0.000345,1.8960
SZ000976,2003-08-14,10.1441,10.2768,10.0872,10.1251,222300,1192000.00,0.00176429,0.000528,1.8960
SZ000976,2003-08-15,10.0492,10.1630,10.0492,10.1441,216400,1152000.00,0.00171746,0.000514,1.8960
SZ000976,2003-08-18,10.0872,10.1630,10.0492,10.1061,142600,759000.00,0.00113175,0.000339,1.8960
SZ000976,2003-08-19,10.0682,10.3337,10.0682,10.1820,196200,1060000.00,0.00155714,0.000466,1.8960
SZ000976,2003-08-20,10.2009,10.5043,10.2009,10.4474,1317700,7221000.00,0.01045794,0.003129,1.8960
SZ000976,2003-08-21,10.4474,10.5422,10.2957,10.3526,412500,2257000.00,0.00327381,0.000979,1.8960
SZ000976,2003-08-22,10.2957,10.4285,10.2389,10.3337,196300,1066000.00,0.00155794,0.000466,1.8960
SZ000976,2003-08-25,10.1251,10.2389,10.0682,10.1061,255900,1368000.00,0.00203095,0.000608,1.8960
SZ000976,2003-08-26,10.0872,10.1441,9.8217,9.8596,610100,3205000.00,0.00484206,0.001449,1.8960
SZ000976,2003-08-27,9.9165,10.0303,9.8217,9.9734,339700,1775000.00,0.00269603,0.000807,1.8960
SZ000976,2003-08-28,10.0872,10.0872,9.8976,9.9165,327800,1726000.00,0.00260159,0.000778,1.8960
SZ000976,2003-08-29,9.8596,9.9544,9.8217,9.9544,262600,1366000.00,0.00208413,0.000624,1.8960
SZ000976,2003-09-01,9.9734,10.2389,9.8786,10.2199,448000,2388000.00,0.00355556,0.001064,1.8960
SZ000976,2003-09-02,10.3147,10.5802,10.3147,10.3716,2023400,11109000.00,0.01605873,0.004805,1.8960
SZ000976,2003-09-03,10.3526,10.5422,10.1820,10.4285,830200,4542000.00,0.00658889,0.001971,1.8960
SZ000976,2003-09-04,10.3337,10.4285,10.2199,10.2957,347800,1888000.00,0.00276032,0.000826,1.8960
SZ000976,2003-09-05,10.2389,10.2389,9.9924,10.0492,375900,1999000.00,0.00298333,0.000893,1.8960
SZ000976,2003-09-08,10.0492,10.0492,9.8596,9.9544,356800,1867000.00,0.00283175,0.000847,1.8960
SZ000976,2003-09-09,9.9544,10.0492,9.8596,10.0492,227900,1198000.00,0.00180873,0.000541,1.8960
SZ000976,2003-09-10,9.9544,10.0492,9.9355,9.9544,118600,624000.00,0.00094127,0.000282,1.8960
SZ000976,2003-09-11,9.9355,10.0492,9.9355,9.9924,123300,649000.00,0.00097857,0.000293,1.8960
SZ000976,2003-09-12,9.9734,9.9734,9.8596,9.8596,309600,1613000.00,0.00245714,0.000735,1.8960
SZ000976,2003-09-15,9.8596,9.8596,9.5942,9.6131,367900,1884000.00,0.00291984,0.000874,1.8960
SZ000976,2003-09-16,9.6511,9.7459,9.5563,9.7080,288300,1463000.00,0.00228810,0.000685,1.8960
SZ000976,2003-09-17,9.6700,9.6700,9.3098,9.3667,916800,4567000.00,0.00727619,0.002177,1.8960
SZ000976,2003-09-18,9.4425,9.4425,9.2529,9.2908,348600,1714000.00,0.00276667,0.000828,1.8960
SZ000976,2003-09-19,9.3667,9.3856,9.1391,9.3667,395800,1928000.00,0.00314127,0.000940,1.8960
SZ000976,2003-09-22,9.3477,9.4235,9.2529,9.3856,218800,1074000.00,0.00173651,0.000520,1.8960
SZ000976,2003-09-23,9.3287,9.4615,9.2529,9.4425,162300,804000.00,0.00128810,0.000385,1.8960
SZ000976,2003-09-24,9.4425,9.5942,9.4046,9.5563,329300,1649000.00,0.00261349,0.000782,1.8960
SZ000976,2003-09-25,9.5373,9.5373,9.2908,9.3477,172000,851000.00,0.00136508,0.000408,1.8960
SZ000976,2003-09-26,9.2908,9.3477,9.1960,9.2908,138000,675000.00,0.00109524,0.000328,1.8960
SZ000976,2003-09-29,9.2529,9.2908,9.0633,9.0633,264800,1277000.00,0.00210159,0.000629,1.8960
SZ000976,2003-09-30,9.0822,9.2718,9.0064,9.1960,224100,1080000.00,0.00177857,0.000532,1.8960
SZ000976,2003-10-08,9.0822,9.2908,9.0822,9.2150,164400,797000.00,0.00130476,0.000390,1.8960
SZ000976,2003-10-09,9.2339,9.2908,9.2150,9.2529,159300,777000.00,0.00126429,0.000378,1.8960
SZ000976,2003-10-10,9.2150,9.5183,9.2150,9.4804,403300,2001000.00,0.00320079,0.000958,1.8960
SZ000976,2003-10-13,9.4994,9.6131,9.3287,9.3287,325100,1619000.00,0.00258016,0.000772,1.8960
SZ000976,2003-10-14,9.3287,9.4046,9.1581,9.1960,361600,1765000.00,0.00286984,0.000859,1.8960
SZ000976,2003-10-15,9.2150,9.4615,9.2150,9.2150,194400,957000.00,0.00154286,0.000462,1.8960
SZ000976,2003-10-16,9.2150,9.2529,9.0822,9.1012,209400,1007000.00,0.00166190,0.000497,1.8960
SZ000976,2003-10-17,9.1391,9.1770,9.1012,9.1202,173300,835000.00,0.00137540,0.000412,1.8960
SZ000976,2003-10-20,9.1012,9.1391,9.0443,9.0822,224000,1074000.00,0.00177778,0.000532,1.8960
SZ000976,2003-10-21,9.1012,9.2339,9.0822,9.2150,341300,1646000.00,0.00270873,0.000810,1.8960
SZ000976,2003-10-22,9.2150,9.4425,9.1391,9.4235,608800,2996000.00,0.00483175,0.001446,1.8960
SZ000976,2003-10-23,9.1960,9.4235,9.0822,9.2908,987600,4839000.00,0.00783810,0.002345,1.8960
SZ000976,2003-10-24,9.1960,9.2529,8.6651,8.6841,1972100,9231000.00,0.01565159,0.004683,1.8960
SZ000976,2003-10-27,8.3617,8.6461,8.3617,8.4376,3202100,14321000.00,0.01748108,0.007603,1.8960
SZ000976,2003-10-28,8.5324,9.2908,8.5324,9.2908,8002100,38360000.00,0.04368550,0.019001,1.8960
SZ000976,2003-10-29,9.2908,9.4046,8.8737,9.0633,6250900,30025000.00,0.03412525,0.014843,1.8960
SZ000976,2003-10-30,9.1770,9.1770,8.7599,8.9874,2142700,10082000.00,0.01169754,0.005088,1.8960
SZ000976,2003-10-31,8.9874,9.7269,8.9116,9.4046,6732900,33538000.00,0.03675661,0.015987,1.8960
SZ000976,2003-11-03,9.3856,9.5942,9.3098,9.5563,2904200,14513000.00,0.01585477,0.006896,1.8960
SZ000976,2003-11-04,9.5563,9.8217,9.4425,9.6131,5436000,27717000.00,0.02967651,0.012908,1.8960
SZ000976,2003-11-05,9.7080,10.0682,9.6131,9.7269,5070900,26316000.00,0.02768333,0.012041,1.8960
SZ000976,2003-11-06,9.7080,9.7080,9.3856,9.5183,2919800,14652000.00,0.01593993,0.006933,1.8960
SZ000976,2003-11-07,9.4046,9.7648,9.4046,9.5752,2362100,11941000.00,0.01289530,0.005609,1.8960
SZ000976,2003-11-10,9.5752,9.6321,9.3098,9.5373,1859100,9250000.00,0.01014930,0.004414,1.8960
SZ000976,2003-11-11,9.5942,9.9544,9.5563,9.8596,5248200,27035000.00,0.02865126,0.012462,1.8960
SZ000976,2003-11-12,9.8596,9.8976,9.5563,9.5752,3130400,16015000.00,0.01708965,0.007433,1.8960
SZ000976,2003-11-13,9.5373,9.6700,9.4425,9.6131,1276200,6439000.00,0.00696710,0.003030,1.8960
SZ000976,2003-11-14,9.6321,9.7648,9.5563,9.6131,1665900,8487000.00,0.00909457,0.003956,1.8960
SZ000976,2003-11-17,9.6511,9.8596,9.4235,9.8407,3517200,18033000.00,0.01920129,0.008352,1.8960
SZ000976,2003-11-18,9.8407,9.8596,9.5752,9.6321,2469900,12691000.00,0.01348381,0.005865,1.8960
SZ000976,2003-11-19,9.6131,10.0113,9.5183,9.8596,5203400,27067000.00,0.02840668,0.012355,1.8960
SZ000976,2003-11-20,9.8407,10.3337,9.7648,10.2009,10537400,56054000.00,0.05752635,0.025021,1.8960
SZ000976,2003-11-21,10.2009,10.2768,9.7648,9.8028,6154000,32382000.00,0.03359625,0.014613,1.8960
SZ000976,2003-11-24,9.7838,10.0113,9.7080,9.9924,4756600,24713000.00,0.02596749,0.011294,1.8960
SZ000976,2003-11-25,10.0492,10.3337,9.7838,9.9924,8473000,44871000.00,0.04625626,0.020119,1.8960
SZ000976,2003-11-26,9.9734,10.4285,9.8786,10.4285,9698900,52474000.00,0.05294876,0.023030,1.8960
SZ000976,2003-11-27,10.5233,10.5802,10.0492,10.0872,5707200,30786000.00,0.03115706,0.013552,1.8960
SZ000976,2003-11-28,10.0872,10.5802,10.0113,10.3147,9950800,54575000.00,0.05432395,0.023628,1.8960
SZ000976,2003-12-01,10.3337,10.5233,10.2957,10.4853,5322900,29233000.00,0.02905906,0.012639,1.8960
SZ000976,2003-12-02,10.4664,10.5612,10.2389,10.4095,5770600,31629000.00,0.03150317,0.013702,1.8960
SZ000976,2003-12-03,10.3716,10.4664,10.2389,10.2957,4260300,23215000.00,0.02325806,0.010116,1.8960
SZ000976,2003-12-04,10.2389,10.3147,10.0113,10.1441,5715800,30564000.00,0.03120401,0.013572,1.8960
SZ000976,2003-12-05,10.1441,10.3716,10.0682,10.2578,2515400,13597000.00,0.01373221,0.005973,1.8960
SZ000976,2003-12-08,10.2768,10.3716,9.9734,9.9924,2821400,14988000.00,0.01540274,0.006699,1.8960
SZ000976,2003-12-09,9.9734,10.0682,9.8407,9.9734,2264700,11852000.00,0.01236357,0.005377,1.8960
SZ000976,2003-12-10,10.0113,10.1820,9.9355,10.1441,2575600,13689000.00,0.01406086,0.006116,1.8960
SZ000976,2003-12-11,10.1441,10.2009,9.8786,10.0113,2923500,15416000.00,0.01596013,0.006942,1.8960
SZ000976,2003-12-12,9.9544,10.2389,9.7269,10.2389,5742300,30204000.00,0.03134868,0.013635,1.8960
SZ000976,2003-12-15,10.2768,10.4474,10.1061,10.4285,5317800,28919000.00,0.02903122,0.012627,1.8960
SZ000976,2003-12-16,10.5233,10.5422,10.1061,10.4474,8275900,45237000.00,0.04518024,0.019651,1.8960
SZ000976,2003-12-17,10.3905,10.4853,10.1441,10.1630,3462900,18874000.00,0.01890485,0.008223,1.8960
SZ000976,2003-12-18,10.0872,10.1441,9.8786,9.8976,3933300,20702000.00,0.02147288,0.009340,1.8960
SZ000976,2003-12-19,9.8596,9.9924,9.1012,9.4425,5874000,29570000.00,0.03206766,0.013948,1.8960
SZ000976,2003-12-22,9.2908,9.5752,9.0633,9.5373,4643200,22724000.00,0.02534841,0.011025,1.8960
SZ000976,2003-12-23,9.5373,9.8596,9.3856,9.5183,3741500,18952000.00,0.02042580,0.008884,1.8960
SZ000976,2003-12-24,9.4804,9.6321,9.2908,9.3098,3380700,16741000.00,0.01845610,0.008027,1.8960
SZ000976,2003-12-25,9.3287,9.4235,9.1960,9.3098,2831300,13883000.00,0.01545679,0.006723,1.8960
SZ000976,2003-12-26,9.3287,9.5373,9.2908,9.4046,1999800,9969000.00,0.01091742,0.004748,1.8960
SZ000976,2003-12-29,9.4046,9.4046,9.1960,9.2339,1564100,7646000.00,0.00853882,0.003714,1.8960
SZ000976,2003-12-30,9.2339,9.3287,9.1202,9.2150,1576400,7625000.00,0.00860597,0.003743,1.8960
SZ000976,2003-12-31,9.2150,9.2718,8.8926,8.9306,2324100,11035000.00,0.01268785,0.005519,1.8960
SZ000976,2004-01-02,8.9116,9.0633,8.9116,9.0443,1124500,5325000.00,0.00613893,0.002670,1.8960
SZ000976,2004-01-05,9.0443,9.2529,8.5703,9.1581,5395000,25089000.00,0.02945268,0.012810,1.8960
SZ000976,2004-01-06,9.1202,9.1202,8.8168,8.8547,2861800,13450000.00,0.01562329,0.006795,1.8960
SZ000976,2004-01-07,8.8547,9.1960,8.7599,9.0633,4325200,20392000.00,0.02361237,0.010270,1.8960
SZ000976,2004-01-08,9.0633,9.2908,8.9495,9.2150,2735800,13201000.00,0.01493543,0.006496,1.8960
SZ000976,2004-01-09,9.3287,9.4425,9.1202,9.2150,3667700,17951000.00,0.02002291,0.008709,1.8960
SZ000976,2004-01-12,9.2529,9.5752,9.2529,9.4804,3846600,19191000.00,0.02099957,0.009134,1.8960
SZ000976,2004-01-13,9.5752,9.5752,9.3856,9.4235,3097300,15442000.00,0.01690895,0.007354,1.8960
SZ000976,2004-01-14,9.4425,9.4425,9.2339,9.2718,2248600,11052000.00,0.01227568,0.005339,1.8960
SZ000976,2004-01-15,9.2908,9.4046,9.2150,9.2718,1778300,8700000.00,0.00970819,0.004223,1.8960
SZ000976,2004-01-16,9.2908,9.3856,9.2339,9.3287,2194000,10771000.00,0.01197760,0.005210,1.8960
SZ000976,2004-01-29,9.3856,9.6890,9.3667,9.6511,2364900,11896000.00,0.01291059,0.005615,1.8960
SZ000976,2004-01-30,9.6700,9.8596,9.5563,9.5752,3425800,17541000.00,0.01870231,0.008134,1.8960
SZ000976,2004-02-02,9.6321,9.9924,9.6321,9.9165,5260200,27383000.00,0.02871677,0.012490,1.8960
SZ000976,2004-02-03,9.9544,10.0303,9.8217,10.0303,3612900,18947000.00,0.01972374,0.008579,1.8960
SZ000976,2004-02-04,10.1441,10.3905,10.0303,10.3905,6829100,36827000.00,0.03728179,0.016216,1.8960
SZ000976,2004-02-05,10.5233,11.1111,10.4853,10.7129,14905600,84929000.00,0.08137346,0.035393,1.8960
SZ000976,2004-02-06,10.6939,10.7318,10.3905,10.3905,7462400,41312000.00,0.04073914,0.017719,1.8960
SZ000976,2004-02-09,10.3337,10.6181,10.2768,10.4853,5287000,29138000.00,0.02886308,0.012554,1.8960
SZ000976,2004-02-10,10.5802,10.9025,10.4095,10.7318,7422000,41685000.00,0.04051859,0.017623,1.8960
SZ000976,2004-02-11,10.8077,10.8646,10.5612,10.7129,4381300,24630000.00,0.02391863,0.010403,1.8960
SZ000976,2004-02-12,10.7698,10.9973,10.6181,10.9025,7183900,41152000.00,0.03921874,0.017058,1.8960
SZ000976,2004-02-13,10.9594,10.9973,10.5612,10.5802,5299400,29889000.00,0.02893077,0.012583,1.8960
SZ000976,2004-02-16,10.6750,11.3765,10.6560,11.3196,13795500,81194000.00,0.07531314,0.032757,1.8960
SZ000976,2004-02-17,11.3765,11.7368,11.3007,11.3196,12985900,78929000.00,0.07089333,0.030835,1.8960
SZ000976,2004-02-18,11.7557,12.4573,11.7368,12.4573,35239000,230476992.00,0.19237866,0.083674,1.8960
SZ000976,2004-02-19,12.3056,12.6848,12.1350,12.3814,13554200,88543000.00,0.07399582,0.032184,1.8960
SZ000976,2004-02-20,12.4004,13.0072,12.2108,12.8934,14547200,97349000.00,0.07941686,0.034542,1.8960
SZ000976,2004-02-23,12.8934,13.1778,12.5142,12.5521,10511200,71427000.00,0.05738331,0.024959,1.8960
SZ000976,2004-02-24,12.4762,12.5711,12.0401,12.1918,7208800,46541000.00,0.03935467,0.017117,1.8960
SZ000976,2004-02-25,12.1918,12.6279,12.1160,12.1350,6186900,40280000.00,0.03377586,0.014691,1.8960
SZ000976,2004-02-26,12.0970,12.1160,11.4144,11.5472,7472200,45928000.00,0.04079264,0.017743,1.8960
SZ000976,2004-02-27,11.5472,11.9074,11.5282,11.8505,4138100,25552000.00,0.02259094,0.009826,1.8960
SZ000976,2004-03-01,11.8505,12.0212,11.5282,11.9453,4301400,26720000.00,0.02348244,0.010214,1.8960
SZ000976,2004-03-02,12.0401,12.1160,11.7178,11.9453,3777300,23682000.00,0.02062124,0.008969,1.8960
SZ000976,2004-03-03,11.8695,12.0401,11.5661,11.6040,3336300,20751000.00,0.01821371,0.007922,1.8960
SZ000976,2004-03-04,11.5661,12.2866,11.4903,12.2487,8669100,55135000.00,0.04732682,0.020585,1.8960
SZ000976,2004-03-05,12.2866,12.4383,11.9264,11.9453,4006700,25744000.00,0.02187359,0.009514,1.8960
SZ000976,2004-03-08,11.9453,12.2108,11.5661,11.5661,2879300,17953000.00,0.01571883,0.006837,1.8960
SZ000976,2004-03-09,11.5661,11.7557,11.3765,11.4334,2504200,15285000.00,0.01367106,0.005946,1.8960
SZ000976,2004-03-10,11.4524,11.6988,11.4144,11.6988,2250100,13703000.00,0.01228387,0.005343,1.8960
SZ000976,2004-03-11,11.7557,11.8505,11.5661,11.7557,2109700,13029000.00,0.01151739,0.005009,1.8960
SZ000976,2004-03-12,11.7937,11.7937,11.5661,11.6609,1743600,10695000.00,0.00951876,0.004140,1.8960
SZ000976,2004-03-15,11.6609,12.0970,11.6609,11.9833,3045500,19211000.00,0.01662616,0.007231,1.8960
SZ000976,2004-03-16,12.0022,12.1350,11.7747,12.0781,3214100,20246000.00,0.01754659,0.007632,1.8960
SZ000976,2004-03-17,12.0781,12.0970,11.8126,11.9074,2063800,12967000.00,0.01126681,0.004900,1.8960
SZ000976,2004-03-18,11.9074,12.0022,11.5282,11.5661,2667700,16515000.00,0.01456365,0.006334,1.8960
SZ000976,2004-03-19,11.5661,11.8505,11.5282,11.7937,1908800,11771000.00,0.01042062,0.004532,1.8960
SZ000976,2004-03-22,11.7937,11.8695,11.5851,11.7368,1743700,10778000.00,0.00951930,0.004140,1.8960
SZ000976,2004-03-23,11.7557,12.0401,11.6230,11.9643,2381500,14895000.00,0.01300121,0.005655,1.8960
SZ000976,2004-03-24,11.9643,12.0970,11.7747,11.9074,2452700,15495000.00,0.01338991,0.005824,1.8960
SZ000976,2004-03-25,11.8505,12.0022,11.7557,11.9264,1640000,10280000.00,0.00895318,0.003894,1.8960
SZ000976,2004-03-26,11.9453,12.0212,11.6988,11.7368,2147400,13370000.00,0.01172320,0.005099,1.8960
SZ000976,2004-03-29,11.7368,11.7368,11.5282,11.5851,2315000,14158000.00,0.01263817,0.005497,1.8960
SZ000976,2004-03-30,11.5851,11.7368,11.4903,11.7368,1527200,9369000.00,0.00833737,0.003626,1.8960
SZ000976,2004-03-31,11.7368,11.9453,11.6988,11.9074,2268900,14217000.00,0.01238650,0.005387,1.8960
SZ000976,2004-04-01,12.0022,12.1918,11.8505,12.1729,4757900,30225000.00,0.02597459,0.011298,1.8960
SZ000976,2004-04-02,12.2866,12.4952,12.1539,12.3246,8057300,52360000.00,0.04398685,0.019132,1.8960
SZ000976,2004-04-05,12.4762,12.4952,12.1160,12.3056,3315400,21450000.00,0.01809961,0.007872,1.8960
SZ000976,2004-04-06,12.3246,12.3814,12.0212,12.2866,2607500,16748000.00,0.01423501,0.006191,1.8960
SZ000976,2004-04-07,12.2866,12.4004,12.1160,12.2866,3560000,23024000.00,0.01943495,0.008453,1.8960
SZ000976,2004-04-08,12.2298,12.2298,11.7557,11.8505,4573800,28797000.00,0.02496954,0.010860,1.8960
SZ000976,2004-04-09,11.8126,11.9264,11.4903,11.5282,4423500,27172000.00,0.02414901,0.010503,1.8960
SZ000976,2004-04-12,11.4334,11.7937,11.4334,11.6609,2265400,13890000.00,0.01236739,0.005379,1.8960
SZ000976,2004-04-13,11.6230,11.7368,11.5092,11.5851,2064300,12622000.00,0.01126954,0.004902,1.8960
SZ000976,2004-04-14,11.2817,11.2817,10.4474,10.5991,7415000,41940000.00,0.04048037,0.017607,1.8960
SZ000976,2004-04-15,10.5991,10.7508,10.5043,10.5422,2666500,14966000.00,0.01455710,0.006332,1.8960
SZ000976,2004-04-16,10.5612,10.5802,10.0682,10.4664,4640200,25343000.00,0.02533203,0.011018,1.8960
SZ000976,2004-04-19,10.4664,10.4664,10.2009,10.3337,2053000,11206000.00,0.01120785,0.004875,1.8960
SZ000976,2004-04-20,10.2389,10.5991,10.2199,10.5612,1406400,7677000.00,0.00767790,0.003339,1.8960
SZ000976,2004-04-21,10.5043,10.6370,10.3716,10.5991,1504700,8342000.00,0.00821454,0.003573,1.8960
SZ000976,2004-04-22,10.6181,10.6750,10.4853,10.5802,1247900,6941000.00,0.00681260,0.002963,1.8960
SZ000976,2004-04-23,10.6370,10.6939,10.4474,10.6750,1946800,10828000.00,0.01062808,0.004623,1.8960
SZ000976,2004-04-26,10.6560,10.6560,10.2199,10.4285,2620100,14386000.00,0.01430379,0.006221,1.8960
SZ000976,2004-04-27,10.4095,10.4095,10.1251,10.1441,1642800,8874000.00,0.00896846,0.003901,1.8960
SZ000976,2004-04-28,10.0872,10.3526,10.0303,10.3147,1466500,7906000.00,0.00800600,0.003482,1.8960
SZ000976,2004-04-29,10.2578,10.3526,10.1441,10.1441,781500,4208000.00,0.00426641,0.001856,1.8960
SZ000976,2004-04-30,10.2389,10.3526,10.0492,10.2389,995100,5342000.00,0.00543250,0.002363,1.8960
SZ000976,2004-05-10,10.2009,10.3337,10.0113,10.1820,884200,4730000.00,0.00482707,0.002100,1.8960
SZ000976,2004-05-12,10.1820,10.4664,10.1820,10.4474,1773800,9691000.00,0.00968363,0.004212,1.8960
SZ000976,2004-05-13,10.4095,10.4095,10.2199,10.3905,1124900,6121000.00,0.00614112,0.002671,1.8960
SZ000976,2004-05-14,10.4664,10.5233,10.2768,10.4853,4457000,24531000.00,0.02433190,0.010583,1.8960
SZ000976,2004-05-17,10.4853,10.5043,10.2009,10.2957,4442200,24259000.00,0.02425110,0.010548,1.8960
SZ000976,2004-05-18,10.2389,10.4853,10.1441,10.4285,2215400,12052000.00,0.01209443,0.005260,1.8960
SZ000976,2004-05-19,10.4285,10.5233,9.4804,10.4095,5009300,27259000.00,0.02734704,0.011894,1.8960
SZ000976,2004-05-20,10.2957,10.3337,9.8028,10.1820,3808000,20231000.00,0.02078884,0.009042,1.8960
SZ000976,2004-05-21,10.1441,10.3905,9.8786,10.3337,6492800,35005000.00,0.03544585,0.015417,1.8960
SZ000976,2004-05-24,10.3337,10.4664,10.2009,10.2957,2506600,13681000.00,0.01368417,0.005952,1.8960
SZ000976,2004-05-25,10.3337,10.3337,9.7269,9.8407,1561200,8155000.00,0.00852299,0.003707,1.8960
SZ000976,2004-05-26,9.8407,9.8976,9.5373,9.8407,1509700,7691000.00,0.00824184,0.003585,1.8960
SZ000976,2004-05-27,9.8028,10.4095,9.7648,10.3337,5036500,26738000.00,0.02749553,0.011959,1.8960
SZ000976,2004-05-28,10.3147,10.3147,9.9924,10.1061,2239700,11889000.00,0.01222709,0.005318,1.8960
SZ000976,2004-05-31,10.0113,10.0492,9.8407,9.9165,890700,4646000.00,0.00486256,0.002115,1.8960
SZ000976,2004-06-01,9.8786,10.0682,9.8786,10.0303,1588600,8334000.00,0.00867257,0.003772,1.8960
SZ000976,2004-06-02,10.2389,10.2389,9.8028,9.8217,1750900,9145000.00,0.00955861,0.004157,1.8960
SZ000976,2004-06-03,9.8596,9.9544,9.6700,9.7269,1341400,6895000.00,0.00732304,0.003185,1.8960
SZ000976,2004-06-04,9.7269,9.7269,9.5752,9.6131,1484900,7533000.00,0.00810645,0.003526,1.8960
SZ000976,2004-06-07,9.5183,9.6131,9.2908,9.2908,1442700,7125000.00,0.00787607,0.003426,1.8960
SZ000976,2004-06-08,9.2718,9.2908,9.1012,9.1012,882600,4266000.00,0.00481834,0.002096,1.8960
SZ000976,2004-06-09,9.0822,9.2339,8.9685,8.9874,1342300,6432000.00,0.00732796,0.003187,1.8960
SZ000976,2004-06-10,9.0633,9.0822,8.7220,8.8357,2093000,9732000.00,0.01142622,0.004970,1.8960
SZ000976,2004-06-11,8.7978,9.0633,8.7978,8.8547,776200,3658000.00,0.00423747,0.001843,1.8960
SZ000976,2004-06-14,8.9116,8.9116,8.5324,8.5513,1027400,4665000.00,0.00560884,0.002440,1.8960
SZ000976,2004-06-15,8.5324,9.0443,8.5134,8.9116,1176500,5392000.00,0.00642281,0.002794,1.8960
SZ000976,2004-06-16,8.7599,9.0064,8.6841,8.8737,852500,3983000.00,0.00465401,0.002024,1.8960
SZ000976,2004-06-17,8.6841,8.8737,8.6082,8.6272,853200,3899000.00,0.00465784,0.002026,1.8960
SZ000976,2004-06-18,8.6272,8.7409,8.5703,8.6272,754500,3440000.00,0.00411901,0.001792,1.8960
SZ000976,2004-06-21,8.6082,8.8168,8.6082,8.7978,443600,2038000.00,0.00242173,0.001053,1.8960
SZ000976,2004-06-22,8.8168,9.1012,8.7220,8.9495,2061200,9693000.00,0.01125261,0.004894,1.8960
SZ000976,2004-06-23,8.9685,8.9874,8.7220,8.7789,1331600,6186000.00,0.00726954,0.003162,1.8960
SZ000976,2004-06-24,8.7599,8.8737,8.5703,8.6082,1452700,6649000.00,0.00793066,0.003449,1.8960
SZ000976,2004-06-25,8.5324,8.6651,8.4376,8.4565,804900,3606000.00,0.00439415,0.001911,1.8960
SZ000976,2004-06-28,8.3428,8.4376,8.2859,8.3238,689000,3024000.00,0.00376143,0.001636,1.8960
SZ000976,2004-06-29,8.2859,8.3996,8.1152,8.3617,721000,3143000.00,0.00393612,0.001712,1.8960
SZ000976,2004-06-30,8.4376,8.4376,8.2100,8.2100,416200,1820000.00,0.00227214,0.000988,1.8960
SZ000976,2004-07-01,8.2100,8.5134,8.1532,8.4376,762000,3367000.00,0.00415995,0.001809,1.8960
SZ000976,2004-07-02,8.4376,8.4945,8.3238,8.3807,675800,2994000.00,0.00368936,0.001605,1.8960
SZ000976,2004-07-05,8.3617,8.6272,8.3428,8.6082,894100,4009000.00,0.00488112,0.002123,1.8960
SZ000976,2004-07-06,8.6082,8.7030,8.5324,8.5893,769300,3494000.00,0.00419980,0.001827,1.8960
SZ000976,2004-07-07,8.5893,8.5893,8.4376,8.4755,401400,1795000.00,0.00219134,0.000953,1.8960
SZ000976,2004-07-08,8.5337,8.7276,8.4755,8.5725,650800,2892000.00,0.00355288,0.001545,1.9394
SZ000976,2004-07-09,8.5725,8.6306,8.4367,8.4755,317400,1395000.00,0.00173277,0.000754,1.9394
SZ000976,2004-07-12,8.4755,8.4755,8.1070,8.1264,716600,3038000.00,0.00391210,0.001702,1.9394
SZ000976,2004-07-13,8.1264,8.2427,8.0682,8.1264,271400,1140000.00,0.00148164,0.000644,1.9394
SZ000976,2004-07-14,8.1070,8.1846,7.7385,7.8936,1085400,4418000.00,0.00592547,0.002577,1.9394
SZ000976,2004-07-15,7.8936,8.0488,7.8355,7.9130,519800,2123000.00,0.00283772,0.001234,1.9394
SZ000976,2004-07-16,7.9324,8.1846,7.9324,8.1458,1075600,4493000.00,0.00587197,0.002554,1.9394
SZ000976,2004-07-19,8.1846,8.2040,8.0682,8.1458,631700,2650000.00,0.00344861,0.001500,1.9394
SZ000976,2004-07-20,8.0876,8.1264,7.9712,7.9906,658200,2726000.00,0.00359328,0.001563,1.9394
SZ000976,2004-07-21,7.9906,8.0682,7.9518,8.0488,578100,2389000.00,0.00315599,0.001373,1.9394
SZ000976,2004-07-22,8.1264,8.1264,7.7773,7.8161,907200,3708000.00,0.00495264,0.002154,1.9394
SZ000976,2004-07-23,7.8161,7.8549,7.6997,7.8355,669900,2687000.00,0.00365715,0.001591,1.9394
SZ000976,2004-07-26,7.7579,7.8161,7.5251,7.5833,917000,3616000.00,0.00500614,0.002177,1.9394
SZ000976,2004-07-27,7.5833,7.7579,7.5833,7.6609,582400,2308000.00,0.00317947,0.001383,1.9394
SZ000976,2004-07-28,7.6997,7.8549,7.6803,7.7385,586300,2344000.00,0.00320076,0.001392,1.9394
SZ000976,2004-07-29,7.7579,7.8355,7.6997,7.8161,694800,2781000.00,0.00379309,0.001650,1.9394
SZ000976,2004-07-30,7.8161,7.8161,7.6803,7.6997,447800,1788000.00,0.00244465,0.001063,1.9394
SZ000976,2004-08-03,7.6609,7.6997,7.5833,7.6415,583800,2295000.00,0.00318711,0.001386,1.9394
SZ000976,2004-08-04,7.6221,7.9130,7.6027,7.8742,993700,4010000.00,0.00542486,0.002360,1.9394
SZ000976,2004-08-05,7.8742,7.8936,7.7579,7.7579,629200,2534000.00,0.00343496,0.001494,1.9394
SZ000976,2004-08-06,7.7579,7.8355,7.6803,7.7579,401700,1604000.00,0.00219298,0.000954,1.9394
SZ000976,2004-08-09,7.7579,7.7579,7.6609,7.7191,284400,1129000.00,0.00155261,0.000675,1.9394
SZ000976,2004-08-10,7.6609,7.8355,7.6609,7.7967,270300,1082000.00,0.00147564,0.000642,1.9394
SZ000976,2004-08-11,7.7967,7.7967,7.6803,7.6997,348100,1388000.00,0.00190037,0.000827,1.9394
SZ000976,2004-08-12,7.6997,7.6997,7.4670,7.4670,562700,2186000.00,0.00307192,0.001336,1.9394
SZ000976,2004-08-13,7.4476,7.5833,7.2924,7.4088,618200,2356000.00,0.00337491,0.001468,1.9394
SZ000976,2004-08-16,7.9712,8.1458,7.7385,7.7967,5583400,22835000.00,0.03048120,0.013258,1.9394
SZ000976,2004-08-17,7.6027,7.7773,7.5251,7.6997,1709100,6763000.00,0.00933041,0.004058,1.9394
SZ000976,2004-08-18,7.6221,7.8549,7.6221,7.7191,949300,3809000.00,0.00518247,0.002254,1.9394
SZ000976,2004-08-19,7.6997,7.6997,7.5639,7.6415,1120100,4405000.00,0.00611491,0.002660,1.9394
SZ000976,2004-08-20,7.6415,7.9324,7.5639,7.7967,1208100,4823000.00,0.00659533,0.002869,1.9394
SZ000976,2004-08-23,7.8355,7.9324,7.7579,7.8742,1217900,4939000.00,0.00664883,0.002892,1.9394
SZ000976,2004-08-24,7.8936,8.3979,7.8936,8.1652,5312100,22484000.00,0.02900010,0.012613,1.9394
SZ000976,2004-08-25,8.1652,8.3397,8.0100,8.1846,3032300,12818000.00,0.01655410,0.007200,1.9394
SZ000976,2004-08-26,8.1652,8.1652,7.9130,7.9906,1307700,5401000.00,0.00713907,0.003105,1.9394
SZ000976,2004-08-27,7.9906,8.0488,7.8549,7.9518,1046700,4278000.00,0.00571420,0.002485,1.9394
SZ000976,2004-08-30,7.9906,8.0682,7.8742,8.0488,617300,2539000.00,0.00337000,0.001466,1.9394
SZ000976,2004-08-31,8.1846,8.4173,8.1070,8.2234,2092000,8897000.00,0.01142076,0.004967,1.9394
SZ000976,2004-09-01,8.1652,8.2815,8.0488,8.0876,1235500,5199000.00,0.00674491,0.002934,1.9394
SZ000976,2004-09-02,8.0488,8.2815,7.9324,8.2621,1185700,4954000.00,0.00647304,0.002815,1.9394
SZ000976,2004-09-03,8.2621,8.3397,8.1458,8.2621,1652200,7058000.00,0.00901978,0.003923,1.9394
SZ000976,2004-09-06,8.2427,8.2815,8.1264,8.2427,790800,3342000.00,0.00431718,0.001878,1.9394
SZ000976,2004-09-07,8.2427,8.3203,8.1070,8.1652,529400,2231000.00,0.00289013,0.001257,1.9394
SZ000976,2004-09-08,8.2040,8.2040,8.0100,8.0294,784300,3263000.00,0.00428169,0.001862,1.9394
SZ000976,2004-09-09,8.0100,8.1846,7.9324,8.0100,836100,3472000.00,0.00456448,0.001985,1.9394
SZ000976,2004-09-10,8.1070,8.2427,7.9518,8.1846,1372300,5755000.00,0.00749173,0.003258,1.9394
SZ000976,2004-09-13,8.2040,8.3397,8.1070,8.2815,3018200,12874000.00,0.01647712,0.007167,1.9394
SZ000976,2004-09-14,8.3979,8.6694,8.3397,8.5531,6211300,27250000.00,0.03390907,0.014749,1.9394
SZ000976,2004-09-15,8.5337,9.2125,8.4173,8.8634,6728000,30521000.00,0.03672986,0.015975,1.9394
SZ000976,2004-09-16,8.8634,8.9022,8.5725,8.7664,3253400,14611000.00,0.01776114,0.007725,1.9394
SZ000976,2004-09-17,8.7276,9.0379,8.5725,9.0185,4647400,21198000.00,0.02537134,0.011035,1.9394
SZ000976,2004-09-20,9.3095,9.6586,9.0961,9.6004,11413000,54788000.00,0.06230647,0.027100,1.9394
SZ000976,2004-09-21,9.5616,9.5810,9.2125,9.3289,5089400,24594000.00,0.02778433,0.012085,1.9394
SZ000976,2004-09-22,9.2901,9.3483,8.8634,8.9216,3762300,17596000.00,0.02053935,0.008933,1.9394
SZ000976,2004-09-23,8.9022,9.1931,8.8246,9.1737,2306900,10750000.00,0.01259395,0.005478,1.9394
SZ000976,2004-09-24,9.1931,9.2901,8.6306,8.6694,4633300,21483000.00,0.02529436,0.011002,1.9394
SZ000976,2004-09-27,8.6500,8.8828,8.4367,8.4755,2166100,9636000.00,0.01182529,0.005143,1.9394
SZ000976,2004-09-28,8.4949,8.6888,8.4755,8.6113,1316100,5828000.00,0.00718492,0.003125,1.9394
SZ000976,2004-09-29,8.7276,8.7276,8.4561,8.4755,1151500,5069000.00,0.00628633,0.002734,1.9394
SZ000976,2004-09-30,8.5143,8.6113,8.2234,8.2621,1530900,6627000.00,0.00835757,0.003635,1.9394
SZ000976,2004-10-08,8.3009,8.5143,8.2427,8.4949,731500,3157000.00,0.00399344,0.001737,1.9394
SZ000976,2004-10-11,8.4949,8.6500,8.3785,8.4367,2037200,8923000.00,0.01112159,0.004837,1.9394
SZ000976,2004-10-12,8.3979,8.3979,8.0876,8.1264,1803300,7617000.00,0.00984467,0.004282,1.9394
SZ000976,2004-10-13,8.1070,8.2040,7.9712,8.0100,1260700,5236000.00,0.00688248,0.002994,1.9394
SZ000976,2004-10-14,8.0100,8.0682,7.5639,7.5639,1451800,5848000.00,0.00792575,0.003447,1.9394
SZ000976,2004-10-15,7.5639,7.7191,7.5251,7.5833,1246900,4872000.00,0.00680714,0.002961,1.9394
SZ000976,2004-10-19,7.7191,7.8549,7.6415,7.6803,831500,3326000.00,0.00453937,0.001974,1.9394
SZ000976,2004-10-20,7.6803,7.6803,7.4670,7.5251,835800,3249000.00,0.00456284,0.001985,1.9394
SZ000976,2004-10-21,7.5251,7.6415,7.0209,7.0985,1514700,5653000.00,0.00826913,0.003597,1.9394
SZ000976,2004-10-22,7.1372,7.1760,6.6136,6.8851,1834800,6455000.00,0.01001664,0.004357,1.9394
SZ000976,2004-10-25,6.9433,7.0791,6.7106,6.7687,1163300,4097000.00,0.00635075,0.002762,1.9394
SZ000976,2004-10-26,6.7687,7.0403,6.5748,6.9627,1195500,4194000.00,0.00652654,0.002839,1.9394
SZ000976,2004-10-27,6.9821,7.1954,6.7881,7.1566,1311400,4733000.00,0.00715927,0.003114,1.9394
SZ000976,2004-10-28,7.0985,7.4088,7.0791,7.0985,1504800,5613000.00,0.00821509,0.003573,1.9394
SZ000976,2004-10-29,6.9627,7.5445,6.9433,7.2342,2217100,8383000.00,0.01210371,0.005264,1.9394
SZ000976,2004-11-01,7.2342,7.3312,7.1178,7.1566,693700,2570000.00,0.00378708,0.001647,1.9394
SZ000976,2004-11-02,7.2730,7.2730,7.0597,7.1760,598100,2211000.00,0.00326518,0.001420,1.9394
SZ000976,2004-11-03,7.2342,7.3118,7.1566,7.2924,700400,2611000.00,0.00382366,0.001663,1.9394
SZ000976,2004-11-04,7.3312,7.3312,7.0403,7.0597,673500,2488000.00,0.00367681,0.001599,1.9394
SZ000976,2004-11-05,6.9821,7.0791,6.8463,6.9239,875200,3150000.00,0.00477794,0.002078,1.9394
SZ000976,2004-11-08,6.9239,7.0791,6.8463,7.0597,497700,1795000.00,0.00271707,0.001182,1.9394
SZ000976,2004-11-09,7.0597,7.0791,6.8851,7.0403,447600,1612000.00,0.00244356,0.001063,1.9394
SZ000976,2004-11-10,7.0597,7.3894,6.9239,7.3506,1726600,6407000.00,0.00942595,0.004100,1.9394
SZ000976,2004-11-11,7.3506,7.4864,7.2342,7.2536,2007100,7631000.00,0.01095727,0.004766,1.9394
SZ000976,2004-11-12,7.2342,7.3506,7.1760,7.2924,967300,3624000.00,0.00528074,0.002297,1.9394
SZ000976,2004-11-15,7.2148,7.5445,7.2148,7.5251,1779200,6795000.00,0.00971311,0.004225,1.9394
SZ000976,2004-11-16,7.6027,7.7191,7.5639,7.6415,4949700,19503000.00,0.02702167,0.011753,1.9394
SZ000976,2004-11-17,7.6609,7.6609,7.3506,7.3894,1665000,6397000.00,0.00908966,0.003954,1.9394
SZ000976,2004-11-18,7.3506,7.6027,7.3312,7.5833,1125200,4336000.00,0.00614275,0.002672,1.9394
SZ000976,2004-11-19,7.5833,7.6221,7.4670,7.6221,1296500,5061000.00,0.00707792,0.003079,1.9394
SZ000976,2004-11-22,7.6027,7.7967,7.5057,7.7773,2135000,8455000.00,0.01165551,0.005070,1.9394
SZ000976,2004-11-23,7.7967,7.7967,7.6221,7.6997,1186400,4699000.00,0.00647686,0.002817,1.9394
SZ000976,2004-11-24,7.6997,7.6997,7.4670,7.4864,1333300,5221000.00,0.00727882,0.003166,1.9394
SZ000976,2004-11-25,7.4670,7.5057,7.3700,7.4282,699000,2679000.00,0.00381602,0.001660,1.9394
SZ000976,2004-11-26,7.4282,7.6415,7.3894,7.5057,950000,3693000.00,0.00518629,0.002256,1.9394
SZ000976,2004-11-29,7.5057,7.5251,7.2924,7.3118,781800,2978000.00,0.00426805,0.001856,1.9394
SZ000976,2004-11-30,7.2730,7.3700,7.2536,7.3312,431400,1626000.00,0.00235512,0.001024,1.9394
SZ000976,2004-12-01,7.3700,7.3894,7.2924,7.3312,430700,1630000.00,0.00235130,0.001023,1.9394
SZ000976,2004-12-02,7.3118,7.5445,7.2924,7.5251,951300,3652000.00,0.00519339,0.002259,1.9394
SZ000976,2004-12-03,7.5445,7.6221,7.4864,7.5445,827200,3215000.00,0.00451590,0.001964,1.9394
SZ000976,2004-12-06,7.5639,7.6415,7.4670,7.5833,780000,3044000.00,0.00425822,0.001852,1.9394
SZ000976,2004-12-07,7.6027,7.6027,7.3700,7.4088,740800,2853000.00,0.00404422,0.001759,1.9394
SZ000976,2004-12-08,7.4088,7.6609,7.3894,7.6415,1492700,5801000.00,0.00814903,0.003544,1.9394
SZ000976,2004-12-09,7.6609,7.6803,7.5251,7.5833,1546000,6054000.00,0.00844001,0.003671,1.9394
SZ000976,2004-12-10,7.6027,7.6415,7.3700,7.3700,1175000,4532000.00,0.00641462,0.002790,1.9394
SZ000976,2004-12-13,7.2924,7.3700,7.1954,7.2148,606500,2263000.00,0.00331104,0.001440,1.9394
SZ000976,2004-12-14,7.1760,7.3312,7.1566,7.2342,334600,1247000.00,0.00182667,0.000795,1.9394
SZ000976,2004-12-15,7.2148,7.2342,6.9627,7.1372,836100,3046000.00,0.00456448,0.001985,1.9394
SZ000976,2004-12-16,7.1372,7.1372,6.9821,7.0597,364200,1326000.00,0.00198826,0.000865,1.9394
SZ000976,2004-12-17,7.0403,7.0791,6.9239,6.9821,421900,1521000.00,0.00230326,0.001002,1.9394
SZ000976,2004-12-20,6.9433,7.0403,6.8851,6.9821,266400,960000.00,0.00145435,0.000633,1.9394
SZ000976,2004-12-21,7.0209,7.1566,6.9821,7.0403,340300,1241000.00,0.00185778,0.000808,1.9394
SZ000976,2004-12-22,7.1178,7.3118,7.0403,7.2730,673300,2493000.00,0.00367572,0.001599,1.9394
SZ000976,2004-12-23,7.2924,7.2924,7.0597,7.0597,377000,1392000.00,0.00205814,0.000895,1.9394
SZ000976,2004-12-24,6.9821,7.2342,6.9821,7.0791,400200,1470000.00,0.00218479,0.000950,1.9394
SZ000976,2004-12-27,7.2148,7.2148,7.0403,7.0403,317900,1164000.00,0.00173550,0.000755,1.9394
SZ000976,2004-12-28,7.0403,7.1178,6.9821,7.0791,317100,1150000.00,0.00173113,0.000753,1.9394
SZ000976,2004-12-29,7.1760,7.1760,6.8657,6.8851,815000,2941000.00,0.00444929,0.001935,1.9394
SZ000976,2004-12-30,6.8075,6.8851,6.7493,6.7881,536800,1886000.00,0.00293053,0.001275,1.9394
SZ000976,2004-12-31,6.8075,6.9045,6.6912,6.7881,489300,1709000.00,0.00267121,0.001162,1.9394
SZ000976,2005-01-04,6.7881,6.8075,6.6524,6.7687,369600,1278000.00,0.00201774,0.000878,1.9394
SZ000976,2005-01-05,6.6912,6.9239,6.6912,6.9045,307600,1086000.00,0.00167927,0.000730,1.9394
SZ000976,2005-01-06,6.8851,6.9239,6.7106,6.7881,342200,1201000.00,0.00186816,0.000813,1.9394
SZ000976,2005-01-07,6.8075,6.9239,6.7493,6.8463,268500,949000.00,0.00146581,0.000638,1.9394
SZ000976,2005-01-10,6.7881,6.9627,6.7493,6.9627,356800,1262000.00,0.00194786,0.000847,1.9394
SZ000976,2005-01-11,6.9433,6.9627,6.8463,6.9239,298600,1062000.00,0.00163013,0.000709,1.9394
SZ000976,2005-01-12,6.9239,7.0597,6.8269,7.0403,498600,1786000.00,0.00272198,0.001184,1.9394
SZ000976,2005-01-13,6.9821,7.0403,6.9045,6.9627,467600,1677000.00,0.00255275,0.001110,1.9394
SZ000976,2005-01-14,6.9627,6.9821,6.7881,6.8075,505700,1800000.00,0.00276074,0.001201,1.9394
SZ000976,2005-01-17,6.7493,6.7493,6.5360,6.5748,613800,2097000.00,0.00335089,0.001457,1.9394
SZ000976,2005-01-18,6.6524,6.7106,6.5166,6.6912,437800,1495000.00,0.00239006,0.001040,1.9394
SZ000976,2005-01-19,6.6330,6.8269,6.5942,6.7106,585900,2022000.00,0.00319858,0.001391,1.9394
SZ000976,2005-01-20,6.6136,6.7300,6.5942,6.6330,401500,1376000.00,0.00219189,0.000953,1.9394
SZ000976,2005-01-21,6.5942,7.0597,6.5942,7.0209,1459400,5129000.00,0.00796724,0.003465,1.9394
SZ000976,2005-01-24,7.1954,7.3700,7.0403,7.1566,3045800,11208000.00,0.01662780,0.007232,1.9394
SZ000976,2005-01-25,7.1178,7.1178,6.9821,7.0015,721900,2614000.00,0.00394104,0.001714,1.9394
SZ000976,2005-01-26,7.0015,7.0403,6.9239,6.9433,608900,2187000.00,0.00332414,0.001446,1.9394
SZ000976,2005-01-27,6.9045,6.9627,6.7493,6.7881,494900,1749000.00,0.00270178,0.001175,1.9394
SZ000976,2005-01-28,6.7493,6.8075,6.5748,6.6136,635000,2180000.00,0.00346663,0.001508,1.9394
SZ000976,2005-01-31,6.5554,6.5942,6.2839,6.3033,912100,3013000.00,0.00497939,0.002166,1.9394
SZ000976,2005-02-01,6.3033,6.4196,6.1675,6.2645,573900,1861000.00,0.00313307,0.001363,1.9394
SZ000976,2005-02-02,6.3227,6.5942,6.2257,6.5554,751900,2502000.00,0.00410481,0.001785,1.9394
SZ000976,2005-02-03,6.5554,6.5748,6.3033,6.3227,1209100,4014000.00,0.00660078,0.002871,1.9394
SZ000976,2005-02-04,6.2839,6.4972,6.2451,6.4778,880200,2916000.00,0.00480524,0.002090,1.9394
SZ000976,2005-02-16,6.5748,6.6330,6.4778,6.5554,847000,2871000.00,0.00462399,0.002011,1.9394
SZ000976,2005-02-17,6.4972,6.6330,6.4972,6.6136,447000,1508000.00,0.00244029,0.001061,1.9394
SZ000976,2005-02-18,6.6912,6.6912,6.4972,6.4972,443200,1493000.00,0.00241954,0.001052,1.9394
SZ000976,2005-02-21,6.4778,6.6330,6.4778,6.5942,605400,2050000.00,0.00330503,0.001438,1.9394
SZ000976,2005-02-22,6.5942,6.8269,6.5360,6.7881,1463100,5070000.00,0.00798743,0.003474,1.9394
SZ000976,2005-02-23,6.7881,6.8463,6.6524,6.7881,1141300,3982000.00,0.00623065,0.002710,1.9394
SZ000976,2005-02-24,6.7687,6.9239,6.7493,6.8851,1506600,5312000.00,0.00822491,0.003577,1.9394
SZ000976,2005-02-25,6.8463,6.9239,6.7881,6.8269,1623000,5743000.00,0.00886037,0.003854,1.9394
SZ000976,2005-02-28,6.8075,6.8657,6.7106,6.7687,1088000,3789000.00,0.00593967,0.002583,1.9394
SZ000976,2005-03-01,6.7493,6.7881,6.6524,6.7687,1114800,3859000.00,0.00608598,0.002647,1.9394
SZ000976,2005-03-02,6.7493,6.8269,6.5942,6.6136,1200400,4152000.00,0.00655329,0.002850,1.9394
SZ000976,2005-03-03,6.5942,6.6524,6.4972,6.6136,847100,2864000.00,0.00462453,0.002011,1.9394
SZ000976,2005-03-04,6.5942,6.7687,6.5554,6.6718,1440200,4946000.00,0.00786242,0.003420,1.9394
SZ000976,2005-03-07,6.6912,6.8075,6.6718,6.7687,949000,3293000.00,0.00518083,0.002253,1.9394
SZ000976,2005-03-08,6.8269,7.0209,6.8075,6.9821,4704900,16758000.00,0.02568525,0.011172,1.9394
SZ000976,2005-03-09,7.0209,7.0209,6.9045,6.9627,2185700,7857000.00,0.01193229,0.005190,1.9394
SZ000976,2005-03-10,6.9433,6.9433,6.6718,6.6912,1160800,4059000.00,0.00633710,0.002756,1.9394
SZ000976,2005-03-11,6.6524,6.7687,6.5942,6.6912,748600,2576000.00,0.00408680,0.001778,1.9394
SZ000976,2005-03-14,6.6912,6.6912,6.5166,6.5748,849500,2882000.00,0.00463764,0.002017,1.9394
SZ000976,2005-03-15,6.5554,6.5554,6.4390,6.4778,760500,2541000.00,0.00415176,0.001806,1.9394
SZ000976,2005-03-16,6.4390,6.5360,6.4196,6.4778,569200,1902000.00,0.00310741,0.001352,1.9394
SZ000976,2005-03-17,6.4778,6.4778,6.1287,6.1287,1794600,5746000.00,0.00979718,0.004261,1.9394
SZ000976,2005-03-18,6.0899,6.2451,5.9929,5.9929,1073900,3361000.00,0.00586269,0.002550,1.9394
SZ000976,2005-03-21,5.9736,6.0511,5.8766,5.9736,778900,2390000.00,0.00425221,0.001849,1.9394
SZ000976,2005-03-22,5.9736,5.9736,5.6244,5.6438,1378600,4084000.00,0.00752613,0.003273,1.9394
SZ000976,2005-03-23,5.5857,5.7214,5.5469,5.6244,932000,2706000.00,0.00508803,0.002213,1.9394
SZ000976,2005-03-24,5.6244,5.7796,5.6051,5.7796,836100,2444000.00,0.00456448,0.001985,1.9394
SZ000976,2005-03-25,5.7796,5.7990,5.6826,5.7408,626500,1855000.00,0.00342022,0.001488,1.9394
SZ000976,2005-03-28,5.7408,5.7408,5.5663,5.6438,476500,1385000.00,0.00260133,0.001131,1.9394
SZ000976,2005-03-29,5.6438,5.7408,5.6051,5.6438,559000,1637000.00,0.00305172,0.001327,1.9394
SZ000976,2005-03-30,5.6438,5.6632,5.3723,5.3723,1116700,3142000.00,0.00609635,0.002652,1.9394
SZ000976,2005-03-31,5.3723,5.5081,5.3141,5.4887,787100,2190000.00,0.00429698,0.001869,1.9394
SZ000976,2005-04-01,5.4499,5.7990,5.3335,5.6438,1042100,2968000.00,0.00568909,0.002474,1.9394
SZ000976,2005-04-04,5.5857,5.6826,5.4305,5.4693,885900,2530000.00,0.00483635,0.002104,1.9394
SZ000976,2005-04-05,5.4693,5.5275,5.3917,5.4111,651100,1828000.00,0.00355452,0.001546,1.9394
SZ000976,2005-04-06,5.4111,5.7214,5.3335,5.6438,1638000,4698000.00,0.00894226,0.003889,1.9394
SZ000976,2005-04-07,5.5857,5.7602,5.5857,5.6826,2083300,6119000.00,0.01137326,0.004947,1.9394
SZ000976,2005-04-08,5.6826,5.7796,5.5857,5.7408,1743200,5124000.00,0.00951657,0.004139,1.9394
SZ000976,2005-04-11,5.7408,5.8572,5.6632,5.7990,1633500,4862000.00,0.00891769,0.003879,1.9394
SZ000976,2005-04-12,5.8184,5.8184,5.5857,5.6244,1100200,3208000.00,0.00600627,0.002612,1.9394
SZ000976,2005-04-13,5.6244,5.7990,5.6244,5.7796,1227800,3626000.00,0.00670287,0.002915,1.9394
SZ000976,2005-04-14,5.7796,5.8378,5.5275,5.5857,978400,2857000.00,0.00534133,0.002323,1.9394
SZ000976,2005-04-15,5.5469,5.5469,5.3335,5.3723,1334200,3738000.00,0.00728374,0.003168,1.9394
SZ000976,2005-04-19,5.3141,5.3141,5.1202,5.2559,1339500,3602000.00,0.00731267,0.003181,1.9394
SZ000976,2005-04-20,5.1978,5.2366,5.1008,5.1008,1175500,3116000.00,0.00641735,0.002791,1.9394
SZ000976,2005-04-21,5.0426,5.2172,4.9844,5.1784,2032800,5360000.00,0.01109757,0.004827,1.9394
SZ000976,2005-04-22,5.2172,5.2172,4.9650,5.0038,2236800,5874000.00,0.01221126,0.005311,1.9394
SZ000976,2005-04-25,5.0426,5.0426,4.4995,4.5771,1849300,4390000.00,0.01009580,0.004391,1.9394
SZ000976,2005-04-26,4.4995,4.7323,4.4995,4.6741,1075100,2570000.00,0.00586924,0.002553,1.9394
SZ000976,2005-04-27,4.6353,4.7711,4.5965,4.6353,733500,1760000.00,0.00400436,0.001742,1.9394
SZ000976,2005-04-28,4.6353,4.7323,4.3638,4.7129,1595200,3767000.00,0.00870860,0.003788,1.9394
SZ000976,2005-04-29,4.3250,4.4026,4.2474,4.2474,4631800,10224000.00,0.02528617,0.010998,1.9394
SZ000976,2005-05-09,4.1310,4.2280,3.8207,3.8595,2767700,5692000.00,0.01510958,0.006572,1.9394
SZ000976,2005-05-10,3.8595,4.0147,3.7819,3.9759,2460200,4928000.00,0.01343086,0.005842,1.9394
SZ000976,2005-05-11,3.9759,4.1504,3.9177,4.1310,2930800,6103000.00,0.01599998,0.006959,1.9394
SZ000976,2005-05-12,4.1310,4.4220,4.1117,4.3056,7524800,16551000.00,0.04107980,0.017867,1.9394
SZ000976,2005-05-13,4.2668,4.2862,4.1117,4.2086,2670100,5775000.00,0.01457675,0.006340,1.9394
SZ000976,2005-05-16,4.1698,4.2280,4.0341,4.2280,1284900,2733000.00,0.00701460,0.003051,1.9394
SZ000976,2005-05-17,4.2086,4.3250,4.1310,4.2280,1139100,2493000.00,0.00621864,0.002705,1.9394
SZ000976,2005-05-18,4.2280,4.2668,4.1698,4.2668,1046800,2276000.00,0.00571475,0.002486,1.9394
SZ000976,2005-05-19,4.2668,4.2862,4.1504,4.2280,906700,1973000.00,0.00494991,0.002153,1.9394
SZ000976,2005-05-20,4.1698,4.2474,4.0729,4.1117,1593500,3419000.00,0.00869932,0.003784,1.9394
SZ000976,2005-05-23,4.0341,4.0341,3.8401,3.8595,1964300,3943000.00,0.01072361,0.004664,1.9394
SZ000976,2005-05-24,3.8789,4.0923,3.8013,4.0341,1919600,3932000.00,0.01047958,0.004558,1.9394
SZ000976,2005-05-25,4.0147,4.2280,4.0147,4.1504,2438000,5192000.00,0.01330966,0.005789,1.9394
SZ000976,2005-05-26,4.1504,4.3056,4.0341,4.2862,3086400,6652000.00,0.01684944,0.007329,1.9394
SZ000976,2005-05-27,4.2086,4.2862,4.1117,4.1310,1751400,3789000.00,0.00956134,0.004159,1.9394
SZ000976,2005-05-30,4.0923,4.3056,4.0341,4.2280,1579400,3430000.00,0.00862235,0.003750,1.9394
SZ000976,2005-05-31,4.2474,4.3444,4.2086,4.2280,1231400,2695000.00,0.00672253,0.002924,1.9394
SZ000976,2005-06-01,4.1892,4.2668,4.0923,4.2280,1168900,2509000.00,0.00638132,0.002776,1.9394
SZ000976,2005-06-02,4.1698,4.3250,4.1504,4.2862,3081800,6784000.00,0.01682433,0.007318,1.9394
SZ000976,2005-06-03,4.2474,4.3444,4.1117,4.1892,1491500,3254000.00,0.00814248,0.003542,1.9394
SZ000976,2005-06-06,4.2474,4.2862,4.1504,4.2668,1305900,2851000.00,0.00712924,0.003101,1.9394
SZ000976,2005-06-07,4.2668,4.3250,4.1892,4.2280,1593900,3501000.00,0.00870151,0.003785,1.9394
SZ000976,2005-06-08,4.2474,4.5577,4.2474,4.5189,4812900,10972000.00,0.02627485,0.011428,1.9394
SZ000976,2005-06-09,4.5189,4.5771,4.3832,4.4995,3519100,8147000.00,0.01921166,0.008356,1.9394
SZ000976,2005-06-10,4.5189,4.5189,4.3832,4.3832,2611100,5954000.00,0.01425466,0.006200,1.9394
SZ000976,2005-06-13,4.3832,4.5189,4.3444,4.4802,2188100,5003000.00,0.01194539,0.005196,1.9394
SZ000976,2005-06-14,4.4995,4.5771,4.3638,4.3832,2330400,5393000.00,0.01272225,0.005533,1.9394
SZ000976,2005-06-15,4.3444,4.3444,4.0923,4.1117,1921700,4180000.00,0.01049105,0.004563,1.9394
SZ000976,2005-06-16,4.0923,4.1698,4.0147,4.1310,1100000,2321000.00,0.00600518,0.002612,1.9394
SZ000976,2005-06-17,4.1310,4.1504,4.0535,4.0923,1008300,2129000.00,0.00550457,0.002394,1.9394
SZ000976,2005-06-20,4.0535,4.1698,3.9759,4.1504,1364700,2865000.00,0.00745024,0.003240,1.9394
SZ000976,2005-06-21,4.1504,4.1892,4.0729,4.0923,893800,1902000.00,0.00487948,0.002122,1.9394
SZ000976,2005-06-22,4.0535,4.1698,4.0535,4.1504,1129400,2400000.00,0.00616568,0.002682,1.9394
SZ000976,2005-06-23,4.1504,4.1892,4.1117,4.1310,1190600,2557000.00,0.00649979,0.002827,1.9394
SZ000976,2005-06-24,4.0923,4.2862,4.0729,4.2862,2137500,4644000.00,0.01166916,0.005075,1.9394
SZ000976,2005-06-27,4.3056,4.4026,4.3056,4.3832,4351700,9789000.00,0.02375704,0.010333,1.9394
SZ000976,2005-06-28,4.3444,4.3444,4.1892,4.1892,1426500,3124000.00,0.00778763,0.003387,1.9394
SZ000976,2005-06-29,4.2280,4.2668,4.1504,4.1504,1016300,2191000.00,0.00554824,0.002413,1.9394
SZ000976,2005-06-30,4.1504,4.1698,3.9759,3.9759,976200,2038000.00,0.00532932,0.002318,1.9394
SZ000976,2005-07-01,3.9759,4.0147,3.8013,3.8207,1577600,3165000.00,0.00861252,0.003746,1.9394
SZ000976,2005-07-04,3.7819,3.7819,3.5298,3.6850,1283600,2403000.00,0.00700750,0.003048,1.9394
SZ000976,2005-07-05,3.6850,3.7238,3.5880,3.6268,866200,1626000.00,0.00472881,0.002057,1.9394
SZ000976,2005-07-06,3.6268,3.7238,3.5880,3.6656,912200,1713000.00,0.00497993,0.002166,1.9394
SZ000976,2005-07-07,3.6656,3.6850,3.5880,3.6462,697800,1310000.00,0.00380947,0.001657,1.9394
SZ000976,2005-07-08,3.5880,3.6268,3.3940,3.4134,1103600,1977000.00,0.00602483,0.002620,1.9394
SZ000976,2005-07-11,3.4134,3.5492,3.3359,3.3553,740100,1312000.00,0.00404039,0.001757,1.9394
SZ000976,2005-07-12,3.3165,3.4522,3.2971,3.4328,1303800,2274000.00,0.00711778,0.003096,1.9394
SZ000976,2005-07-13,3.4134,3.4522,3.3553,3.4328,1156900,2028000.00,0.00631581,0.002747,1.9394
SZ000976,2005-07-14,3.2971,3.5492,3.2583,3.5492,4286400,7546000.00,0.02340055,0.010178,1.9394
SZ000976,2005-07-15,3.4910,3.5492,3.3940,3.5492,2997100,5389000.00,0.01636193,0.007117,1.9394
SZ000976,2005-07-18,3.5492,3.5492,3.2389,3.2583,4542600,7858000.00,0.02479921,0.010786,1.9394
SZ000976,2005-07-19,3.2001,3.2971,3.1031,3.2777,1271100,2108000.00,0.00693926,0.003018,1.9394
SZ000976,2005-07-20,3.2389,3.3553,3.2001,3.3553,1183500,2015000.00,0.00646103,0.002810,1.9394
SZ000976,2005-07-21,3.3553,3.3940,3.2971,3.3165,1280800,2198000.00,0.00699221,0.003041,1.9394
SZ000976,2005-07-22,3.3359,3.4716,3.3165,3.4134,3135500,5516000.00,0.01711749,0.007445,1.9394
SZ000976,2005-07-25,3.3940,3.3940,3.2777,3.3359,1329800,2278000.00,0.00725972,0.003158,1.9394
SZ000976,2005-07-26,3.3359,3.4522,3.3165,3.4134,2114800,3702000.00,0.01154523,0.005022,1.9394
SZ000976,2005-07-27,3.4134,3.5686,3.3553,3.5492,2655400,4742000.00,0.01449650,0.006305,1.9394
SZ000976,2005-07-28,3.5492,3.6850,3.4716,3.5686,4604900,8581000.00,0.02513932,0.010934,1.9394
SZ000976,2005-07-29,3.5298,3.5880,3.4910,3.5104,1697500,3088000.00,0.00926708,0.004031,1.9394
SZ000976,2005-08-01,3.5104,3.6074,3.4910,3.5880,1933100,3533000.00,0.01055328,0.004590,1.9394
SZ000976,2005-08-02,3.5492,3.6074,3.4716,3.5880,4500900,8211000.00,0.02457156,0.010687,1.9394
SZ000976,2005-08-03,3.5686,3.7625,3.5492,3.6656,6716300,12757000.00,0.03666599,0.015948,1.9394
SZ000976,2005-08-04,3.6268,3.7625,3.5880,3.7432,4565800,8702000.00,0.02492586,0.010841,1.9394
SZ000976,2005-08-05,3.8013,3.9371,3.8013,3.8789,9911000,19801000.00,0.05410667,0.023533,1.9394
SZ000976,2005-08-08,3.9177,4.0535,3.9177,3.9953,6982100,14333000.00,0.03811706,0.016579,1.9394
SZ000976,2005-08-09,3.9953,4.0147,3.8789,3.9953,3742100,7592000.00,0.02042908,0.008886,1.9394
SZ000976,2005-08-10,3.9953,3.9953,3.8789,3.9759,3717100,7542000.00,0.02029259,0.008826,1.9394
SZ000976,2005-08-11,3.9759,4.0535,3.9371,4.0147,4871600,10031000.00,0.02659530,0.011567,1.9394
SZ000976,2005-08-12,4.0147,4.0147,3.8013,3.8207,4652400,9433000.00,0.02539863,0.011047,1.9394
SZ000976,2005-08-15,3.8401,4.0147,3.8207,4.0147,4290400,8691000.00,0.02342238,0.010187,1.9394
SZ000976,2005-08-16,4.0535,4.2086,4.0535,4.2086,11054700,23523000.00,0.06035042,0.026249,1.9394
SZ000976,2005-08-17,4.1698,4.1892,3.9759,4.1698,4896300,10337000.00,0.02673015,0.011626,1.9394
SZ000976,2005-08-18,4.1698,4.2668,3.9371,3.9565,5758400,12299000.00,0.03143657,0.013673,1.9394
SZ000976,2005-08-19,3.9371,4.0341,3.8401,3.9371,3300100,6670000.00,0.01801609,0.007836,1.9394
SZ000976,2005-08-22,3.9177,3.9953,3.8789,3.9953,1802400,3670000.00,0.00983976,0.004280,1.9394
SZ000976,2005-08-23,3.9759,3.9759,3.8789,3.9759,1629900,3291000.00,0.00889804,0.003870,1.9394
SZ000976,2005-08-24,3.9953,4.0535,3.9371,3.9953,2261000,4640000.00,0.01234337,0.005369,1.9394
SZ000976,2005-08-25,3.9759,4.0147,3.9371,4.0147,1976400,4051000.00,0.01078967,0.004693,1.9394
SZ000976,2005-08-26,4.0147,4.1504,3.9759,4.1310,4442500,9357000.00,0.02425274,0.010549,1.9394
SZ000976,2005-08-29,4.0729,4.3444,4.0535,4.2668,7946300,17218000.00,0.04338087,0.018868,1.9394
SZ000976,2005-08-30,4.2474,4.2474,4.0341,4.0535,3299900,6989000.00,0.01801499,0.007836,1.9394
SZ000976,2005-08-31,4.0341,4.1310,3.8983,4.0729,3148000,6534000.00,0.01718573,0.007475,1.9394
SZ000976,2005-09-01,4.0341,4.1892,4.0341,4.1892,3595500,7671000.00,0.01962875,0.008537,1.9394
SZ000976,2005-09-02,4.1504,4.2862,4.1310,4.2474,5090100,11066000.00,0.02778815,0.012086,1.9394
SZ000976,2005-09-05,4.2474,4.3056,4.1892,4.3056,3882100,8526000.00,0.02119337,0.009218,1.9394
SZ000976,2005-09-06,4.3444,4.3832,4.1117,4.1504,5208600,11494000.00,0.02843507,0.012368,1.9394
SZ000976,2005-09-07,4.1310,4.2862,4.1117,4.2862,3231900,7015000.00,0.01764376,0.007674,1.9394
SZ000976,2005-09-08,4.2862,4.4220,4.2280,4.3444,6270700,14021000.00,0.03423335,0.014890,1.9394
SZ000976,2005-09-09,4.3056,4.6741,4.2086,4.5577,12801800,29557000.00,0.06988828,0.030398,1.9394
SZ000976,2005-09-12,4.5577,4.6741,4.4220,4.5965,8064000,19041000.00,0.04402343,0.019148,1.9394
SZ000976,2005-09-13,4.5771,4.8680,4.5771,4.7129,13371600,32527000.00,0.07299896,0.031751,1.9394
SZ000976,2005-09-14,4.6741,4.6741,4.4802,4.6159,14096300,33238000.00,0.07695529,0.033471,1.9394
SZ000976,2005-09-15,4.5771,4.6353,4.4802,4.5771,7452300,17544000.00,0.04068400,0.017695,1.9394
SZ000976,2005-09-19,4.5771,4.7129,4.5189,4.6935,5296900,12617000.00,0.02891712,0.012577,1.9394
SZ000976,2005-09-20,4.6741,4.7905,4.5965,4.6935,5642800,13625000.00,0.03080548,0.013399,1.9394
SZ000976,2005-09-21,4.6547,4.6741,4.4995,4.5383,4179800,9826000.00,0.02281859,0.009925,1.9394
SZ000976,2005-09-22,4.5189,4.5383,4.0923,4.1504,5146600,11317000.00,0.02809660,0.012220,1.9394
SZ000976,2005-09-23,4.1310,4.1892,4.0535,4.0535,2113200,4491000.00,0.01153650,0.005018,1.9394
SZ000976,2005-09-26,4.0341,4.0729,3.9565,3.9953,3405800,7015000.00,0.01859313,0.008087,1.9394
SZ000976,2005-09-27,3.9953,4.0535,3.8401,3.8595,2752700,5597000.00,0.01502769,0.006536,1.9394
SZ000976,2005-09-28,3.8401,3.9565,3.8207,3.9177,2310100,4654000.00,0.01261142,0.005485,1.9394
SZ000976,2005-09-29,3.9177,4.0147,3.8789,3.9953,2715100,5552000.00,0.01482242,0.006447,1.9394
SZ000976,2005-09-30,4.0147,4.0147,3.8983,3.9177,1586700,3225000.00,0.00866220,0.003768,1.9394
SZ000976,2005-10-10,3.8983,3.9371,3.8401,3.8789,1621600,3250000.00,0.00885273,0.003850,1.9394
SZ000976,2005-10-11,3.8595,3.9371,3.7625,3.9371,1481800,2958000.00,0.00808952,0.003518,1.9394
SZ000976,2005-10-12,3.9371,3.9953,3.9177,3.9759,2043100,4173000.00,0.01115380,0.004851,1.9394
SZ000976,2005-10-13,3.9759,3.9953,3.8983,3.9177,1604700,3258000.00,0.00876047,0.003810,1.9394
SZ000976,2005-10-14,3.8983,3.9177,3.7819,3.8207,1644900,3266000.00,0.00897993,0.003906,1.9394
SZ000976,2005-10-17,3.8013,3.8013,3.6656,3.7625,1769300,3392000.00,0.00965906,0.004201,1.9394
SZ000976,2005-10-18,3.7432,3.8789,3.7238,3.8789,2087500,4102000.00,0.01139619,0.004957,1.9394
SZ000976,2005-10-19,3.8789,3.9371,3.8207,3.8207,1732100,3451000.00,0.00945597,0.004113,1.9394
SZ000976,2005-10-20,3.8013,3.8983,3.7238,3.8789,1796300,3533000.00,0.00980646,0.004265,1.9394
SZ000976,2005-10-21,3.8789,3.9177,3.8207,3.8983,1865300,3730000.00,0.01018315,0.004429,1.9394
SZ000976,2005-10-24,3.8983,3.9759,3.8789,3.9371,2364200,4798000.00,0.01290677,0.005614,1.9394
SZ000976,2005-10-25,3.8789,3.8789,3.7819,3.7819,2477200,4874000.00,0.01352366,0.005882,1.9394
SZ000976,2005-10-26,3.7625,3.7625,3.5880,3.6268,2587400,4924000.00,0.01412527,0.006144,1.9394
SZ000976,2005-10-27,3.6268,3.6268,3.4910,3.5492,1805500,3332000.00,0.00985668,0.004287,1.9394
SZ000976,2005-10-28,3.5492,3.5880,3.2971,3.3940,1781400,3158000.00,0.00972512,0.004230,1.9394
SZ000976,2005-10-31,3.3940,3.5104,3.3553,3.4716,1998800,3559000.00,0.01091196,0.004746,1.9394
SZ000976,2005-11-01,3.4716,3.4716,3.3359,3.4522,1361200,2387000.00,0.00743114,0.003232,1.9394
SZ000976,2005-11-02,3.4328,3.5880,3.4328,3.5686,2499100,4561000.00,0.01364322,0.005934,1.9394
SZ000976,2005-11-03,3.6074,3.6656,3.5298,3.5880,2450800,4544000.00,0.01337954,0.005819,1.9394
SZ000976,2005-11-04,3.6462,3.6850,3.5880,3.6656,1901100,3553000.00,0.01037859,0.004514,1.9394
SZ000976,2005-11-07,3.6850,3.8207,3.6656,3.8207,6757400,12996000.00,0.03689037,0.016045,1.9394
SZ000976,2005-11-08,3.7625,3.8401,3.7238,3.7819,2637400,5134000.00,0.01439824,0.006262,1.9394
SZ000976,2005-11-09,3.8013,3.8595,3.7044,3.7044,2142400,4153000.00,0.01169591,0.005087,1.9394
SZ000976,2005-11-10,3.6850,3.6850,3.5492,3.5492,2039500,3781000.00,0.01113415,0.004843,1.9394
SZ000976,2005-11-11,3.5492,3.6656,3.5104,3.6074,1216000,2254000.00,0.00663845,0.002887,1.9394
SZ000976,2005-11-14,3.5686,3.6656,3.5686,3.6656,619400,1159000.00,0.00338146,0.001471,1.9394
SZ000976,2005-11-15,3.6850,3.7432,3.6074,3.6462,971100,1837000.00,0.00530148,0.002306,1.9394
SZ000976,2005-11-16,3.6268,3.7238,3.5686,3.7238,1185600,2230000.00,0.00647249,0.002815,1.9394
SZ000976,2005-11-17,3.7044,3.7238,3.6656,3.6850,805600,1536000.00,0.00439798,0.001913,1.9394
SZ000976,2005-11-18,3.6462,3.7819,3.6462,3.7432,1538200,2963000.00,0.00839742,0.003652,1.9394
SZ000976,2005-11-21,3.7432,3.7625,3.6850,3.7625,1144400,2205000.00,0.00624757,0.002717,1.9394
SZ000976,2005-11-22,3.7819,3.7819,3.6656,3.6656,1065700,2037000.00,0.00581793,0.002530,1.9394
SZ000976,2005-11-23,3.6462,3.8401,3.6268,3.7432,3314600,6428000.00,0.01809524,0.007870,1.9394
SZ000976,2005-11-24,3.7238,3.8789,3.7044,3.8207,4403300,8701000.00,0.02403873,0.010456,1.9394
SZ000976,2005-11-25,3.7819,3.8401,3.7625,3.8013,1245000,2440000.00,0.00679677,0.002956,1.9394
SZ000976,2005-11-28,3.7625,3.8207,3.7432,3.8013,963800,1876000.00,0.00526163,0.002289,1.9394
SZ000976,2005-11-29,3.8013,3.8595,3.7625,3.7819,2424700,4765000.00,0.01323705,0.005757,1.9394
SZ000976,2005-11-30,3.7432,3.7819,3.7044,3.7819,1069900,2057000.00,0.00584086,0.002540,1.9394
SZ000976,2005-12-01,3.7625,3.7625,3.7044,3.7432,560200,1079000.00,0.00305827,0.001330,1.9394
SZ000976,2005-12-02,3.7238,3.7625,3.6462,3.7238,1441900,2752000.00,0.00787170,0.003424,1.9394
SZ000976,2005-12-05,3.6656,3.7238,3.5492,3.7044,1864000,3509000.00,0.01017605,0.004426,1.9394
SZ000976,2005-12-06,3.6268,3.6656,3.6074,3.6462,899700,1683000.00,0.00491169,0.002136,1.9394
SZ000976,2005-12-07,3.6656,3.8401,3.6656,3.7432,4235200,8197000.00,0.02312103,0.010056,1.9394
SZ000976,2005-12-08,3.7432,3.8595,3.6462,3.8207,5586300,10940000.00,0.03049703,0.013265,1.9394
SZ000976,2005-12-09,3.8207,3.8401,3.7625,3.8207,1778100,3486000.00,0.00970710,0.004222,1.9394
SZ000976,2005-12-12,3.8207,3.8207,3.7432,3.7819,1275300,2488000.00,0.00696219,0.003028,1.9394
SZ000976,2005-12-13,3.7625,3.8013,3.7238,3.7819,1052100,2035000.00,0.00574368,0.002498,1.9394
SZ000976,2005-12-14,3.7819,3.8595,3.7238,3.8207,1788600,3516000.00,0.00976442,0.004247,1.9394
SZ000976,2005-12-15,3.8207,3.9177,3.8013,3.8401,3188200,6337000.00,0.01740519,0.007570,1.9394
SZ000976,2005-12-16,3.8401,4.0341,3.8401,3.9371,4317400,8754000.00,0.02356978,0.010252,1.9394
SZ000976,2005-12-19,3.8983,3.9371,3.8595,3.9177,1156100,2323000.00,0.00631144,0.002745,1.9394
SZ000976,2005-12-20,3.8789,3.9371,3.8595,3.9177,1107600,2216000.00,0.00604667,0.002630,1.9394
SZ000976,2005-12-21,3.8983,4.0147,3.8789,3.9371,4858900,9931000.00,0.02652597,0.011537,1.9394
SZ000976,2005-12-22,3.8983,4.0147,3.8983,3.9371,4118000,8430000.00,0.02248121,0.009778,1.9394
SZ000976,2005-12-23,3.9177,3.9759,3.8789,3.9759,1485700,3000000.00,0.00811081,0.003528,1.9394
SZ000976,2005-12-26,3.9565,4.0535,3.9177,3.9565,4254200,8695000.00,0.02322476,0.010101,1.9394
SZ000976,2005-12-27,3.9565,3.9565,3.8401,3.9371,1547100,3107000.00,0.00844601,0.003674,1.9394
SZ000976,2005-12-28,3.9371,4.0147,3.8789,3.8983,1988000,4048000.00,0.01085300,0.004720,1.9394
SZ000976,2005-12-29,3.8983,3.9177,3.8595,3.8983,1567500,3131000.00,0.00855738,0.003722,1.9394
SZ000976,2005-12-30,3.8789,3.8983,3.8207,3.8595,1313500,2615000.00,0.00717073,0.003119,1.9394
SZ000976,2006-01-04,3.8013,3.8789,3.8013,3.8595,1392300,2765000.00,0.00760092,0.003306,1.9394
SZ000976,2006-01-05,3.8595,3.9565,3.8207,3.8983,2497200,5020000.00,0.01363285,0.005930,1.9394
SZ000976,2006-01-06,3.9177,3.9759,3.8789,3.9565,4234700,8613000.00,0.02311830,0.010055,1.9394
SZ000976,2006-01-09,3.9371,4.0341,3.9371,3.9759,6595500,13533000.00,0.03600651,0.015661,1.9394
SZ000976,2006-01-10,3.9759,3.9953,3.8595,3.9177,2481200,4994000.00,0.01354550,0.005892,1.9394
SZ000976,2006-01-11,3.9371,3.9371,3.8595,3.9371,2820000,5663000.00,0.01539510,0.006696,1.9394
SZ000976,2006-01-12,3.9371,3.9953,3.8789,3.9953,4396600,8954000.00,0.02400216,0.010440,1.9394
SZ000976,2006-01-13,4.0341,4.1892,4.0147,4.0729,9194300,19510000.00,0.05019402,0.021832,1.9394
SZ000976,2006-01-16,4.0535,4.1117,3.9759,3.9953,2461900,5141000.00,0.01344014,0.005846,1.9394
SZ000976,2006-01-17,3.9759,3.9953,3.9371,3.9565,1735500,3548000.00,0.00947454,0.004121,1.9394
SZ000976,2006-01-18,3.9565,4.0341,3.9371,4.0147,1563200,3219000.00,0.00853391,0.003712,1.9394
SZ000976,2006-01-19,4.0147,4.0341,3.9371,4.0147,2336700,4792000.00,0.01275664,0.005548,1.9394
SZ000976,2006-01-20,4.0147,4.0147,3.9177,3.9371,2594000,5288000.00,0.01416131,0.006159,1.9394
SZ000976,2006-01-23,3.9371,3.9953,3.8983,3.9953,2254900,4587000.00,0.01231007,0.005354,1.9394
SZ000976,2006-01-24,3.9953,4.0147,3.9371,3.9759,2302500,4721000.00,0.01256993,0.005467,1.9394
SZ000976,2006-01-25,3.8789,3.9953,3.7625,3.8789,4715600,9485000.00,0.02574366,0.011197,1.9394
SZ000976,2006-02-06,3.8789,3.9371,3.8013,3.8983,1874600,3758000.00,0.01023392,0.004451,1.9394
SZ000976,2006-02-07,3.8983,4.0341,3.8789,3.9565,3107400,6339000.00,0.01696409,0.007378,1.9394
SZ000976,2006-02-08,3.9565,4.0535,3.9177,4.0341,3281600,6776000.00,0.01791509,0.007792,1.9394
SZ000976,2006-02-09,4.0341,4.1310,3.9953,4.0147,2950300,6156000.00,0.01610644,0.007005,1.9394
SZ000976,2006-02-10,3.9953,4.0923,3.9953,4.0729,3104000,6492000.00,0.01694553,0.007370,1.9394
SZ000976,2006-02-13,4.1310,4.1504,4.0535,4.1504,2836900,5999000.00,0.01548736,0.006736,1.9394
SZ000976,2006-02-14,4.1698,4.1698,4.1117,4.1504,2404800,5129000.00,0.01312841,0.005710,1.9394
SZ000976,2006-02-15,4.1698,4.1892,4.0923,4.1892,5285700,11333000.00,0.02885598,0.012551,1.9394
SZ000976,2006-02-16,4.2086,4.2086,4.0341,4.0729,4200300,8871000.00,0.02293051,0.009974,1.9394
SZ000976,2006-02-17,4.1117,4.2086,4.0923,4.1310,11227500,23985000.00,0.06129378,0.026659,1.9394
SZ000976,2006-02-20,4.1310,4.1504,4.0341,4.0729,2876500,6073000.00,0.01570355,0.006830,1.9394
SZ000976,2006-02-21,4.1117,4.1504,3.9953,4.1504,3463500,7301000.00,0.01890813,0.008224,1.9394
SZ000976,2006-02-22,4.1698,4.2086,4.1504,4.1698,7469200,16106000.00,0.04077626,0.017735,1.9394
SZ000976,2006-02-23,4.1698,4.1698,4.0923,4.1504,2138100,4549000.00,0.01167243,0.005077,1.9394
SZ000976,2006-02-24,4.1310,4.1698,4.0729,4.1504,1840600,3909000.00,0.01004830,0.004370,1.9394
SZ000976,2006-02-27,4.1698,4.1892,4.1117,4.1504,2344900,5031000.00,0.01280141,0.005568,1.9394
SZ000976,2006-02-28,4.1310,4.1504,4.0729,4.1117,1741000,3688000.00,0.00950456,0.004134,1.9394
SZ000976,2006-03-01,4.1310,4.1310,4.0729,4.1310,1595100,3377000.00,0.00870806,0.003788,1.9394
SZ000976,2006-03-02,4.1310,4.1310,3.9953,4.0147,1997700,4188000.00,0.01090595,0.004743,1.9394
SZ000976,2006-03-03,4.0147,4.0729,3.9565,4.0147,2050100,4238000.00,0.01119202,0.004868,1.9394
SZ000976,2006-03-06,4.0147,4.0147,3.9565,3.9759,1446800,2972000.00,0.00789845,0.003435,1.9394
SZ000976,2006-03-07,3.9371,3.9953,3.8789,3.8789,1742400,3537000.00,0.00951220,0.004137,1.9394
SZ000976,2006-03-08,3.8401,3.8983,3.8207,3.8789,1228200,2442000.00,0.00670506,0.002916,1.9394
SZ000976,2006-03-09,3.8789,3.8983,3.8401,3.8401,846200,1684000.00,0.00461962,0.002009,1.9394
SZ000976,2006-03-10,3.8207,3.8595,3.7625,3.8013,983200,1937000.00,0.00536754,0.002335,1.9394
SZ000976,2006-03-13,3.7819,3.8401,3.7819,3.7819,922800,1809000.00,0.00503780,0.002191,1.9394
SZ000976,2006-03-14,3.7819,3.8207,3.7819,3.8013,866600,1699000.00,0.00473099,0.002058,1.9394
SZ000976,2006-03-15,3.8013,3.8595,3.7819,3.8401,795100,1568000.00,0.00434065,0.001888,1.9394
SZ000976,2006-03-16,3.8401,3.8401,3.7625,3.8013,1512900,2954000.00,0.00825931,0.003592,1.9394
SZ000976,2006-03-17,3.8013,3.8207,3.7432,3.8013,1099300,2141000.00,0.00600136,0.002610,1.9394
SZ000976,2006-03-20,3.7432,3.8595,3.7432,3.8595,1407700,2769000.00,0.00768499,0.003343,1.9394
SZ000976,2006-03-21,3.8595,3.9565,3.8207,3.9371,3641700,7335000.00,0.01988097,0.008647,1.9394
SZ000976,2006-03-22,3.9759,3.9953,3.9371,3.9565,5730400,11754000.00,0.03128371,0.013607,1.9394
SZ000976,2006-03-23,3.9565,3.9565,3.8983,3.9177,1400600,2826000.00,0.00764623,0.003326,1.9394
SZ000976,2006-03-24,3.9565,3.9565,3.8983,3.8983,1290900,2602000.00,0.00704735,0.003065,1.9394
SZ000976,2006-03-27,3.8983,3.9371,3.8789,3.9371,1113700,2236000.00,0.00607997,0.002644,1.9394
SZ000976,2006-03-28,3.9565,3.9565,3.8983,3.9177,1165500,2349000.00,0.00636276,0.002767,1.9394
SZ000976,2006-03-29,3.9371,3.9371,3.8789,3.8983,1922200,3862000.00,0.01049378,0.004564,1.9394
SZ000976,2006-03-30,3.8983,4.0341,3.8595,3.9953,5940800,12172000.00,0.03243234,0.014106,1.9394
SZ000976,2006-03-31,3.9953,3.9953,3.8595,3.8595,2546500,5119000.00,0.01390199,0.006047,1.9394
SZ000976,2006-04-03,3.8595,3.8789,3.7625,3.8595,2220900,4364000.00,0.01212446,0.005273,1.9394
SZ000976,2006-04-04,3.8595,3.8789,3.8207,3.8595,1456400,2884000.00,0.00795086,0.003458,1.9394
SZ000976,2006-04-05,3.8789,3.8789,3.8207,3.8595,2253200,4464000.00,0.01230079,0.005350,1.9394
SZ000976,2006-04-06,3.8595,3.9565,3.8401,3.9177,3167300,6369000.00,0.01729110,0.007521,1.9394
SZ000976,2006-04-07,3.9177,4.3056,3.8983,4.3056,16173900,34586000.00,0.08829743,0.038405,1.9394
SZ000976,2006-04-10,4.2862,4.5965,4.1698,4.4414,18209200,41396000.00,0.09940865,0.043237,1.9394
SZ000976,2006-04-11,4.4414,4.5383,4.3444,4.3832,8241900,18755000.00,0.04499463,0.019570,1.9394
SZ000976,2006-04-12,4.4414,4.8293,4.4220,4.7129,19452800,47886000.00,0.10619778,0.046190,1.9394
SZ000976,2006-04-13,4.6935,5.0038,4.6547,4.9262,14928000,37160000.00,0.08149575,0.035446,1.9394
SZ000976,2006-04-14,4.9262,5.2366,4.8099,5.1978,15938200,41559000.00,0.08701069,0.037845,1.9394
SZ000976,2006-04-27,5.7214,5.7214,5.7214,5.7214,2454800,7241000.00,0.01340138,0.005829,1.9394
SZ000976,2006-04-28,5.8960,6.2839,5.5081,6.2063,19391700,60276000.00,0.10586422,0.046045,1.9394
SZ000976,2006-05-08,6.1869,6.5360,6.0511,6.2645,10926900,35228000.00,0.05965273,0.025946,1.9394
SZ000976,2006-05-09,6.2645,6.4002,6.0899,6.3033,7784800,25191000.00,0.04249920,0.018485,1.9394
SZ000976,2006-05-10,6.3033,6.7300,6.3033,6.6524,10441700,35303000.00,0.05700390,0.024794,1.9394
SZ000976,2006-05-12,7.2536,7.3118,6.8463,7.3118,16641700,61334000.00,0.09085127,0.039515,1.9394
SZ000976,2006-05-31,8.0098,9.1120,7.7158,8.7446,85881400,205340000.00,0.24576445,0.146395,3.6742
SZ000976,2006-06-01,8.6711,8.9651,8.4507,8.9283,41258000,98437000.00,0.11806689,0.070329,3.6742
SZ000976,2006-06-02,8.9283,9.8101,8.7446,9.8101,56477700,145024000.00,0.16162069,0.096273,3.6742
SZ000976,2006-06-05,9.9204,10.7654,9.8101,10.3613,57283600,159720000.00,0.16392691,0.097646,3.6742
SZ000976,2006-06-06,10.3613,10.4715,9.9571,10.0306,21964800,60682000.00,0.06285607,0.037442,3.6742
SZ000976,2006-06-07,10.0306,10.2878,9.0386,9.0386,24310600,63340000.00,0.06956898,0.041440,3.6742
SZ000976,2006-06-08,8.7814,9.5897,8.4507,9.5530,22361000,53957000.00,0.06398986,0.038117,3.6742
SZ000976,2006-06-09,9.4795,9.8469,9.0753,9.5530,27265000,70834000.00,0.07802350,0.046476,3.6742
SZ000976,2006-06-12,9.5530,9.7734,9.2958,9.3325,24323300,62975000.00,0.06960532,0.041462,3.6742
SZ000976,2006-06-13,8.4139,8.4139,8.4139,8.4139,6939100,15890000.00,0.01985743,0.011828,3.6742
SZ000976,2006-06-14,7.5689,7.5689,7.5689,7.5689,4094800,8435000.00,0.01171798,0.006980,3.6742
SZ000976,2006-06-15,6.9810,7.9363,6.9810,7.6424,33836900,68739000.00,0.09683013,0.057679,3.6742
SZ000976,2006-06-16,7.4586,8.4139,7.2749,8.3037,33211400,70224000.00,0.09504015,0.056613,3.6742
SZ000976,2006-06-19,8.2302,8.3037,7.8261,8.0465,20689200,45465000.00,0.05920572,0.035267,3.6742
SZ000976,2006-06-20,8.0098,8.1935,7.8628,8.0465,11827200,25756000.00,0.03384557,0.020161,3.6742
SZ000976,2006-06-21,8.0465,8.3772,7.8628,8.1567,16900500,37297000.00,0.04836370,0.028809,3.6742
SZ000976,2006-06-22,8.1567,8.3037,8.0465,8.1935,10386100,23050000.00,0.02972162,0.017704,3.6742
SZ000976,2006-06-23,8.1567,8.1935,7.9363,8.0465,9419600,20588000.00,0.02695581,0.016057,3.6742
SZ000976,2006-06-26,8.0465,8.0833,7.8628,8.0465,10567800,22984000.00,0.03024158,0.018014,3.6742
SZ000976,2006-06-27,8.0465,8.0833,7.9363,7.9730,7712900,16747000.00,0.02207179,0.013148,3.6742
SZ000976,2006-06-28,7.9730,8.3772,7.7893,8.1935,17129900,37435000.00,0.04902017,0.029200,3.6742
SZ000976,2006-06-29,8.1567,8.6711,8.0833,8.5242,23809800,54312000.00,0.06813585,0.040587,3.6742
SZ000976,2006-06-30,8.4507,8.6344,8.3405,8.4139,13088300,30148000.00,0.03744702,0.022311,3.6742
SZ000976,2006-07-03,8.4874,8.5609,8.2670,8.4507,10797500,24775000.00,0.03089280,0.018406,3.6742
SZ000976,2006-07-04,8.4507,8.7446,8.3405,8.6344,14581200,34161000.00,0.04171837,0.024855,3.6742
SZ000976,2006-07-05,8.6344,8.6711,8.1935,8.3405,10786200,24580000.00,0.03086047,0.018386,3.6742
SZ000976,2006-07-06,8.3037,8.7079,8.2302,8.5609,12788200,29845000.00,0.03658840,0.021799,3.6742
SZ000976,2006-07-07,8.5609,8.7446,8.4874,8.5977,10488200,24632000.00,0.03000786,0.017878,3.6742
SZ000976,2006-07-10,8.5977,8.7079,8.3037,8.5242,8998400,20702000.00,0.02574538,0.015339,3.6742
SZ000976,2006-07-11,8.5242,8.5977,8.3405,8.4139,7160200,16446000.00,0.02048610,0.012205,3.6742
SZ000976,2006-07-12,8.3405,8.5242,8.2670,8.3405,9055200,20649000.00,0.02590789,0.015436,3.6742
SZ000976,2006-07-13,8.3405,8.3772,7.4954,7.6424,15809500,34012000.00,0.04523266,0.026949,3.6742
SZ000976,2006-07-14,7.6424,7.8261,7.4954,7.7158,7286400,15256000.00,0.02084717,0.012421,3.6742
SZ000976,2006-07-17,7.6424,7.7526,7.6056,7.7526,4348200,9098000.00,0.01244066,0.007412,3.6742
SZ000976,2006-07-18,8.0833,8.5242,8.0098,8.5242,11414100,26091000.00,0.03265696,0.019457,3.6742
SZ000976,2006-07-19,9.1120,9.1120,8.5242,8.6711,36818000,88198000.00,0.10534022,0.062761,3.6742
SZ000976,2006-07-20,8.6344,9.5530,8.4874,9.5530,40911900,102722000.00,0.11705331,0.069739,3.6742
SZ000976,2006-07-25,9.4060,9.7734,8.8916,9.4060,28654400,72549000.00,0.08198329,0.048845,3.6742
SZ000976,2006-07-26,9.3325,9.5162,9.0018,9.1855,18204900,45803000.00,0.05208616,0.031032,3.6742
SZ000976,2006-07-27,9.0018,9.1488,8.6711,8.8548,16469000,39744000.00,0.04711956,0.028073,3.6742
SZ000976,2006-07-28,8.7814,9.7367,8.6711,9.7367,44890200,115350000.00,0.12843565,0.076521,3.6742
SZ000976,2006-07-31,9.5530,10.2143,9.0386,9.6632,43699200,114872000.00,0.12502807,0.074490,3.6742
SZ000976,2006-08-01,9.4795,10.2511,9.4795,9.8836,34606800,93302000.00,0.09901374,0.058991,3.6742
SZ000976,2006-08-02,9.8836,10.0306,9.0753,9.3692,20642100,53439000.00,0.05905925,0.035187,3.6742
SZ000976,2006-08-03,9.2223,10.0306,9.1855,9.8836,23505200,62049000.00,0.06725088,0.040067,3.6742
SZ000976,2006-08-04,9.7734,10.2511,9.4795,9.5897,27581300,74671000.00,0.07891304,0.047015,3.6742
SZ000976,2006-08-07,9.3692,9.9204,9.1120,9.8101,21779300,56699000.00,0.06231290,0.037125,3.6742
SZ000976,2006-08-08,9.8101,10.7654,9.7734,10.5083,43845700,122251000.00,0.12544722,0.074740,3.6742
SZ000976,2006-08-09,10.3980,10.6552,10.1408,10.4348,26026400,73830000.00,0.07446430,0.044365,3.6742
SZ000976,2006-08-10,10.2878,10.4715,10.1408,10.2878,20038600,56094000.00,0.05733257,0.034158,3.6742
SZ000976,2006-08-11,10.2878,10.8389,10.2878,10.6185,28682000,82811000.00,0.08206226,0.048892,3.6742
SZ000976,2006-08-14,10.5450,10.6920,9.7734,9.8469,26685900,74046000.00,0.07635120,0.045489,3.6742
SZ000976,2006-08-15,9.6999,10.2143,9.5530,10.1408,15032300,40770000.00,0.04300901,0.025624,3.6742
SZ000976,2006-08-16,10.1041,10.4348,9.6632,10.2511,22726500,62358000.00,0.06502294,0.038740,3.6742
SZ000976,2006-08-17,10.3980,10.8022,10.3245,10.3613,35974600,103209000.00,0.10292716,0.061323,3.6742
SZ000976,2006-08-18,10.1776,10.3980,9.9571,9.9939,15749200,43401000.00,0.04506014,0.026846,3.6742
SZ000976,2006-08-21,9.6632,10.0306,9.3692,10.0306,12250100,32702000.00,0.03504884,0.020882,3.6742
SZ000976,2006-08-22,9.9204,9.9939,9.7734,9.8101,11590500,31172000.00,0.03316166,0.019757,3.6742
SZ000976,2006-08-23,9.8101,9.8836,9.5530,9.6632,14681900,38661000.00,0.04200648,0.025027,3.6742
SZ000976,2006-08-24,9.6264,9.6999,9.2590,9.4795,12721000,32775000.00,0.03639614,0.021684,3.6742
SZ000976,2006-08-25,9.4427,9.8101,9.4060,9.5162,11009700,28879000.00,0.03149992,0.018767,3.6742
SZ000976,2006-08-28,9.5530,9.7367,9.4060,9.6264,9600200,25066000.00,0.02746720,0.016365,3.6742
SZ000976,2006-08-29,9.6632,9.9939,9.5530,9.7734,17626900,47206000.00,0.05043244,0.030047,3.6742
SZ000976,2006-08-30,9.6999,9.8469,9.5530,9.6999,9347700,24595000.00,0.02674477,0.015934,3.6742
SZ000976,2006-08-31,9.6999,9.8836,9.6632,9.7367,9900500,26305000.00,0.02832639,0.016877,3.6742
SZ000976,2006-09-01,9.7367,9.7734,9.2590,9.2958,15591400,39947000.00,0.04460866,0.026577,3.6742
SZ000976,2006-09-04,9.2958,9.6264,9.1488,9.5897,12126600,30921000.00,0.03469549,0.020671,3.6742
SZ000976,2006-09-05,9.5162,9.6632,9.4060,9.4427,8625700,22355000.00,0.02467905,0.014704,3.6742
SZ000976,2006-09-06,9.4427,9.4795,9.2590,9.4060,5407200,13778000.00,0.01547058,0.009217,3.6742
SZ000976,2006-09-07,9.4060,9.4060,9.1855,9.2223,6452300,16269000.00,0.01846072,0.010999,3.6742
SZ000976,2006-09-08,9.2223,9.3325,9.1488,9.2223,4603400,11576000.00,0.01317082,0.007847,3.6742
SZ000976,2006-09-11,9.2223,9.4427,9.2223,9.4060,5133500,13015000.00,0.01468749,0.008751,3.6742
SZ000976,2006-09-12,9.4427,9.4795,9.2958,9.3325,4796800,12213000.00,0.01372416,0.008177,3.6742
SZ000976,2006-09-13,9.2958,9.3325,9.1488,9.1855,5810900,14572000.00,0.01662560,0.009905,3.6742
SZ000976,2006-09-14,9.1855,10.1041,9.1120,9.8469,35062600,93851000.00,0.10031783,0.059768,3.6742
SZ000976,2006-09-15,9.7367,9.9939,9.6632,9.7367,13355500,35520000.00,0.03821151,0.022766,3.6742
SZ000976,2006-09-18,9.7367,9.8469,9.6632,9.7734,7755700,20606000.00,0.02218988,0.013220,3.6742
SZ000976,2006-09-19,9.8101,10.0306,9.6264,9.8836,12622800,33888000.00,0.03611518,0.021517,3.6742
SZ000976,2006-09-20,9.8101,9.8836,9.7367,9.7734,5633600,15012000.00,0.01611833,0.009603,3.6742
SZ000976,2006-09-21,9.7734,9.8101,9.5897,9.6264,6370000,16781000.00,0.01822525,0.010858,3.6742
SZ000976,2006-09-22,9.6264,9.8469,9.4427,9.4427,5708000,14979000.00,0.01633120,0.009730,3.6742
SZ000976,2006-09-25,9.3692,9.4427,9.1855,9.2590,6548900,16553000.00,0.01873710,0.011163,3.6742
SZ000976,2006-09-26,9.1855,9.4060,9.1855,9.3325,4196700,10618000.00,0.01200721,0.007154,3.6742
SZ000976,2006-09-27,9.3325,9.3692,9.2590,9.3692,2868200,7270000.00,0.00820623,0.004889,3.6742
SZ000976,2006-09-28,9.3692,9.4060,9.2590,9.3692,4432800,11234000.00,0.01268271,0.007556,3.6742
SZ000976,2006-09-29,9.3325,9.6999,9.2590,9.5530,7914900,20363000.00,0.02264537,0.013492,3.6742
SZ000976,2006-10-09,9.5162,9.6632,9.3692,9.4795,8758400,22647000.00,0.02505872,0.014930,3.6742
SZ000976,2006-10-10,9.4795,9.8469,9.4795,9.6632,10446800,27532000.00,0.02988941,0.017808,3.6742
SZ000976,2006-10-11,9.6632,9.8469,9.4060,9.7734,9956600,26116000.00,0.02848689,0.016972,3.6742
SZ000976,2006-10-12,9.7367,10.7654,9.6264,10.1041,26369800,74043000.00,0.07544681,0.044950,3.6742
SZ000976,2006-10-13,10.0306,10.6552,9.8101,9.8469,17284200,47552000.00,0.04945194,0.029463,3.6742
SZ000976,2006-10-16,9.8101,9.9939,9.6999,9.8469,7150300,19169000.00,0.02045777,0.012189,3.6742
SZ000976,2006-10-17,9.8469,9.9571,9.6999,9.8101,5020000,13384000.00,0.01436275,0.008557,3.6742
SZ000976,2006-10-18,9.7734,10.2511,9.6999,10.1041,11566100,31511000.00,0.03309184,0.019716,3.6742
SZ000976,2006-10-19,10.2878,10.2878,9.8469,9.8836,8849900,24143000.00,0.02532051,0.015086,3.6742
SZ000976,2006-10-20,9.8836,9.9571,9.6264,9.6999,5647000,14978000.00,0.01615667,0.009626,3.6742
SZ000976,2006-10-23,9.6999,9.6999,9.1488,9.1488,10377000,26481000.00,0.02968970,0.017689,3.6742
SZ000976,2006-10-24,9.2223,9.4795,9.2223,9.4060,6077700,15467000.00,0.01738895,0.010360,3.6742
SZ000976,2006-10-25,9.4060,9.6264,9.2590,9.4427,5995700,15329000.00,0.01715434,0.010220,3.6742
SZ000976,2006-10-26,9.4427,9.5897,9.2223,9.4795,5831000,14841000.00,0.01668311,0.009940,3.6742
SZ000976,2006-10-27,9.4060,9.5162,8.8181,8.8548,9462900,23440000.00,0.02707437,0.016131,3.6742
SZ000976,2006-10-30,8.8916,9.0753,8.8916,9.0753,4237600,10401000.00,0.01212423,0.007223,3.6742
SZ000976,2006-10-31,9.1120,9.1855,8.9283,9.0753,4306600,10551000.00,0.01232164,0.007341,3.6742
SZ000976,2006-11-01,9.0753,9.1120,8.8548,8.9651,5669500,13779000.00,0.01622104,0.009664,3.6742
SZ000976,2006-11-02,8.9283,8.9651,8.6344,8.7446,8227200,19578000.00,0.02353890,0.014024,3.6742
SZ000976,2006-11-03,8.7446,8.9651,8.6344,8.8548,5154100,12361000.00,0.01474643,0.008786,3.6742
SZ000976,2006-11-06,8.7446,8.8548,8.6344,8.6711,4820600,11460000.00,0.01379225,0.008217,3.6742
SZ000976,2006-11-07,8.6711,8.6711,8.2670,8.3772,8092700,18529000.00,0.02315408,0.013795,3.6742
SZ000976,2006-11-08,8.3772,8.6711,8.2670,8.4874,4573300,10608000.00,0.01308470,0.007796,3.6742
SZ000976,2006-11-09,8.4874,8.6711,8.4874,8.5242,3340100,7784000.00,0.00955638,0.005694,3.6742
SZ000976,2006-11-10,8.4874,8.5609,8.1935,8.2670,5538700,12571000.00,0.01584681,0.009441,3.6742
SZ000976,2006-11-13,8.2670,8.3037,7.8995,8.0098,5742500,12668000.00,0.01642990,0.009789,3.6742
SZ000976,2006-11-14,8.0098,8.1200,7.8261,8.1200,3514300,7643704.00,0.01005479,0.005991,3.6742
SZ000976,2006-11-15,8.0833,8.1567,7.9363,8.1200,4184400,9165819.00,0.01197201,0.007133,3.6742
SZ000976,2006-11-17,7.8995,8.3037,7.8995,8.3037,5068800,11246246.00,0.01450238,0.008640,3.6742
SZ000976,2006-11-20,8.3772,8.4507,8.1567,8.3405,4090300,9212406.00,0.01170278,0.006972,3.6742
SZ000976,2006-11-21,8.3037,8.3037,8.0465,8.1200,4025700,8927289.00,0.01151796,0.006862,3.6742
SZ000976,2006-11-22,8.0833,8.4139,8.0098,8.3037,5126500,11492143.00,0.01466746,0.008739,3.6742
SZ000976,2006-11-23,8.3037,8.4507,8.2302,8.4139,5042700,11479866.00,0.01442770,0.008596,3.6742
SZ000976,2006-11-24,8.4507,8.4507,8.2670,8.4139,3793500,8644856.00,0.01085361,0.006466,3.6742
SZ000976,2006-11-27,8.3405,8.5242,8.3037,8.4507,5395400,12303271.00,0.01543681,0.009197,3.6742
SZ000976,2006-11-28,8.4874,8.5242,8.3772,8.4507,4466500,10268846.00,0.01277913,0.007614,3.6742
SZ000976,2006-11-29,8.4139,8.5977,8.2302,8.4874,6470100,14808833.00,0.01851165,0.011029,3.6742
SZ000976,2006-11-30,8.4139,8.5609,8.4139,8.4874,7569900,17519288.00,0.02165829,0.012904,3.6742
SZ000976,2006-12-01,8.4874,8.5242,8.3405,8.4139,7290500,16623016.00,0.02085890,0.012427,3.6742
SZ000976,2006-12-04,8.3772,8.7079,8.2670,8.6344,10483400,24306976.00,0.02999412,0.017870,3.6742
SZ000976,2006-12-05,8.5609,8.7814,8.4874,8.7079,10350300,24360736.00,0.02961331,0.017643,3.6742
SZ000976,2006-12-06,8.7814,9.0386,8.5977,8.9651,22362900,53961408.00,0.06398264,0.038120,3.6742
SZ000976,2006-12-07,8.9283,9.0386,8.7079,8.7079,13427300,32435548.00,0.03841694,0.022888,3.6742
SZ000976,2006-12-08,8.6344,8.6711,8.3037,8.3037,9854700,22730810.00,0.02819535,0.016798,3.6742
SZ000976,2006-12-11,8.3037,8.5977,8.2670,8.5977,6502300,15012132.00,0.01860377,0.011084,3.6742
SZ000976,2006-12-12,8.5977,8.9651,8.4139,8.9651,15370200,36570736.00,0.04397578,0.026200,3.6742
SZ000976,2006-12-13,8.9651,8.9651,8.6344,8.7446,13167300,31383492.00,0.03767305,0.022445,3.6742
SZ000976,2006-12-14,8.7446,8.8181,8.6711,8.7079,4856300,11531099.00,0.01389439,0.008278,3.6742
SZ000976,2006-12-15,8.7446,8.7446,8.5609,8.6344,6411700,15043890.00,0.01834456,0.010929,3.6742
SZ000976,2006-12-18,8.6711,8.8548,8.5242,8.6711,8454600,19982452.00,0.02418951,0.014412,3.6742
SZ000976,2006-12-19,8.6711,8.7079,8.4507,8.5609,8562100,19856710.00,0.02449708,0.014595,3.6742
SZ000976,2006-12-20,8.5242,8.6711,8.4507,8.6344,7622600,17768568.00,0.02180907,0.012994,3.6742
SZ000976,2006-12-21,8.5242,8.8916,8.5242,8.7446,15851200,37567548.00,0.04535197,0.027020,3.6742
SZ000976,2006-12-22,8.6344,8.8181,8.5609,8.6344,6805100,16034540.00,0.01947012,0.011600,3.6742
SZ000976,2006-12-25,8.5977,9.0018,8.5977,8.9651,17091400,40969136.00,0.04890032,0.029134,3.6742
SZ000976,2006-12-26,8.9651,9.6264,8.7814,9.3325,37224500,92592232.00,0.10650326,0.063453,3.6742
SZ000976,2006-12-27,9.1488,9.1855,8.8916,8.9651,14487700,35613608.00,0.04145085,0.024696,3.6742
SZ000976,2006-12-28,9.0018,9.0386,8.5609,8.6344,8560200,20372086.00,0.02449164,0.014592,3.6742
SZ000976,2006-12-29,8.6344,8.8181,8.5242,8.6344,6687000,15743348.00,0.01913222,0.011399,3.6742
SZ000976,2007-01-04,8.7079,8.8548,8.4507,8.7079,12423700,29235544.00,0.03554553,0.021178,3.6742
SZ000976,2007-01-05,8.7814,9.0018,8.6344,9.0018,11659400,28189268.00,0.03335879,0.019875,3.6742
SZ000976,2007-01-08,9.0018,9.3692,9.0018,9.3325,14331300,35877916.00,0.04100338,0.024429,3.6742
SZ000976,2007-01-09,9.7367,10.2511,9.6264,10.2511,53531900,146461504.00,0.15316047,0.091251,3.6742
SZ000976,2007-01-10,10.3613,10.3613,9.9571,10.2878,45261900,126002496.00,0.12949912,0.077154,3.6742
SZ000976,2007-01-11,10.2143,10.8389,9.9939,10.2878,32776200,92678392.00,0.09377620,0.055871,3.6742
SZ000976,2007-01-12,10.2878,10.5450,9.5897,9.6632,18088500,49644640.00,0.05175313,0.030834,3.6742
SZ000976,2007-01-15,9.5530,10.1408,9.4795,10.1041,12210400,33099332.00,0.03493526,0.020814,3.6742
SZ000976,2007-01-16,10.1041,10.2878,9.9571,10.1408,11463000,31548208.00,0.03279686,0.019540,3.6742
SZ000976,2007-01-17,10.2878,11.0226,10.2878,10.8389,39351400,115042272.00,0.11258855,0.067079,3.6742
SZ000976,2007-01-18,10.7654,10.9492,10.4348,10.8022,16867700,48902800.00,0.04826029,0.028753,3.6742
SZ000976,2007-01-19,10.8022,11.5003,10.6552,11.3166,26916700,81126208.00,0.07701155,0.045883,3.6742
SZ000976,2007-01-22,11.5370,12.4189,11.0226,12.3821,32118500,101442960.00,0.09189445,0.054750,3.6742
SZ000976,2007-01-23,12.2719,12.3086,11.5003,12.1249,27755700,90090336.00,0.07941202,0.047313,3.6742
SZ000976,2007-01-24,12.0882,12.4189,11.6473,12.0147,14713000,48460424.00,0.04209546,0.025080,3.6742
SZ000976,2007-01-25,11.9045,11.9412,11.0594,11.1329,23756800,73721904.00,0.06797074,0.040496,3.6742
SZ000976,2007-01-26,11.0594,11.1696,10.2143,10.9124,18402600,53781008.00,0.05265180,0.031369,3.6742
SZ000976,2007-01-29,11.1696,11.3166,10.9492,11.3166,12884600,39175980.00,0.03686421,0.021963,3.6742
SZ000976,2007-01-30,11.3166,11.7575,11.2064,11.2798,14720000,45629240.00,0.04211549,0.025092,3.6742
SZ000976,2007-01-31,11.2798,11.3533,10.2878,10.4715,16325700,48229960.00,0.04670957,0.027829,3.6742
SZ000976,2007-02-01,10.3613,10.6920,10.1408,10.6185,12518900,35586072.00,0.03581791,0.021340,3.6742
SZ000976,2007-02-02,10.6185,11.1696,10.5083,10.6920,12954900,38409648.00,0.03706535,0.022083,3.6742
SZ000976,2007-02-05,10.7287,11.1696,10.7287,10.9859,7351000,21851732.00,0.02103199,0.012531,3.6742
SZ000976,2007-02-06,11.1696,12.0514,11.0226,11.9779,23162600,73058136.00,0.06627067,0.039483,3.6742
SZ000976,2007-02-07,12.2719,12.5658,11.9779,12.1249,38272700,127330856.00,0.10950227,0.065240,3.6742
SZ000976,2007-02-08,12.1984,12.3821,11.7208,12.0514,17434800,57371408.00,0.04988282,0.029720,3.6742
SZ000976,2007-02-09,12.0514,12.6761,12.0514,12.3821,24102400,81853400.00,0.06895953,0.041085,3.6742
SZ000976,2007-02-12,12.4923,12.9332,12.4189,12.4556,16234700,55799128.00,0.04644921,0.027674,3.6742
SZ000976,2007-02-13,12.6026,12.6393,12.1249,12.4189,13596800,45651672.00,0.03890189,0.023177,3.6742
SZ000976,2007-02-14,12.4556,12.6761,12.2719,12.5658,13550600,46206616.00,0.03876971,0.023099,3.6742
SZ000976,2007-02-15,12.5658,13.8151,12.5658,13.8151,29518300,106207264.00,0.08445500,0.050317,3.6742
SZ000976,2007-02-16,13.8151,15.1378,13.5211,14.3662,24561600,95311488.00,0.07027335,0.041868,3.6742
SZ000976,2007-02-26,14.5499,15.7991,14.5499,15.7991,21654700,91285248.00,0.06195640,0.036913,3.6742
SZ000976,2007-02-27,15.7991,17.1954,14.2192,14.2192,37908600,162242352.00,0.10846054,0.064620,3.6742
SZ000976,2007-02-28,14.2560,15.6522,14.2560,15.6522,28265700,115671504.00,0.08087118,0.048182,3.6742
SZ000976,2007-03-01,16.5340,16.5340,15.4317,16.0931,31496800,137110672.00,0.09011570,0.053690,3.6742
SZ000976,2007-03-02,16.0931,16.4605,15.7257,15.8726,16703900,72787744.00,0.04779164,0.028474,3.6742
SZ000976,2007-03-05,15.9829,16.3503,14.6969,15.5420,19405600,82450768.00,0.05552149,0.033079,3.6742
SZ000976,2007-03-06,15.4317,15.5052,14.8806,15.1745,12368400,51161768.00,0.03538731,0.021083,3.6742
SZ000976,2007-03-07,15.3215,16.0196,15.3215,15.8359,13793000,58742336.00,0.03946324,0.023512,3.6742
SZ000976,2007-03-08,16.1666,17.4158,15.8359,17.1586,29047000,131017976.00,0.08310656,0.049514,3.6742
SZ000976,2007-03-12,15.4317,17.0851,15.4317,17.0116,42166400,186047520.00,0.12064256,0.071877,3.6742
SZ000976,2007-03-13,16.7544,17.5995,16.3503,17.4158,37157600,171904288.00,0.10631185,0.063339,3.6742
SZ000976,2007-03-14,17.1954,18.5548,16.2033,17.9669,41332900,197298288.00,0.11825783,0.070457,3.6742
SZ000976,2007-03-15,17.6730,18.7018,17.6363,18.1139,29118300,145138048.00,0.08331056,0.049635,3.6742
SZ000976,2007-03-16,18.0404,18.2976,17.0116,17.2688,29461900,140666544.00,0.08429364,0.050221,3.6742
SZ000976,2007-03-19,17.1954,18.7385,17.1954,18.1139,28966900,142159184.00,0.08287739,0.049377,3.6742
SZ000976,2007-03-20,17.9669,18.1874,17.8200,18.0772,15161100,74287984.00,0.04337752,0.025844,3.6742
SZ000976,2007-03-21,18.1139,18.5916,17.8567,18.2241,15696500,77981440.00,0.04490936,0.026756,3.6742
SZ000976,2007-03-22,18.3344,19.3999,17.8567,18.7018,36022200,180689232.00,0.10306335,0.061404,3.6742
SZ000976,2007-03-23,18.4079,19.3999,18.3711,19.0692,29809800,152763152.00,0.08528901,0.050814,3.6742
SZ000976,2007-03-26,19.1060,20.3185,19.0692,19.9510,34180400,183984432.00,0.09779377,0.058264,3.6742
SZ000976,2007-03-27,20.2082,21.9351,20.0613,21.9351,47881300,276065632.00,0.13699350,0.081619,3.6742
SZ000976,2007-03-28,22.0453,22.3760,19.8041,21.0900,46996800,271500768.00,0.13446285,0.080111,3.6742
SZ000976,2007-03-29,21.0900,21.1268,19.1060,19.1427,36497000,197961296.00,0.10442181,0.062213,3.6742
SZ000976,2007-03-30,19.1060,19.6571,18.4079,19.3632,17598600,92328648.00,0.05035147,0.029999,3.6742
SZ000976,2007-04-02,19.3632,20.3919,19.3632,19.8408,16801700,91172496.00,0.04807145,0.028640,3.6742
SZ000976,2007-04-03,19.8408,20.2082,19.7673,20.1715,14120100,76721096.00,0.04039911,0.024069,3.6742
SZ000976,2007-04-04,20.1715,21.1268,20.1715,20.7961,23666100,132650784.00,0.06771123,0.040342,3.6742
SZ000976,2007-04-05,20.6859,21.6044,20.4654,21.3472,27289700,156819488.00,0.07807874,0.046518,3.6742
SZ000976,2007-04-06,21.3105,22.1923,21.2370,21.7147,34642900,206073424.00,0.09911703,0.059053,3.6742
SZ000976,2007-04-09,22.0453,22.4128,21.3105,21.5309,26350900,156099328.00,0.07539273,0.044918,3.6742
SZ000976,2007-04-10,21.5677,21.6412,20.3919,21.2738,26505600,151472480.00,0.07583535,0.045182,3.6742
SZ000976,2007-04-12,21.6412,22.2658,21.3105,22.0821,26630800,157682576.00,0.07619356,0.045395,3.6742
SZ000976,2007-04-13,22.0086,22.1923,21.3472,21.4207,24653400,146413360.00,0.07053600,0.042025,3.6742
SZ000976,2007-04-16,21.3472,23.5518,21.3105,23.5518,36498400,228428336.00,0.10442581,0.062216,3.6742
SZ000976,2007-04-17,24.9847,25.9033,24.9847,25.9033,14969000,104580336.00,0.04282790,0.025516,3.6742
SZ000976,2007-04-18,28.4752,28.5120,26.2707,28.5120,56401800,429893024.00,0.16137156,0.096143,3.6742
SZ000976,2007-04-26,26.6381,29.3203,25.6461,27.0056,55678600,407980096.00,0.15930241,0.094911,3.6742
SZ000976,2007-04-27,26.6014,29.7245,24.9847,29.7245,66791700,495310368.00,0.19109817,0.113854,3.6742
SZ000976,2007-09-17,32.7006,32.7006,32.7006,32.7006,611300,5440917.00,0.00174899,0.001042,3.6742
SZ000976,2007-09-18,35.9707,35.9707,35.9707,35.9707,325100,3182748.00,0.00093015,0.000554,3.6742
SZ000976,2007-09-19,39.5714,39.5714,39.5714,39.5714,268400,2890915.00,0.00076792,0.000458,3.6742
SZ000976,2007-09-20,43.5396,43.5396,43.5396,43.5396,675800,8008277.00,0.00193354,0.001152,3.6742
SZ000976,2007-09-21,47.9119,47.9119,44.1275,47.9119,57507400,737434304.00,0.16453480,0.098028,3.6742
SZ000976,2007-09-24,47.9119,47.9487,43.1354,43.1354,35544400,437577408.00,0.10169632,0.060590,3.6742
SZ000976,2007-09-25,40.4165,42.8782,38.9836,39.7184,26956600,297870912.00,0.07712570,0.045951,3.6742
SZ000976,2007-09-26,39.6449,41.4085,38.5794,40.0491,15386900,168707248.00,0.04402356,0.026229,3.6742
SZ000976,2007-09-27,40.2695,41.3351,39.3510,39.7184,8929000,97554824.00,0.02554682,0.015221,3.6742
SZ000976,2007-09-28,40.0123,41.1513,39.0203,40.0858,14126900,153978656.00,0.04041857,0.024081,3.6742
SZ000976,2007-10-08,40.4165,42.2536,39.3877,41.1146,16039900,177506944.00,0.04589186,0.027342,3.6742
SZ000976,2007-10-09,40.4900,43.9805,40.4165,42.3271,12803800,148341008.00,0.03663304,0.021826,3.6742
SZ000976,2007-10-10,42.2536,43.1722,39.7184,40.0491,12233700,136807056.00,0.03500192,0.020854,3.6742
SZ000976,2007-10-11,39.6817,40.0491,36.9627,37.0362,14206000,147759520.00,0.04064488,0.024216,3.6742
SZ000976,2007-10-12,36.7790,37.8445,33.3252,34.5377,20679200,195619888.00,0.05916539,0.035250,3.6742
SZ000976,2007-10-15,34.5010,35.9707,32.7741,34.5745,12860000,120179232.00,0.03679383,0.021921,3.6742
SZ000976,2007-10-16,34.1703,35.4563,33.1048,34.6847,9895200,92341168.00,0.02831122,0.016868,3.6742
SZ000976,2007-10-17,34.5010,35.2358,33.7294,34.2805,7624800,71375768.00,0.02181537,0.012997,3.6742
SZ000976,2007-10-18,34.4642,34.8684,31.5983,31.7086,13533800,120682592.00,0.03872164,0.023070,3.6742
SZ000976,2007-10-19,31.6351,33.0313,31.6351,31.8923,8000900,70098968.00,0.02289143,0.013638,3.6742
SZ000976,2007-10-22,31.5983,32.1495,30.2389,30.2756,6904100,58755064.00,0.01975337,0.011769,3.6742
SZ000976,2007-10-23,30.2756,30.9737,29.4673,30.9737,9642300,78822936.00,0.02758765,0.016436,3.6742
SZ000976,2007-10-24,31.0105,31.0105,28.8427,29.0264,7261400,59148936.00,0.02077564,0.012378,3.6742
SZ000976,2007-10-25,28.6590,31.9290,26.1237,30.4961,27146800,208261072.00,0.07766989,0.046275,3.6742
SZ000976,2007-10-26,28.9896,31.7821,27.9241,29.6510,14519100,118840432.00,0.04154069,0.024749,3.6742
SZ000976,2007-10-29,29.7612,30.1287,27.9976,29.3938,8374900,65574072.00,0.02396148,0.014276,3.6742
SZ000976,2007-10-30,29.3203,31.0472,28.1446,30.4593,9365500,76264880.00,0.02679569,0.015965,3.6742
SZ000976,2007-10-31,30.2389,32.9946,29.9817,32.0760,13082000,113371640.00,0.03742900,0.022300,3.6742
SZ000976,2007-11-01,31.5983,32.2597,29.7980,30.0552,9347200,78579040.00,0.02674334,0.015933,3.6742
SZ000976,2007-11-02,29.3938,30.4961,27.9241,29.1734,5710500,45626188.00,0.01633835,0.009734,3.6742
SZ000976,2007-11-05,29.1734,30.4961,28.7692,29.9082,4818800,38955760.00,0.01378710,0.008214,3.6742
SZ000976,2007-11-06,30.1287,31.4881,29.9449,30.4961,6126300,51198600.00,0.01752800,0.010443,3.6742
SZ000976,2007-11-07,29.7612,30.4961,29.0264,30.0919,7272500,58693388.00,0.02080740,0.012397,3.6742
SZ000976,2007-11-08,29.7612,31.3411,29.2101,29.6510,8884000,73972680.00,0.02541807,0.015144,3.6742
SZ000976,2007-11-09,29.3938,31.1574,29.2468,30.8635,9332500,77557272.00,0.02670128,0.015908,3.6742
SZ000976,2007-11-12,30.3858,31.8188,29.7612,29.9449,9456300,78730592.00,0.02705548,0.016119,3.6742
SZ000976,2007-11-15,30.8635,32.9578,30.4961,32.9578,22231700,196099392.00,0.06360726,0.037896,3.6742
SZ000976,2007-11-16,32.6639,35.8605,31.9658,34.1703,36545600,343889184.00,0.10456086,0.062296,3.6742
SZ000976,2007-11-19,34.2070,35.8972,33.2885,34.3173,16088500,151117904.00,0.04603091,0.027425,3.6742
SZ000976,2007-11-20,33.9499,34.7949,33.0680,34.3540,13621700,125223248.00,0.03897314,0.023220,3.6742
SZ000976,2007-11-21,34.3540,35.4563,33.4355,34.9786,14660200,137991312.00,0.04194439,0.024990,3.6742
SZ000976,2007-11-22,34.5377,35.4930,31.4881,32.2964,12739500,116931696.00,0.03644907,0.021716,3.6742
SZ000976,2007-11-23,32.2597,32.8843,29.4305,30.7165,10493300,88136624.00,0.03002245,0.017887,3.6742
SZ000976,2007-11-26,31.4514,31.5983,29.6143,29.6143,11016400,90578936.00,0.03151909,0.018779,3.6742
SZ000976,2007-11-27,29.3203,29.3203,27.4832,27.7037,13364400,102662936.00,0.03823697,0.022781,3.6742
SZ000976,2007-11-28,27.4465,28.6590,27.3730,27.5199,4993900,37953712.00,0.01348660,0.008513,3.6742
SZ000976,2007-11-29,27.9241,28.3283,27.2628,28.3283,4938400,37540828.00,0.01333672,0.008418,3.6742
SZ000976,2007-11-30,28.2181,28.2548,26.6014,26.9688,5530600,41426072.00,0.01493602,0.009428,3.6742
SZ000976,2007-12-03,26.5279,27.5567,26.1972,26.9321,4455000,32559266.00,0.01203124,0.007594,3.6742
SZ000976,2007-12-04,26.9321,27.6302,26.8953,27.4097,3363200,24923568.00,0.00908271,0.005733,3.6742
SZ000976,2007-12-05,27.3730,28.0711,26.8586,27.6669,4166600,31187642.00,0.01125238,0.007102,3.6742
SZ000976,2007-12-06,28.2548,29.2836,27.7404,28.6590,7149700,55867568.00,0.01930859,0.012187,3.6742
SZ000976,2007-12-07,28.8427,28.9529,27.9609,28.6957,4729000,36794480.00,0.01277121,0.008061,3.6742
SZ000976,2007-12-10,28.4752,31.2309,27.9241,30.5696,30776200,244906672.00,0.08311466,0.052462,3.6742
SZ000976,2007-12-11,29.8715,30.6430,29.3938,29.9449,17442400,142164080.00,0.04710521,0.029733,3.6742
SZ000976,2007-12-12,29.5775,29.9082,28.6590,29.0999,14392600,114239784.00,0.03886887,0.024534,3.6742
SZ000976,2007-12-13,28.8059,29.6510,28.2915,28.4018,12157100,95454408.00,0.03283165,0.020723,3.6742
SZ000976,2007-12-14,28.4018,28.6590,27.6669,28.2915,9621900,73389184.00,0.02598505,0.016402,3.6742
SZ000976,2007-12-17,27.7771,28.2548,26.6749,26.7851,14237500,105796944.00,0.03845000,0.024269,3.6742
SZ000976,2007-12-18,26.7484,27.7037,26.5279,27.2628,7148500,53076916.00,0.01930535,0.012185,3.6742
SZ000976,2007-12-19,28.4018,29.9817,27.9241,29.2101,24127600,190879456.00,0.06515936,0.041128,3.6742
SZ000976,2007-12-20,29.0264,29.2101,28.5120,28.6957,12053200,94208904.00,0.03255105,0.020546,3.6742
SZ000976,2007-12-21,28.7324,29.2101,28.3283,28.8427,8172500,64184896.00,0.02207078,0.013931,3.6742
SZ000976,2007-12-24,29.0264,30.0919,28.6957,29.7245,18120500,144973680.00,0.04893649,0.030888,3.6742
SZ000976,2007-12-25,29.7612,29.9082,29.3938,29.6510,10752300,86727112.00,0.02903782,0.018329,3.6742
SZ000976,2007-12-26,29.7612,31.3779,29.3203,31.0105,27067400,222944688.00,0.07309862,0.046139,3.6742
SZ000976,2007-12-27,31.2309,32.4067,30.9002,31.8555,26256900,226573360.00,0.07090978,0.044758,3.6742
SZ000976,2007-12-28,31.8188,31.8555,30.6430,30.8635,12714800,107604920.00,0.03433778,0.021674,3.6742
SZ000976,2008-01-02,30.8635,32.1495,30.1654,31.8188,13939800,118881744.00,0.03764603,0.023762,3.6742
SZ000976,2008-01-03,31.8188,34.4642,31.3411,33.3620,24647100,225226320.00,0.06656233,0.042014,3.6742
SZ000976,2008-01-04,33.5089,34.0968,32.6271,32.8476,12930000,116747240.00,0.03491895,0.022041,3.6742
SZ000976,2008-01-07,32.8476,33.7294,32.6271,33.3252,12943600,117048464.00,0.03495568,0.022064,3.6742
SZ000976,2008-01-08,33.0680,33.5089,31.6718,32.1495,16121500,143433088.00,0.04353796,0.027481,3.6742
SZ000976,2008-01-09,32.1495,33.1415,31.9658,32.8843,11749600,104670584.00,0.03173114,0.020029,3.6742
SZ000976,2008-01-10,32.8843,33.2150,32.1127,32.2964,14178000,125815776.00,0.03828932,0.024168,3.6742
SZ000976,2008-01-11,32.4802,32.5904,30.9002,31.6351,11781500,101213576.00,0.03181729,0.020083,3.6742
SZ000976,2008-01-14,31.3411,32.8476,31.2677,31.7821,12830600,112399616.00,0.03145154,0.021871,3.6742
SZ000976,2008-01-15,31.9658,32.7741,31.2677,32.3332,19096800,166870224.00,0.04681182,0.032553,3.6742
SZ000976,2008-01-16,32.1862,32.4067,30.6798,30.8268,24819600,211888544.00,0.06084006,0.042308,3.6742
SZ000976,2008-01-17,30.8635,31.5249,27.9609,29.3938,17339400,141873808.00,0.04250392,0.029557,3.6742
SZ000976,2008-01-18,29.3203,32.3332,28.8794,32.2597,19480800,163147824.00,0.04775311,0.033207,3.6742
SZ000976,2008-01-21,32.2964,35.1624,32.2964,33.6192,57407800,528787456.00,0.14072323,0.097858,3.6742
SZ000976,2008-01-22,32.7006,33.4355,30.2756,30.2756,25909200,221242720.00,0.06351099,0.044165,3.6742
SZ000976,2008-01-23,29.5775,32.6639,28.9529,32.3332,21225300,179730640.00,0.05202939,0.036181,3.6742
SZ000976,2008-01-24,32.9211,35.5665,32.1495,35.5665,55875400,525948064.00,0.13696687,0.095246,3.6742
SZ000976,2008-01-25,36.3381,38.2120,33.8764,35.6767,70585600,704702208.00,0.17302585,0.120321,3.6742
SZ000976,2008-01-28,34.9786,38.9468,34.9052,37.6241,73401000,744709632.00,0.17992722,0.125120,3.6742
SZ000976,2008-01-29,37.6241,38.5794,36.0074,37.0730,38282900,387422240.00,0.09384253,0.065258,3.6742
SZ000976,2008-01-30,37.1464,38.3957,33.4355,34.2070,34766600,340709984.00,0.08522306,0.059264,3.6742
SZ000976,2008-01-31,33.9499,33.9499,30.7900,30.7900,37114800,318781952.00,0.09097918,0.063266,3.6742
SZ000976,2008-02-01,30.0552,30.0552,27.7037,27.7037,28118500,215367104.00,0.06892663,0.047931,3.6742
SZ000976,2008-02-04,28.5855,30.3491,28.5487,30.2756,15334200,123441168.00,0.03758859,0.026139,3.6742
SZ000976,2008-02-05,29.3938,30.4961,28.8427,29.8347,14938100,119713104.00,0.03661763,0.025464,3.6742
SZ000976,2008-02-13,29.6510,30.4226,28.5855,30.0552,11139700,90346504.00,0.02730665,0.018989,3.6742
SZ000976,2008-02-14,30.1287,31.0472,29.9817,30.6798,10200800,84886896.00,0.02500513,0.017388,3.6742
SZ000976,2008-02-15,30.6063,30.6063,29.4673,30.0919,10643100,86448040.00,0.02608934,0.018142,3.6742
SZ000976,2008-02-18,30.4961,30.9737,29.7980,30.7533,13400300,111248288.00,0.03284804,0.022842,3.6742
SZ000976,2008-02-19,30.6430,31.8188,30.3124,31.5249,13284000,113110680.00,0.03256295,0.022644,3.6742
SZ000976,2008-02-20,31.7453,34.5010,30.6798,33.5089,29955700,265763856.00,0.07343014,0.051063,3.6742
SZ000976,2008-02-21,32.7741,34.2438,32.4067,32.9578,19769700,179398160.00,0.04846129,0.033700,3.6742
SZ000976,2008-02-22,32.7741,34.1336,31.9290,32.0393,17113700,153341360.00,0.04195066,0.029172,3.6742
SZ000976,2008-02-25,31.9658,32.5536,29.6510,29.7245,12316700,102420936.00,0.03019182,0.020995,3.6742
SZ000976,2008-02-26,30.4961,31.0472,29.2836,30.4226,9329100,76539648.00,0.02286834,0.015903,3.6742
SZ000976,2008-02-27,30.4593,31.2309,30.1287,30.7900,6055100,50809568.00,0.01484281,0.010322,3.6742
SZ000976,2008-02-28,30.8635,31.5983,30.1287,30.7900,8241800,68861632.00,0.02020305,0.014049,3.6742
SZ000976,2008-02-29,30.6063,31.3411,30.4961,31.0105,6331800,53323632.00,0.01552108,0.010793,3.6742
SZ000976,2008-03-03,30.4961,32.0760,29.9449,31.6351,14133400,120352008.00,0.03464508,0.024092,3.6742
SZ000976,2008-03-04,31.6718,33.2150,31.4514,32.4067,18630300,164577728.00,0.04566829,0.031757,3.6742
SZ000976,2008-03-05,32.2230,32.9211,31.2309,32.3332,12589500,109859424.00,0.03086053,0.021460,3.6742
SZ000976,2008-03-06,32.6271,33.8029,32.3699,33.1415,20399100,184197712.00,0.05000413,0.034773,3.6742
SZ000976,2008-03-07,33.3620,33.4355,31.6718,31.7453,10585100,92959912.00,0.02594716,0.018044,3.6742
SZ000976,2008-03-10,31.2677,31.5616,29.8347,30.1654,9316400,77665624.00,0.02283721,0.015881,3.6742
SZ000976,2008-03-11,30.2021,31.0472,29.5775,30.7900,5344500,44317528.00,0.01310093,0.009110,3.6742
SZ000976,2008-03-12,31.0472,31.4881,29.7612,29.7612,6689100,55273344.00,0.01639693,0.011402,3.6742
SZ000976,2008-03-13,29.5775,29.7980,27.4832,28.5855,9353100,73176424.00,0.02292717,0.015943,3.6742
SZ000976,2008-03-14,28.6222,29.2101,27.9241,28.5487,4341400,33724972.00,0.01064204,0.007400,3.6742
SZ000976,2008-03-17,28.2181,28.2181,25.6828,25.6828,9637300,69972208.00,0.02362383,0.016428,3.6742
SZ000976,2008-03-18,24.9847,25.6093,23.1109,23.1109,10217400,66334024.00,0.02504582,0.017417,3.6742
SZ000976,2008-03-19,23.3313,24.6173,22.8169,23.8825,8775000,56910916.00,0.02151008,0.014958,3.6742
SZ000976,2008-03-20,23.7722,25.1317,21.6779,24.5438,11206700,71527768.00,0.02747088,0.019103,3.6742
SZ000976,2008-03-21,24.1397,25.3522,23.8825,24.6173,8955300,60395928.00,0.02195205,0.015265,3.6742
SZ000976,2008-03-24,24.8378,25.7196,24.2499,24.3234,7794300,53336996.00,0.01910610,0.013286,3.6742
SZ000976,2008-03-25,24.3234,24.8378,23.1476,24.2499,6428700,42253180.00,0.01575861,0.010958,3.6742
SZ000976,2008-03-26,24.4703,25.0950,23.9192,24.1764,4614600,30740688.00,0.01131173,0.007866,3.6742
SZ000976,2008-03-27,23.9927,23.9927,22.0453,22.0453,8310000,51350352.00,0.02037023,0.014165,3.6742
SZ000976,2008-03-28,21.6779,22.5230,20.3919,22.4495,9646900,57065528.00,0.02364736,0.016444,3.6742
SZ000976,2008-03-31,21.9719,22.1188,20.5756,20.5756,6314100,36621824.00,0.01547770,0.010763,3.6742
SZ000976,2008-04-01,20.2082,20.9431,18.5181,18.5181,10955500,57044732.00,0.02685512,0.018675,3.6742
SZ000976,2008-04-02,18.4446,18.9222,17.0484,17.4158,10720900,52096336.00,0.02628005,0.018275,3.6742
SZ000976,2008-04-03,17.0851,18.4813,16.9749,18.0404,6986200,33726420.00,0.01712521,0.011909,3.6742
SZ000976,2008-04-07,18.0772,19.5836,17.6363,19.5101,8804200,45761216.00,0.02158166,0.015008,3.6742
SZ000976,2008-04-08,19.5836,20.5756,19.2897,20.0980,9883400,53597776.00,0.02422709,0.016847,3.6742
SZ000976,2008-04-09,19.8775,20.5022,19.2897,20.2082,11999800,65157796.00,0.02941500,0.020455,3.6742
SZ000976,2008-04-10,19.8408,21.2370,19.3264,21.0166,9447700,52374492.00,0.02315906,0.016105,3.6742
SZ000976,2008-04-11,20.9431,21.6044,20.3185,21.4207,10987700,62804316.00,0.02693405,0.018730,3.6742
SZ000976,2008-04-14,21.6412,21.6412,20.0245,20.5756,14468300,81404224.00,0.03546601,0.024663,3.6742
SZ000976,2008-04-15,21.1635,21.6044,19.5836,21.2738,14680200,82560560.00,0.03598544,0.025024,3.6742
SZ000976,2008-04-16,21.2738,21.7881,20.5756,21.2738,9806100,56402108.00,0.02403761,0.016716,3.6742
SZ000976,2008-04-18,20.3919,20.4287,19.1427,19.2529,17870800,94339904.00,0.04380653,0.030463,3.6742
SZ000976,2008-04-21,20.1347,20.7226,18.0772,18.9590,12549400,66406268.00,0.03076223,0.021392,3.6742
SZ000976,2008-04-22,18.9957,19.3264,17.0484,18.0037,21370200,104164040.00,0.05238458,0.036428,3.6742
SZ000976,2008-04-23,17.6363,18.7753,17.0484,18.5548,16270100,79488256.00,0.03988275,0.027734,3.6742
SZ000976,2008-04-24,20.1715,20.4287,19.3999,20.4287,22300500,121441232.00,0.05466502,0.038014,3.6742
SZ000976,2008-04-25,20.2082,21.0900,19.8041,19.9143,16937100,93821424.00,0.04151776,0.028871,3.6742
SZ000976,2008-04-28,19.5836,19.6571,18.7385,18.7385,12773800,66607352.00,0.03131230,0.021774,3.6742
SZ000976,2008-04-29,18.7018,19.2529,18.3344,18.8855,8367400,42885168.00,0.02051093,0.014263,3.6742
SZ000976,2008-04-30,18.9222,20.7594,18.8855,20.5389,17481800,95108968.00,0.04285298,0.029800,3.6742
SZ000976,2008-05-05,20.5756,22.1556,20.0613,21.5677,19598200,112300360.00,0.04804089,0.033407,3.6742
SZ000976,2008-05-06,21.2370,22.2291,20.7594,21.3105,16768800,97905840.00,0.04110521,0.028584,3.6742
SZ000976,2008-05-07,21.2003,22.0086,20.5389,20.5756,11994100,69639936.00,0.02940103,0.020445,3.6742
SZ000976,2008-05-08,20.2450,21.6044,20.1347,21.4575,11815200,67099888.00,0.02896249,0.020140,3.6742
SZ000976,2008-05-09,21.4575,22.0453,20.2817,20.7594,11082400,63842368.00,0.02716619,0.018891,3.6742
SZ000976,2008-05-12,20.5756,21.4207,20.1347,21.0166,8899500,50575128.00,0.02181526,0.015170,3.6742
SZ000976,2008-05-13,20.1347,22.4128,19.8775,22.1188,26648200,156929328.00,0.06532249,0.045425,3.6742
SZ000976,2008-05-14,22.6700,22.8904,21.6779,22.2291,28564500,173397520.00,0.07001990,0.048691,3.6742
SZ000976,2008-05-15,22.5597,22.9272,21.6412,21.6779,17071400,103901232.00,0.04184697,0.029100,3.6742
SZ000976,2008-05-16,21.3105,22.0453,20.6491,21.0900,10894600,63153260.00,0.02670584,0.018571,3.6742
SZ000976,2008-05-19,21.0166,21.9351,20.7961,21.6412,7359500,43065712.00,0.01804028,0.012545,3.6742
SZ000976,2008-05-20,21.3472,22.3025,20.9063,21.0533,14926800,88102296.00,0.03658993,0.025444,3.6742
SZ000976,2008-05-21,21.5309,23.1476,21.1268,23.1476,43198700,264331376.00,0.10589259,0.073637,3.6742
SZ000976,2008-05-22,23.5150,25.0582,22.4495,22.7802,57028900,373841120.00,0.13979443,0.097212,3.6742
SZ000976,2008-05-23,23.9192,25.0582,23.5518,24.3234,63333300,425652960.00,0.15524835,0.107959,3.6742
SZ000976,2008-05-26,22.7067,23.1109,21.8984,21.8984,43532800,263208592.00,0.10671156,0.074207,3.6742
SZ000976,2008-05-27,21.3105,21.9351,19.7673,20.4654,20784300,116667520.00,0.05094837,0.035429,3.6742
SZ000976,2008-05-28,20.5022,21.1268,20.2450,20.8696,11369100,64061264.00,0.02786897,0.019380,3.6742
SZ000976,2008-05-29,20.8328,21.3105,20.2817,20.8328,12028200,67988304.00,0.02948462,0.020503,3.6742
SZ000976,2008-05-30,20.5389,20.8696,19.8408,20.0980,11796600,64951772.00,0.02891690,0.020109,3.6742
SZ000976,2008-06-02,19.8041,20.7594,19.4734,20.4654,10523700,57349796.00,0.02579665,0.017939,3.6742
SZ000976,2008-06-03,20.7226,20.7961,19.5836,19.8408,9726100,53401516.00,0.02384150,0.016579,3.6742
SZ000976,2008-06-04,19.8775,20.0245,18.9222,19.1060,9020100,47065984.00,0.02211089,0.015376,3.6742
SZ000976,2008-06-05,18.8120,19.4734,18.8120,19.1794,4793900,25100602.00,0.01175124,0.008172,3.6742
SZ000976,2008-06-06,19.1060,19.5101,18.9590,19.2162,4036600,21131368.00,0.00989488,0.006881,3.6742
SZ000976,2008-06-10,18.3344,18.4813,17.3056,17.3056,8180200,39348144.00,0.02005205,0.013944,3.6742
SZ000976,2008-06-11,16.5707,17.0851,15.8359,16.0931,8148100,36114624.00,0.01997336,0.013889,3.6742
SZ000976,2008-06-12,15.7991,16.5707,15.6522,16.0563,5836100,25645440.00,0.01430598,0.009948,3.6742
SZ000976,2008-06-13,16.0931,16.4238,14.7336,14.8806,5903300,25160690.00,0.01447071,0.010063,3.6742
SZ000976,2008-06-16,15.2848,15.2848,14.2192,14.5499,6410600,25424472.00,0.01571425,0.010928,3.6742
SZ000976,2008-06-17,14.6234,14.8071,13.2272,13.3007,6002100,22836052.00,0.01471289,0.010231,3.6742
SZ000976,2008-06-18,13.2272,14.4397,12.6761,14.3295,8041900,30026592.00,0.01971304,0.013708,3.6742
SZ000976,2008-06-19,14.2927,14.2927,12.8965,12.8965,6952500,25542628.00,0.01704260,0.011851,3.6742
SZ000976,2008-06-20,12.8230,13.7048,12.2351,12.9332,7076700,25173568.00,0.01734705,0.012063,3.6742
SZ000976,2008-06-23,12.6761,13.3742,12.5658,12.9700,4355800,15440554.00,0.01067733,0.007425,3.6742
SZ000976,2008-06-24,13.0067,13.4844,12.9700,13.3742,5044000,18229612.00,0.01236431,0.008598,3.6742
SZ000976,2008-06-25,13.5211,14.6969,13.2272,14.5499,9552900,36726356.00,0.02341694,0.016284,3.6742
SZ000976,2008-06-26,14.3295,14.9541,14.1457,14.4764,9256100,36502144.00,0.02268940,0.015778,3.6742
SZ000976,2008-06-27,13.9620,14.1457,13.0435,13.0802,8324000,30595224.00,0.02040455,0.014189,3.6742
SZ000976,2008-06-30,13.0802,13.4109,12.7863,13.2272,3866500,13821250.00,0.00946030,0.006591,3.6742
SZ000976,2008-07-01,13.2639,13.3374,12.7495,12.8598,2875700,10152604.00,0.00703607,0.004902,3.6742
SZ000976,2008-07-02,12.8598,13.3374,12.8230,13.0067,3355300,11906510.00,0.00820953,0.005719,3.6742
SZ000976,2008-07-03,12.8598,13.7048,12.6026,13.4844,6261200,22634458.00,0.01531949,0.010673,3.6742
SZ000976,2008-07-04,13.4476,13.7416,13.2272,13.4109,4234500,15519392.00,0.01036069,0.007218,3.6742
SZ000976,2008-07-07,13.4109,14.4397,13.3742,14.2927,9250900,35339728.00,0.02263449,0.015769,3.6742
SZ000976,2008-07-08,14.2560,14.4397,13.8151,14.4397,9908300,38214768.00,0.02424297,0.016890,3.6742
SZ000976,2008-07-09,14.5867,15.4685,14.5867,15.0643,13833200,56775840.00,0.03384616,0.023580,3.6742
SZ000976,2008-07-10,14.6234,15.3582,14.5499,14.7336,12911500,52786832.00,0.03159100,0.022009,3.6742
SZ000976,2008-07-11,14.6601,14.8806,14.0355,14.3295,8191400,31939788.00,0.02004217,0.013963,3.6742
SZ000976,2008-07-14,14.2560,14.7704,14.0723,14.7704,5520000,21688572.00,0.01350597,0.009409,3.6742
SZ000976,2008-07-15,14.8806,14.9173,14.1090,14.1825,6573200,25857488.00,0.01608287,0.011205,3.6742
SZ000976,2008-07-16,14.1090,14.1090,13.0067,13.3374,5913900,21775436.00,0.01446974,0.010081,3.6742
SZ000976,2008-07-17,13.5211,13.7783,13.3374,13.3374,4180700,15439299.00,0.01022906,0.007126,3.6742
SZ000976,2008-07-18,13.4476,13.9253,13.1170,13.7783,3846000,14179817.00,0.00941014,0.006556,3.6742
SZ000976,2008-07-21,13.7783,14.4764,13.5211,14.3295,5415200,20874152.00,0.01324955,0.009231,3.6742
SZ000976,2008-07-22,14.3295,14.5867,14.1825,14.4029,5942700,23327212.00,0.01454020,0.010130,3.6742
SZ000976,2008-07-23,14.5132,15.0276,14.2927,14.5867,10907400,43665460.00,0.02668750,0.018593,3.6742
SZ000976,2008-07-24,14.5499,14.9173,14.4029,14.6969,6527900,26132652.00,0.01597203,0.011128,3.6742
SZ000976,2008-07-25,14.5867,14.5867,14.3295,14.4397,5222400,20543954.00,0.01277782,0.008902,3.6742
SZ000976,2008-07-28,14.3662,14.8071,14.3662,14.5867,4957200,19716054.00,0.01212895,0.008450,3.6742
SZ000976,2008-07-29,13.9620,14.2560,13.5946,13.8151,9536700,36079292.00,0.02333377,0.016256,3.6742
SZ000976,2008-07-30,14.0355,14.1457,13.7416,13.9253,5673800,21537412.00,0.01388228,0.009672,3.6742
SZ000976,2008-07-31,13.9620,14.0723,13.0802,13.1537,7129300,25960108.00,0.01744350,0.012153,3.6742
SZ000976,2008-08-01,13.3742,13.5946,13.0435,13.4844,4928500,17909734.00,0.01205873,0.008401,3.6742
SZ000976,2008-08-04,13.4476,13.4476,12.8598,12.8965,4241900,15160050.00,0.01037880,0.007231,3.6742
SZ000976,2008-08-05,12.9700,13.0435,12.3821,12.4189,4357300,14966256.00,0.01066115,0.007428,3.6742
SZ000976,2008-08-06,12.7495,12.7863,12.3086,12.4923,3232000,10999910.00,0.00790784,0.005509,3.6742
SZ000976,2008-08-07,12.4923,12.6761,12.2351,12.5658,3204200,10885202.00,0.00783982,0.005462,3.6742
SZ000976,2008-08-08,12.5291,12.5658,11.3533,11.3533,5161700,16714147.00,0.01262931,0.008799,3.6742
SZ000976,2008-08-11,11.3533,11.3533,10.2143,10.2143,5575800,16025301.00,0.01364250,0.009505,3.6742
SZ000976,2008-08-12,9.9204,10.6185,9.9204,10.4715,4597600,12961494.00,0.01124910,0.007837,3.6742
SZ000976,2008-08-13,10.3980,10.5450,9.6632,10.2878,4660200,12859092.00,0.01140227,0.007944,3.6742
SZ000976,2008-08-14,10.2143,10.4715,10.0673,10.2878,3613800,10079109.00,0.00884201,0.006160,3.6742
SZ000976,2008-08-15,10.3245,10.4348,10.0673,10.2511,2624600,7353113.00,0.00642170,0.004474,3.6742
SZ000976,2008-08-18,10.2511,10.3245,9.2958,9.3325,4313600,11391805.00,0.01055423,0.007353,3.6742
SZ000976,2008-08-19,9.3325,9.5897,9.0386,9.5530,2785200,7144004.00,0.00681464,0.004748,3.6742
SZ000976,2008-08-20,9.3692,10.5083,9.2958,10.4715,6663100,18276568.00,0.01630283,0.011358,3.6742
SZ000976,2008-08-21,10.2511,10.4348,9.8836,9.9204,4688600,12949311.00,0.01147176,0.007992,3.6742
SZ000976,2008-08-22,9.7734,9.8469,9.4795,9.6999,3387300,8909297.00,0.00828782,0.005774,3.6742
SZ000976,2008-08-25,9.6264,10.1041,9.5530,9.8469,2733000,7346362.00,0.00668692,0.004659,3.6742
SZ000976,2008-08-26,9.8101,9.8101,9.1855,9.3325,2907900,7504146.00,0.00711486,0.004957,3.6742
SZ000976,2008-08-27,9.2958,9.6632,9.2223,9.5162,2076900,5336252.00,0.00508162,0.003540,3.6742
SZ000976,2008-08-28,9.4795,9.6632,9.3692,9.5162,1955700,5069544.00,0.00478508,0.003334,3.6742
SZ000976,2008-08-29,9.5530,10.0306,9.5162,9.8469,4292600,11420744.00,0.01050285,0.007317,3.6742
SZ000976,2008-09-01,9.6632,9.7367,9.4060,9.6999,3073000,7990363.00,0.00751881,0.005238,3.6742
SZ000976,2008-09-02,9.6264,10.2878,9.4060,9.9939,4988500,13509461.00,0.01220553,0.008503,3.6742
SZ000976,2008-09-03,9.8836,10.9859,9.8469,10.9859,19251100,55645820.00,0.04710232,0.032816,3.6742
SZ000976,2008-09-04,10.9859,11.0594,10.3980,10.6185,13615600,39498904.00,0.03331375,0.023209,3.6742
SZ000976,2008-09-05,10.2511,10.3245,9.5530,9.5530,8130000,22009452.00,0.01989195,0.013859,3.6742
SZ000976,2008-09-08,9.3692,9.6999,9.0386,9.2223,5306600,13464691.00,0.01298384,0.009046,3.6742
SZ000976,2008-09-09,9.2223,9.4795,9.1488,9.4060,2939900,7476275.00,0.00719315,0.005011,3.6742
SZ000976,2008-09-10,9.4060,9.6999,9.2590,9.5162,2687700,6968869.00,0.00657609,0.004581,3.6742
SZ000976,2008-09-11,9.5162,9.6264,9.1120,9.1855,3261600,8227628.00,0.00798027,0.005560,3.6742
SZ000976,2008-09-12,9.1855,9.5162,9.1855,9.2590,1956700,4956649.00,0.00478752,0.003335,3.6742
SZ000976,2008-09-16,9.1855,9.2590,8.6711,8.8181,4060700,9928191.00,0.00993545,0.006922,3.6742
SZ000976,2008-09-18,8.3772,8.6344,7.9363,8.3037,6847700,15101131.00,0.01675450,0.011673,3.6742
SZ000976,2008-09-19,9.0018,9.1488,8.8181,9.1488,14824100,36786000.00,0.03627063,0.025269,3.6742
SZ000976,2008-09-22,9.6264,10.0306,9.0018,9.4060,16749300,43548360.00,0.04098108,0.028551,3.6742
SZ000976,2008-09-23,9.0018,9.0753,8.4507,8.5242,7090700,16819936.00,0.01734906,0.012087,3.6742
SZ000976,2008-09-24,8.5609,8.7446,8.1200,8.7079,4330100,9966532.00,0.01059460,0.007381,3.6742
SZ000976,2008-09-25,8.6344,9.0018,8.5977,8.8181,6420300,15419579.00,0.01570876,0.010944,3.6742
SZ000976,2008-09-26,8.9283,8.9283,8.5977,8.8181,5173200,12314325.00,0.01265744,0.008818,3.6742
SZ000976,2008-10-06,8.6711,8.6711,8.4139,8.4507,3062200,7104295.00,0.00749239,0.005220,3.6742
SZ000976,2008-10-07,8.1567,8.4874,8.0465,8.3405,3088100,6957597.00,0.00755576,0.005264,3.6742
SZ000976,2008-10-08,8.1567,8.3405,8.0833,8.1935,2102400,4697302.00,0.00514401,0.003584,3.6742
SZ000976,2008-10-09,8.4139,8.4139,8.0833,8.2302,1815700,4068607.00,0.00444253,0.003095,3.6742
SZ000976,2008-10-10,8.0465,8.0465,7.4219,7.5321,5406300,11207987.00,0.01322778,0.009216,3.6742
SZ000976,2008-10-13,7.3852,7.6424,7.2014,7.6424,4395500,8823259.00,0.01075462,0.007493,3.6742
SZ000976,2008-10-14,7.8628,7.9363,7.3852,7.4219,4542000,9482549.00,0.01111306,0.007742,3.6742
SZ000976,2008-10-15,7.3484,7.5321,7.2382,7.4586,3000000,6016780.00,0.00734020,0.005114,3.6742
SZ000976,2008-10-16,7.2382,7.3852,7.1280,7.1647,4173300,8230594.00,0.01021095,0.007114,3.6742
SZ000976,2008-10-17,7.2382,7.4954,6.9810,7.3484,3097200,6128969.00,0.00757802,0.005280,3.6742
SZ000976,2008-10-20,7.3117,7.4954,7.0545,7.4586,4378100,8705093.00,0.01071205,0.007463,3.6742
SZ000976,2008-10-21,7.4954,7.6791,7.3484,7.5321,5950200,12155934.00,0.01455856,0.010143,3.6742
SZ000976,2008-10-22,7.4586,7.9363,7.3852,7.7158,10162600,21382394.00,0.02486518,0.017323,3.6742
SZ000976,2008-10-23,7.5321,7.6791,7.3117,7.6424,5151400,10461469.00,0.01260410,0.008781,3.6742
SZ000976,2008-10-24,7.5321,7.6424,7.2749,7.3484,3629600,7328558.00,0.00888066,0.006187,3.6742
SZ000976,2008-10-27,7.2382,7.2382,6.6136,6.6136,6237000,11615603.00,0.01526028,0.010632,3.6742
SZ000976,2008-10-28,6.5768,6.8708,6.4299,6.8708,4724300,8575168.00,0.01155910,0.008053,3.6742
SZ000976,2008-10-29,6.9075,6.9442,6.5401,6.5401,3393100,6202515.00,0.00830201,0.005784,3.6742
SZ000976,2008-10-30,6.6136,6.7238,6.5033,6.6136,2659100,4784493.00,0.00650611,0.004533,3.6742
SZ000976,2008-10-31,6.6136,6.6503,6.2829,6.3196,3557700,6243498.00,0.00870474,0.006065,3.6742
SZ000976,2008-11-03,6.1727,6.3196,6.0992,6.1359,2441900,4133050.00,0.00597468,0.004163,3.6742
SZ000976,2008-11-04,6.1359,6.3196,5.8787,6.2094,4322600,7128108.00,0.01057625,0.007368,3.6742
SZ000976,2008-11-05,6.1359,6.7605,6.0992,6.5033,8148900,14201536.00,0.01993819,0.013891,3.6742
SZ000976,2008-11-06,6.2461,6.4299,6.1727,6.3196,4482700,7697806.00,0.01096797,0.007641,3.6742
SZ000976,2008-11-07,6.2094,6.5401,6.1727,6.4666,4646200,8155820.00,0.01136801,0.007920,3.6742
SZ000976,2008-11-10,6.5401,6.9810,6.4666,6.9075,8517200,15657151.00,0.02083932,0.014519,3.6742
SZ000976,2008-11-11,6.8708,7.0545,6.7238,6.7605,7583300,14163540.00,0.01855432,0.012927,3.6742
SZ000976,2008-11-12,6.7605,7.0545,6.6871,7.0177,6920500,13000547.00,0.01693262,0.011797,3.6742
SZ000976,2008-11-13,6.9442,7.5689,6.8708,7.4586,11988400,23779640.00,0.02933242,0.020436,3.6742
SZ000976,2008-11-14,7.5689,7.8628,7.4586,7.7526,13825200,28823866.00,0.03382658,0.023567,3.6742
SZ000976,2008-11-17,7.7526,8.4507,7.6424,8.3405,16950100,37294344.00,0.04147238,0.028893,3.6742
SZ000976,2008-11-18,8.3037,8.4874,7.4954,7.4954,17503900,37479732.00,0.04282738,0.029837,3.6742
SZ000976,2008-11-19,7.4586,7.9730,7.4586,7.9363,13611300,28697366.00,0.03330323,0.023202,3.6742
SZ000976,2008-11-20,8.1567,8.5609,8.0098,8.3405,23324500,52688552.00,0.05706884,0.039759,3.6742
SZ000976,2008-11-21,8.0833,8.4139,7.6424,8.0833,14570300,31657108.00,0.03564964,0.024837,3.6742
SZ000976,2008-11-24,8.0465,8.1567,7.6056,7.6424,6462400,13882041.00,0.01581177,0.011016,3.6742
SZ000976,2008-11-25,7.7526,7.8628,7.3852,7.5689,5556900,11535218.00,0.01359625,0.009472,3.6742
SZ000976,2008-11-26,7.6791,7.7893,7.4954,7.6424,3959200,8235350.00,0.00968711,0.006749,3.6742
SZ000976,2008-11-27,8.1200,8.1935,7.7158,7.7526,9528500,20689020.00,0.02331370,0.016242,3.6742
SZ000976,2008-11-28,7.6056,7.7158,7.4586,7.5321,4406800,9094563.00,0.01078227,0.007512,3.6742
SZ000976,2008-12-01,7.4219,7.7893,7.4219,7.7893,5219200,10892614.00,0.01276999,0.008897,3.6742
SZ000976,2008-12-02,7.6791,8.1935,7.5689,8.0098,12020900,26021004.00,0.02941194,0.020491,3.6742
SZ000976,2008-12-03,8.1200,8.3037,8.0098,8.2670,12863900,28657054.00,0.03147454,0.021928,3.6742
SZ000976,2008-12-04,8.3037,8.5242,8.1200,8.1567,18271500,41523544.00,0.04470550,0.031146,3.6742
SZ000976,2008-12-05,8.1935,8.5242,8.0833,8.3772,12637800,28500674.00,0.03092133,0.021543,3.6742
SZ000976,2008-12-08,8.4139,8.8181,8.4139,8.8181,17320800,40768544.00,0.04237939,0.029525,3.6742
SZ000976,2008-12-09,8.8181,8.8548,8.4139,8.5242,13798500,32374698.00,0.03376126,0.023521,3.6742
SZ000976,2008-12-10,8.3772,8.8916,8.3772,8.8548,14238500,33622916.00,0.03483782,0.024271,3.6742
SZ000976,2008-12-11,8.8916,9.0753,8.6344,8.6711,14939600,36116096.00,0.03655322,0.025466,3.6742
SZ000976,2008-12-12,8.5242,8.6344,7.9363,8.0833,11740400,26311980.00,0.02872563,0.020013,3.6742
SZ000976,2008-12-15,8.1567,8.3405,7.9730,8.1935,5386200,11954441.00,0.01317860,0.009181,3.6742
SZ000976,2008-12-16,8.1935,8.1935,7.7893,8.1935,6642800,14490651.00,0.01625316,0.011323,3.6742
SZ000976,2008-12-17,8.1567,8.4507,8.1567,8.3405,8632300,19522382.00,0.02112094,0.014715,3.6742
SZ000976,2008-12-18,8.3405,8.6344,8.3037,8.5977,9727800,22552368.00,0.02380134,0.016582,3.6742
SZ000976,2008-12-19,8.6344,9.2223,8.5609,8.7814,21501700,52177488.00,0.05260894,0.036652,3.6742
SZ000976,2008-12-22,8.8548,9.6632,8.7814,9.6632,46391100,119426592.00,0.11350667,0.079079,3.6742
SZ000976,2008-12-23,9.9204,10.6185,9.8101,10.6185,95072000,271104640.00,0.23261587,0.162061,3.6742
SZ000976,2008-12-30,9.5530,10.1776,9.5530,9.5530,53993800,142741216.00,0.13210845,0.092039,3.6742
SZ000976,2008-12-31,9.1120,9.2590,8.5977,8.5977,32045400,76226304.00,0.07840656,0.054625,3.6742
SZ000976,2009-01-05,8.4507,8.7446,8.3037,8.6711,27754700,64498828.00,0.06790836,0.047311,3.6742
SZ000976,2009-01-06,8.7446,9.1855,8.5977,9.0018,26764000,65468096.00,0.06548438,0.045622,3.6742
SZ000976,2009-01-07,8.9283,9.2590,8.6344,9.0753,25752200,62977060.00,0.06300878,0.043898,3.6742
SZ000976,2009-01-08,8.7446,8.8916,8.3772,8.4874,19807200,46433892.00,0.04846294,0.033764,3.6742
SZ000976,2009-01-09,8.4507,8.7814,8.4139,8.6711,13448400,31770226.00,0.03290465,0.022924,3.6742
SZ000976,2009-01-12,8.6344,8.8916,8.5242,8.8548,13819700,33019326.00,0.03381313,0.023557,3.6742
SZ000976,2009-01-13,8.8181,9.2590,8.7446,9.0018,21751000,53658344.00,0.05321891,0.037077,3.6742
SZ000976,2009-01-14,8.8916,9.1120,8.7446,9.1120,17472000,42652920.00,0.04274933,0.029783,3.6742
SZ000976,2009-01-15,9.0386,9.2958,8.9283,9.0753,18794500,46497664.00,0.04598514,0.032037,3.6742
SZ000976,2009-01-16,9.0753,9.3692,9.0018,9.1120,18069200,45360312.00,0.04421052,0.030801,3.6742
SZ000976,2009-01-19,9.0018,9.2958,8.8548,8.9651,12744000,31215568.00,0.03118117,0.021724,3.6742
SZ000976,2009-01-20,8.8916,9.0018,8.7446,8.8548,7861000,18933564.00,0.01923377,0.013400,3.6742
SZ000976,2009-01-21,8.7814,9.0753,8.6711,8.8916,10090500,24593964.00,0.02468877,0.017200,3.6742
SZ000976,2009-01-22,8.8916,9.1488,8.7446,9.1488,12252000,29762004.00,0.02997738,0.020885,3.6742
SZ000976,2009-01-23,9.0386,9.0753,8.8548,8.9651,9928200,24182764.00,0.02429166,0.016924,3.6742
SZ000976,2009-02-02,9.0018,9.6632,8.8916,9.5897,21448200,54433424.00,0.05247803,0.036561,3.6742
SZ000976,2009-02-03,9.5162,9.8836,9.4427,9.7734,26948700,71245240.00,0.06593629,0.045937,3.6742
SZ000976,2009-02-04,9.9204,10.4715,9.7367,10.2878,32346400,88876160.00,0.07914303,0.055138,3.6742
SZ000976,2009-02-05,10.3245,10.7287,9.7367,9.8836,33093400,92451856.00,0.08097074,0.056412,3.6742
SZ000976,2009-02-06,9.9571,10.5450,9.9571,10.3980,25123200,70010136.00,0.06146978,0.042825,3.6742
SZ000976,2009-02-09,10.4715,10.9492,10.1776,10.6920,34812100,99683968.00,0.08517594,0.059341,3.6742
SZ000976,2009-02-10,10.5817,11.7575,10.3613,11.7575,48929600,148461808.00,0.11971770,0.083406,3.6742
SZ000976,2009-02-11,11.6840,12.8598,11.3533,12.1984,58458800,192924272.00,0.14303312,0.099650,3.6742
SZ000976,2009-02-12,11.9412,12.2719,11.3533,11.9045,29893000,95756776.00,0.07314021,0.050956,3.6742
SZ000976,2009-02-13,11.8677,12.3086,11.6840,12.1984,30785100,100663616.00,0.07532294,0.052477,3.6742
SZ000976,2009-02-16,12.2719,12.8230,12.1984,12.6761,28631300,97511792.00,0.07005317,0.048805,3.6742
SZ000976,2009-02-17,12.4923,12.6393,11.7575,11.7575,26406200,86767328.00,0.06460894,0.045012,3.6742
SZ000976,2009-02-18,11.5738,11.6473,10.8022,10.8757,23704000,72393368.00,0.05799738,0.040406,3.6742
SZ000976,2009-02-19,10.8757,11.2064,10.8757,11.1329,13658300,41106700.00,0.03341822,0.023282,3.6742
SZ000976,2009-02-20,11.1329,11.9412,10.7287,11.9412,22761600,71323552.00,0.05569157,0.038800,3.6742
SZ000976,2009-02-23,12.1249,12.5658,11.7575,12.3821,29029500,96201800.00,0.07102746,0.049484,3.6742
SZ000976,2009-02-24,12.1249,12.2719,11.5370,11.6105,23307800,75509248.00,0.05702798,0.039731,3.6742
SZ000976,2009-02-25,11.6840,11.9045,11.2064,11.4636,17013400,53078204.00,0.04162726,0.029001,3.6742
SZ000976,2009-02-26,11.5370,11.9045,10.6552,10.9124,17115100,53227896.00,0.04187609,0.029175,3.6742
SZ000976,2009-02-27,10.6920,10.8022,9.9204,10.1041,13385400,37525736.00,0.03275051,0.022817,3.6742
SZ000976,2009-03-02,10.1408,10.4348,10.1041,10.3980,8089500,22733738.00,0.01979285,0.013789,3.6742
SZ000976,2009-03-03,10.1776,10.4348,9.7734,10.3245,10525300,29087820.00,0.02575261,0.017942,3.6742
SZ000976,2009-03-04,10.3245,10.9859,10.3245,10.9492,13347500,39089416.00,0.03265778,0.022752,3.6742
SZ000976,2009-03-05,11.0226,11.2431,10.6920,11.0961,19657400,58950112.00,0.04809642,0.033508,3.6742
SZ000976,2009-03-06,10.8757,11.0594,10.7287,10.9124,9436000,27967938.00,0.02308738,0.016085,3.6742
SZ000976,2009-03-09,10.9859,11.1696,10.3245,10.4348,8550300,24911964.00,0.02092031,0.014575,3.6742
SZ000976,2009-03-10,10.3245,10.6552,10.1408,10.6185,7030800,20051224.00,0.01720250,0.011985,3.6742
SZ000976,2009-03-11,10.7654,10.9124,10.5817,10.6552,8129400,23775332.00,0.01989048,0.013858,3.6742
SZ000976,2009-03-12,10.6552,10.7654,10.2878,10.7287,7004000,20039020.00,0.01713692,0.011939,3.6742
SZ000976,2009-03-13,10.7287,10.8389,10.5083,10.6185,6265200,18188320.00,0.01532928,0.010680,3.6742
SZ000976,2009-03-16,10.5450,10.8389,10.4348,10.6920,5989400,17305512.00,0.01465447,0.010210,3.6742
SZ000976,2009-03-17,10.7287,11.0961,10.5817,11.0226,12141300,35995728.00,0.02970653,0.020696,3.6742
SZ000976,2009-03-18,11.0961,11.5738,10.9859,11.2064,19649200,60216384.00,0.04807636,0.033494,3.6742
SZ000976,2009-03-19,11.3166,11.4268,11.0961,11.3901,12470200,38426152.00,0.03051126,0.021257,3.6742
SZ000976,2009-03-20,11.3901,11.3901,10.9492,11.2431,14681600,44707696.00,0.03592197,0.025026,3.6742
SZ000976,2009-03-23,11.1696,11.4268,11.0961,11.3166,15504500,47789484.00,0.03793538,0.026429,3.6742
SZ000976,2009-03-24,11.4268,11.5370,11.2431,11.5003,16887800,52325316.00,0.04131995,0.028787,3.6742
SZ000976,2009-03-25,11.4636,11.4636,11.0594,11.0594,13131900,40391580.00,0.03213026,0.022385,3.6742
SZ000976,2009-03-26,11.0594,11.4636,10.9124,11.3533,13474100,40908808.00,0.03296754,0.022968,3.6742
SZ000976,2009-03-27,11.3901,11.5370,11.2064,11.5003,20174300,62582104.00,0.04936114,0.034389,3.6742
SZ000976,2009-03-30,11.5003,11.7575,11.4268,11.6473,19004000,60313624.00,0.04649773,0.032395,3.6742
SZ000976,2009-03-31,11.3901,11.6840,11.1696,11.6105,14059400,43782288.00,0.03439961,0.023966,3.6742
SZ000976,2009-04-01,11.6840,12.0514,11.6105,11.8310,22230100,71862448.00,0.05439114,0.037894,3.6742
SZ000976,2009-04-02,11.9412,11.9779,11.7575,11.7942,18525700,59733312.00,0.04532746,0.031579,3.6742
SZ000976,2009-04-03,11.7575,11.8677,11.4268,11.5003,14426300,45507840.00,0.03529732,0.024591,3.6742
SZ000976,2009-04-07,11.4636,11.7208,11.4268,11.6840,9575400,30194210.00,0.02342845,0.016322,3.6742
SZ000976,2009-04-08,11.6473,11.9779,11.3166,11.3533,15841600,50402216.00,0.03876018,0.027004,3.6742
SZ000976,2009-04-09,11.2798,11.5003,11.0961,11.4636,10786600,33228456.00,0.02639194,0.018387,3.6742
SZ000976,2009-04-10,11.4636,11.7575,11.3901,11.7575,19015600,60352228.00,0.04652611,0.032414,3.6742
SZ000976,2009-04-13,11.8310,12.1249,11.7208,11.9412,23035600,74622384.00,0.05636198,0.039267,3.6742
SZ000976,2009-04-14,11.9412,12.2719,11.8310,12.0514,21435100,70295488.00,0.05244598,0.036539,3.6742
SZ000976,2009-04-15,12.0147,12.4556,11.8310,12.3454,23718600,78255896.00,0.05803310,0.040431,3.6742
SZ000976,2009-04-16,12.3454,13.5946,12.1984,13.5946,43687300,153696192.00,0.10689119,0.074470,3.6742
SZ000976,2009-04-17,13.9620,14.9173,13.4844,13.6314,83834300,324966240.00,0.20512021,0.142905,3.6742
SZ000976,2009-04-20,13.1170,14.1457,12.8965,13.7783,35834500,132756528.00,0.08767748,0.061084,3.6742
SZ000976,2009-04-21,13.5211,13.9620,13.2272,13.5946,24972100,92410544.00,0.06110008,0.042568,3.6742
SZ000976,2009-04-22,13.8151,14.0723,12.6761,12.8965,27050300,99851616.00,0.06618488,0.046110,3.6742
SZ000976,2009-04-23,12.8965,13.0067,12.3086,12.8230,16023400,55001672.00,0.03920499,0.027314,3.6742
SZ000976,2009-04-24,12.8598,13.1170,12.7128,12.7128,13640300,47931756.00,0.03337418,0.023251,3.6742
SZ000976,2009-04-27,12.5291,12.7128,11.9412,12.0882,14720300,49051608.00,0.03601665,0.025092,3.6742
SZ000976,2009-04-28,11.9412,12.2351,11.8677,12.1984,9882800,32580824.00,0.02418058,0.016846,3.6742
SZ000976,2009-04-29,12.2351,12.6393,12.1249,12.6026,10530700,35550856.00,0.02576582,0.017951,3.6742
SZ000976,2009-04-30,12.6393,13.1537,12.6026,12.9332,15686500,55133260.00,0.03838069,0.026739,3.6742
SZ000976,2009-05-04,12.9332,13.3374,12.7128,13.3374,14758900,52890864.00,0.03611110,0.025158,3.6742
SZ000976,2009-05-05,13.4109,14.1457,13.0802,13.8885,24511600,89919680.00,0.05997336,0.041783,3.6742
SZ000976,2009-05-06,13.5946,13.8885,13.5211,13.7048,18428500,68739936.00,0.04508963,0.031413,3.6742
SZ000976,2009-05-07,13.7416,13.8151,13.0802,13.3742,20862700,76001512.00,0.05104547,0.035563,3.6742
SZ000976,2009-05-08,13.3007,13.8885,13.1170,13.7048,23685100,87938224.00,0.05795113,0.040374,3.6742
SZ000976,2009-05-11,13.5946,14.1090,13.2639,13.2639,21713100,81052392.00,0.05312617,0.037012,3.6742
SZ000976,2009-05-12,13.0802,13.7783,13.0435,13.6681,14879900,54459176.00,0.03640715,0.025365,3.6742
SZ000976,2009-05-13,13.6681,14.5867,13.4476,14.1457,33722700,128765616.00,0.08251047,0.057484,3.6742
SZ000976,2009-05-14,13.9620,14.4764,13.7783,14.1457,20430700,78634432.00,0.04998848,0.034826,3.6742
SZ000976,2009-05-15,14.1457,14.6234,14.1457,14.3295,25265300,99040208.00,0.06181746,0.043068,3.6742
SZ000976,2009-05-18,14.3295,14.3295,13.8518,14.1090,16227500,62107924.00,0.03970437,0.027662,3.6742
SZ000976,2009-05-20,14.1457,14.3662,13.8151,13.8885,19062400,73114976.00,0.04664062,0.032494,3.6742
SZ000976,2009-05-21,13.6681,13.9253,13.3374,13.4476,15846300,58407692.00,0.03877168,0.027012,3.6742
SZ000976,2009-05-22,13.4844,13.7048,13.3374,13.6314,8902800,32831626.00,0.02178278,0.015176,3.6742
SZ000976,2009-05-25,13.4109,13.5946,13.1537,13.5211,9414700,34265112.00,0.02303526,0.016048,3.6742
SZ000976,2009-05-26,13.5211,14.2927,13.4476,13.8885,17210800,65012960.00,0.04211025,0.029338,3.6742
SZ000976,2009-05-27,13.9253,14.0723,13.6681,13.7783,10510900,39568800.00,0.02571737,0.017917,3.6742
SZ000976,2009-06-01,13.7416,14.2927,13.7048,14.2560,19484200,74502760.00,0.04767265,0.033213,3.6742
SZ000976,2009-06-02,14.2927,14.4029,13.9988,14.0723,14309600,55010340.00,0.03501178,0.024392,3.6742
SZ000976,2009-06-03,14.0723,14.1457,13.9253,14.0355,12652200,48469912.00,0.03095656,0.021567,3.6742
SZ000976,2009-06-04,13.9988,14.1457,13.5579,13.9620,15165300,57263688.00,0.03710545,0.025851,3.6742
SZ000976,2009-06-05,13.8885,14.2192,13.7416,13.8885,14239600,54217864.00,0.03484051,0.024273,3.6742
SZ000976,2009-06-08,13.8885,14.1457,13.7783,14.0723,12056200,45937064.00,0.02949831,0.020551,3.6742
SZ000976,2009-06-09,14.0355,14.9173,13.9988,14.6601,48391800,191122240.00,0.11840185,0.082489,3.6742
SZ000976,2009-06-10,14.5499,14.8071,14.4029,14.6601,26337400,104590016.00,0.06444061,0.044895,3.6742
SZ000976,2009-06-11,14.8071,15.1378,14.4397,14.5132,23879900,96286792.00,0.05842776,0.040706,3.6742
SZ000976,2009-06-12,14.4397,14.5499,13.8151,14.4764,22981700,88934592.00,0.05623010,0.039175,3.6742
SZ000976,2009-06-15,14.3662,14.9541,14.1825,14.8806,23043800,91784064.00,0.05638204,0.039281,3.6742
SZ000976,2009-06-16,14.7336,14.8438,14.4397,14.6234,14909200,59373752.00,0.03647884,0.025414,3.6742
SZ000976,2009-06-17,14.5867,15.1745,14.5132,14.9541,23992000,97277920.00,0.05870204,0.040897,3.6742
SZ000976,2009-06-18,14.9908,15.1010,14.7704,14.8806,16260600,65914744.00,0.03978536,0.027718,3.6742
SZ000976,2009-06-19,14.8438,14.9173,14.5867,14.7704,17019900,68278376.00,0.04164316,0.029012,3.6742
SZ000976,2009-06-22,14.8071,15.0276,14.5132,14.5867,14091200,56665368.00,0.03447741,0.024020,3.6742
SZ000976,2009-06-23,14.5132,14.8071,14.3662,14.5867,11702200,46473024.00,0.02863217,0.019948,3.6742
SZ000976,2009-06-24,14.6601,14.9541,14.5499,14.8071,13030100,52305800.00,0.03188119,0.022211,3.6742
SZ000976,2009-06-25,14.8071,14.8071,14.4397,14.6601,13779100,54770968.00,0.03371379,0.023488,3.6742
SZ000976,2009-06-29,14.7704,14.8438,14.5132,14.5499,13130800,52455180.00,0.03212757,0.022383,3.6742
SZ000976,2009-06-30,14.5867,14.7336,14.2192,14.3295,13376100,52596720.00,0.03272776,0.022801,3.6742
SZ000976,2009-07-01,14.2927,14.8438,14.2192,14.8071,17016800,67184856.00,0.04163558,0.029007,3.6742
SZ000976,2009-07-02,14.6601,14.8071,14.5132,14.6601,13845700,55186296.00,0.03387674,0.023602,3.6742
SZ000976,2009-07-03,14.5867,15.3215,14.5132,15.0276,30480600,123774296.00,0.07457791,0.051958,3.6742
SZ000976,2009-07-06,14.9173,15.1378,14.8071,14.9541,16558600,67381128.00,0.04051449,0.028226,3.6742
SZ000976,2009-07-07,14.8806,15.3215,14.8071,15.1010,22580700,92802896.00,0.05524896,0.038491,3.6742
SZ000976,2009-07-08,15.0643,15.2480,14.8071,15.0276,16709800,68258424.00,0.04088443,0.028484,3.6742
SZ000976,2009-07-09,14.9541,15.3950,14.9541,15.3215,20283800,83993784.00,0.04962906,0.034576,3.6742
SZ000976,2009-07-10,15.3582,15.8726,15.2480,15.8726,36348900,154504800.00,0.08893608,0.061961,3.6742
SZ000976,2009-07-13,16.1298,16.6810,15.9094,16.0563,45921300,203751008.00,0.11235719,0.078278,3.6742
SZ000976,2009-07-14,15.9829,16.5340,15.7991,16.4238,28183600,123892944.00,0.06895777,0.048042,3.6742
SZ000976,2009-07-15,16.3135,16.6075,16.1298,16.1666,19368700,85887808.00,0.04739005,0.033016,3.6742
SZ000976,2009-07-16,16.2033,16.3503,15.8359,15.8726,16686500,72891408.00,0.04082742,0.028444,3.6742
SZ000976,2009-07-17,15.7991,16.1298,15.7991,15.9461,12210700,52964212.00,0.02987633,0.020815,3.6742
SZ000976,2009-07-20,15.9461,16.3135,15.8359,16.2033,17633000,77566752.00,0.04314326,0.030057,3.6742
SZ000976,2009-07-21,16.2033,16.2033,15.3950,15.4317,23040200,98715968.00,0.05637323,0.039275,3.6742
SZ000976,2009-07-22,15.3950,16.1666,15.3215,16.1298,20311200,86775904.00,0.04969610,0.034623,3.6742
SZ000976,2009-07-23,16.2768,16.8647,16.1298,16.4238,41407200,185855152.00,0.10131239,0.070583,3.6742
SZ000976,2009-07-24,16.3870,16.3870,15.7257,16.0196,17872500,78266200.00,0.04372925,0.030466,3.6742
SZ000976,2009-07-27,16.0563,16.3135,15.8726,16.0931,15537200,67923592.00,0.03801539,0.026485,3.6742
SZ000976,2009-07-28,16.0931,16.4605,15.9829,16.4238,21217100,93687464.00,0.05191259,0.036167,3.6742
SZ000976,2009-07-29,16.4238,16.4238,14.8071,15.1745,21543100,92339728.00,0.05271023,0.036723,3.6742
SZ000976,2009-07-30,15.1745,15.5052,14.6969,15.2848,16564400,68136048.00,0.04052868,0.028236,3.6742
SZ000976,2009-07-31,15.3215,15.7257,15.1378,15.6522,16032200,67723688.00,0.03922652,0.027329,3.6742
SZ000976,2009-08-03,15.6522,17.2321,15.6154,17.2321,65406500,301386912.00,0.16003229,0.111493,3.6742
SZ000976,2009-08-04,17.4893,18.9590,17.2688,18.8855,113990100,564419840.00,0.27890342,0.194309,3.6742
SZ000976,2009-08-05,18.3711,18.4813,17.7097,17.9669,47464500,232716416.00,0.11613299,0.080909,3.6742
SZ000976,2009-08-06,17.7097,17.8567,16.8647,17.2688,29487100,139084256.00,0.07214708,0.050264,3.6742
SZ000976,2009-08-07,17.0116,17.5260,16.5707,16.6442,21667600,100691304.00,0.05301485,0.036935,3.6742
SZ000976,2009-08-10,16.7912,17.4526,16.5340,17.2688,22102400,102509728.00,0.05407869,0.037676,3.6742
SZ000976,2009-08-11,17.3423,17.3791,16.7177,16.9382,11553200,53411924.00,0.02826760,0.019694,3.6742
SZ000976,2009-08-12,16.9014,16.9014,15.6154,15.6889,18693800,81975952.00,0.04573875,0.031866,3.6742
SZ000976,2009-08-13,15.6522,15.9094,15.2848,15.7991,14362300,61194456.00,0.03514072,0.024482,3.6742
SZ000976,2009-08-14,15.6522,15.7991,14.7704,14.7704,16862800,69652080.00,0.04125878,0.028745,3.6742
SZ000976,2009-08-17,14.6601,14.6601,13.3007,13.4109,20481900,77712072.00,0.05011376,0.034914,3.6742
SZ000976,2009-08-18,13.1537,14.6234,13.1170,14.3295,19342100,72987176.00,0.04732497,0.032971,3.6742
SZ000976,2009-08-19,14.2192,14.7704,13.6314,13.9620,21042700,81421424.00,0.05148588,0.035870,3.6742
SZ000976,2009-08-20,13.8518,14.7704,13.7416,14.6601,18766800,73322464.00,0.04591736,0.031990,3.6742
SZ000976,2009-08-21,14.5499,14.9908,14.3662,14.9908,19753700,79245320.00,0.04833204,0.033672,3.6742
SZ000976,2009-08-24,15.0643,15.1745,14.8071,14.9541,17931700,73336144.00,0.04387410,0.030567,3.6742
SZ000976,2009-08-25,14.9541,15.1378,13.9620,14.7704,19416000,76139440.00,0.04750578,0.033097,3.6742
SZ000976,2009-08-26,14.5499,15.1378,14.4397,14.9541,16637100,67489512.00,0.04070655,0.028360,3.6742
SZ000976,2009-08-27,14.8071,15.2113,14.6234,15.0276,16470400,67078760.00,0.04029868,0.028076,3.6742
SZ000976,2009-08-28,15.0276,16.3135,14.5867,15.9461,38188100,160710784.00,0.09343611,0.065096,3.6742
SZ000976,2009-08-31,15.4317,15.5787,14.3662,14.3662,24859800,100632528.00,0.06082531,0.042376,3.6742
SZ000976,2009-09-01,14.3662,14.6601,14.1825,14.3662,10853300,42631852.00,0.02655514,0.018501,3.6742
SZ000976,2009-09-02,14.4029,14.4764,13.6681,14.1457,10088500,38833340.00,0.02468387,0.017197,3.6742
SZ000976,2009-09-03,14.3295,14.8806,14.1457,14.8071,12322200,48943808.00,0.03014914,0.021005,3.6742
SZ000976,2009-09-04,14.7704,15.1745,14.6234,14.9173,14169300,57340336.00,0.03466850,0.024153,3.6742
SZ000976,2009-09-07,14.9173,15.3950,14.8438,14.9541,13776300,56520760.00,0.03370694,0.023483,3.6742
SZ000976,2009-09-08,14.8438,15.1010,14.6601,15.0276,11598000,47172616.00,0.02837722,0.019770,3.6742
SZ000976,2009-09-09,15.0643,15.1010,14.6969,15.0276,10749700,43729656.00,0.02630165,0.018324,3.6742
SZ000976,2009-09-10,14.9173,15.5052,14.8071,15.3215,18153600,74786776.00,0.04441703,0.030945,3.6742
SZ000976,2009-09-11,15.3582,15.9829,15.2480,15.5787,31581500,133884832.00,0.07727152,0.053834,3.6742
SZ000976,2009-09-14,15.5787,15.8726,15.3582,15.8726,21636100,92110920.00,0.05293778,0.036881,3.6742
SZ000976,2009-09-15,15.8726,15.9829,15.5052,15.7257,16847700,72334848.00,0.04122184,0.028719,3.6742
SZ000976,2009-09-16,15.7257,16.4238,15.5787,16.1298,24955600,108695376.00,0.06105971,0.042540,3.6742
SZ000976,2009-09-17,16.0196,16.7544,15.9829,16.3135,23211000,103663552.00,0.05679114,0.039566,3.6742
SZ000976,2009-09-18,16.3503,16.4973,15.2480,15.9461,22357600,97599432.00,0.05470309,0.038111,3.6742
SZ000976,2009-09-21,15.6889,16.8647,15.2480,16.8647,24394100,106931696.00,0.05968587,0.041583,3.6742
SZ000976,2009-09-22,16.9014,17.4158,16.2768,16.2768,41252700,190020464.00,0.10093437,0.070320,3.6742
SZ000976,2009-09-23,15.7991,16.2401,15.3950,15.4317,17453500,74804376.00,0.04270407,0.029751,3.6742
SZ000976,2009-09-24,15.3215,15.6154,14.8071,15.2480,11864500,49066656.00,0.02902927,0.020224,3.6742
SZ000976,2009-09-25,15.1378,15.4317,15.0276,15.1010,7889800,32759584.00,0.01930424,0.013449,3.6742
SZ000976,2009-09-28,15.2113,15.3950,14.5867,14.6601,7718000,31544108.00,0.01888389,0.013156,3.6742
SZ000976,2009-09-29,14.5499,14.8071,13.7783,14.1090,10502700,40523856.00,0.02569731,0.017903,3.6742
SZ000976,2009-09-30,14.2927,14.5132,14.1090,14.1825,6736700,26208016.00,0.01648291,0.011483,3.6742
SZ000976,2009-10-09,14.3662,15.3582,14.3662,15.2480,9805000,39610616.00,0.02399022,0.016714,3.6742
SZ000976,2009-10-12,15.2848,15.3582,14.9541,15.1378,10208100,42190544.00,0.02497650,0.017401,3.6742
SZ000976,2009-10-13,15.1745,15.3582,14.9908,15.3215,6782700,28048424.00,0.01659546,0.011562,3.6742
SZ000976,2009-10-14,15.2848,15.6522,15.2480,15.3950,10527900,44394540.00,0.02575897,0.017946,3.6742
SZ000976,2009-10-15,15.5052,15.5787,15.2113,15.4317,9906200,41569176.00,0.02423783,0.016886,3.6742
SZ000976,2009-10-16,15.3950,15.5420,14.9908,15.2480,7934400,32873784.00,0.01941336,0.013525,3.6742
SZ000976,2009-10-19,15.2480,16.0196,15.1010,15.8359,15404000,65165964.00,0.03768949,0.026258,3.6742
SZ000976,2009-10-20,15.7257,16.2401,15.6522,15.9829,20059500,86824456.00,0.04908026,0.034194,3.6742
SZ000976,2009-10-21,15.9829,16.3135,15.7624,15.9829,17628200,77131520.00,0.04313151,0.030049,3.6742
SZ000976,2009-10-22,15.9461,16.5340,15.7257,16.2768,25316300,111932928.00,0.06194225,0.043155,3.6742
SZ000976,2009-10-23,16.1666,16.8647,16.1666,16.3503,24987300,111747224.00,0.06113727,0.042594,3.6742
SZ000976,2009-10-26,16.2401,16.4973,15.8359,16.3870,19314200,85060312.00,0.04725670,0.032923,3.6742
SZ000976,2009-10-27,16.2033,16.2033,15.5787,15.5787,16124900,69595944.00,0.03945334,0.027487,3.6742
SZ000976,2009-10-28,15.5787,15.9461,15.3582,15.7991,11913400,50869928.00,0.02914892,0.020308,3.6742
SZ000976,2009-10-29,15.6154,15.6154,15.2113,15.3215,11675400,48958580.00,0.02856660,0.019902,3.6742
SZ000976,2009-10-30,15.4685,15.7991,15.4317,15.5052,10308800,43827224.00,0.02522289,0.017573,3.6742
SZ000976,2009-11-02,15.2480,15.7991,14.9908,15.7257,14913500,62810112.00,0.03648936,0.025422,3.6742
SZ000976,2009-11-03,15.7257,16.5340,15.6522,16.2401,25224600,111211832.00,0.06171788,0.042998,3.6742
SZ000976,2009-11-04,16.2401,16.7912,16.0196,16.4238,24564500,109717248.00,0.06010279,0.041873,3.6742
SZ000976,2009-11-05,16.2768,17.6363,16.1298,17.5995,40418100,184758064.00,0.09889233,0.068897,3.6742
SZ000976,2009-11-06,17.3056,18.5548,17.1954,18.2241,75219900,363427328.00,0.18404307,0.128221,3.6742
SZ000976,2009-11-09,18.0037,18.6283,17.6363,18.2976,57836500,286521696.00,0.14151052,0.098589,3.6742
SZ000976,2009-11-10,18.0404,18.5916,17.7097,18.1874,58227700,287612544.00,0.14246768,0.099256,3.6742
SZ000976,2009-11-11,17.8567,18.4813,17.7097,18.0404,47288900,233396544.00,0.11570335,0.080609,3.6742
SZ000976,2009-11-12,18.0772,18.2976,17.5628,17.6363,40485800,197946416.00,0.09905797,0.069013,3.6742
SZ000976,2009-11-13,17.5260,17.7832,17.0851,17.5628,25894600,122662440.00,0.06335719,0.044140,3.6742
SZ000976,2009-11-16,17.6363,18.1874,17.4893,17.9302,28779000,139976432.00,0.07041455,0.049057,3.6742
SZ000976,2009-11-17,17.9669,18.8120,17.8200,18.6650,50154000,250772176.00,0.12271348,0.085493,3.6742
SZ000976,2009-11-18,18.5916,18.7385,18.1874,18.3344,28558600,143107488.00,0.06987529,0.048681,3.6742
SZ000976,2009-11-19,18.2609,19.8041,18.1874,19.1794,47999800,245964704.00,0.11744273,0.081821,3.6742
SZ000976,2009-11-20,18.9222,19.5836,18.7753,18.9590,32602000,169744592.00,0.07976841,0.055574,3.6742
SZ000976,2009-11-23,18.9590,19.6571,18.7753,19.2162,24704700,129330928.00,0.06044582,0.042112,3.6742
SZ000976,2009-11-24,19.4366,19.4366,17.8567,17.8935,34400400,175116384.00,0.08416862,0.058639,3.6742
SZ000976,2009-11-25,17.6730,19.0692,17.6730,19.0692,30217300,151435856.00,0.07393369,0.051509,3.6742
SZ000976,2009-11-26,19.0692,19.3999,17.7832,18.0404,34659300,175413408.00,0.08480208,0.059081,3.6742
SZ000976,2009-11-27,17.7097,18.2241,17.2688,17.4526,19138200,91861744.00,0.04682608,0.032623,3.6742
SZ000976,2009-11-30,17.6730,18.1874,17.5628,18.0772,14594200,71196784.00,0.03570812,0.024877,3.6742
SZ000976,2009-12-01,18.0772,18.9222,17.9302,18.8488,24725400,124919576.00,0.06049647,0.042147,3.6742
SZ000976,2009-12-02,19.0325,20.2817,18.7385,20.0245,49968200,263970864.00,0.12225888,0.085177,3.6742
SZ000976,2009-12-03,19.9143,20.0245,19.3264,19.6938,32485000,173800416.00,0.07948215,0.055374,3.6742
SZ000976,2009-12-04,19.6938,19.8408,18.3711,18.7385,32346900,167854528.00,0.07914425,0.055139,3.6742
SZ000976,2009-12-07,18.7753,19.1060,18.5548,18.9957,14305400,73532296.00,0.03500150,0.024385,3.6742
SZ000976,2009-12-08,18.9957,20.0613,18.9222,19.5101,37158800,197851824.00,0.09091769,0.063341,3.6742
SZ000976,2009-12-09,19.1060,19.6203,18.7018,18.8855,22174000,114884736.00,0.05425387,0.037798,3.6742
SZ000976,2009-12-10,19.3264,19.9510,19.1060,19.5469,31039100,165038176.00,0.07594441,0.052910,3.6742
SZ000976,2009-12-11,19.5469,19.9878,19.3264,19.4734,24578800,131397296.00,0.06013778,0.041897,3.6742
SZ000976,2009-12-14,19.2897,19.6203,18.6283,19.1427,17020100,87893608.00,0.04164365,0.029013,3.6742
SZ000976,2009-12-15,19.1427,19.4734,18.9957,19.2529,12700000,66653024.00,0.03107352,0.021649,3.6742
SZ000976,2009-12-16,19.1060,19.2162,18.7018,18.7753,16499000,84807832.00,0.04036866,0.028124,3.6742
SZ000976,2009-12-17,18.9222,18.9222,17.9302,17.9302,17664900,87673648.00,0.04322131,0.030112,3.6742
SZ000976,2009-12-18,17.7465,17.9302,17.2688,17.3423,11967600,57221780.00,0.02928153,0.020400,3.6742
SZ000976,2009-12-21,17.4158,17.8935,17.3791,17.8567,7890700,37874032.00,0.01930644,0.013451,3.6742
SZ000976,2009-12-22,17.9302,17.9302,17.1586,17.2321,8771000,41828752.00,0.02146030,0.014951,3.6742
SZ000976,2009-12-23,17.4526,17.5260,17.1954,17.4526,6073500,28716476.00,0.01486024,0.010353,3.6742
SZ000976,2009-12-24,17.4526,18.0037,17.4158,17.8935,9543600,46262816.00,0.02335065,0.016268,3.6742
SZ000976,2009-12-25,17.8200,18.4446,17.7465,18.1874,11753100,58195664.00,0.02875671,0.020035,3.6742
SZ000976,2009-12-28,18.1874,18.4079,18.0772,18.2609,11014000,54740232.00,0.02694833,0.018775,3.6742
SZ000976,2009-12-29,18.1874,18.2609,17.7832,18.0772,10571600,51851440.00,0.02586589,0.018021,3.6742
SZ000976,2009-12-30,18.1139,18.1507,17.6730,17.8567,10856800,52693328.00,0.02656370,0.018507,3.6742
SZ000976,2009-12-31,17.8567,18.0772,17.7465,18.0037,7226600,35338480.00,0.01768146,0.012319,3.6742
SZ000976,2010-01-04,18.1507,18.1874,17.8935,17.8935,7377800,36214816.00,0.01805140,0.012576,3.6742
SZ000976,2010-01-05,17.9669,18.3711,17.6730,18.1507,12512800,61394996.00,0.03061531,0.021330,3.6742
SZ000976,2010-01-06,18.1874,18.5181,18.0037,18.3344,14884300,74275016.00,0.03641770,0.025372,3.6742
SZ000976,2010-01-07,18.2241,18.7018,17.9669,18.2609,19559700,97504104.00,0.04785709,0.033342,3.6742
SZ000976,2010-01-08,18.0772,18.6650,17.8567,18.5916,15092800,75149728.00,0.03692784,0.025727,3.6742
SZ000976,2010-01-11,18.5548,18.9957,18.4079,18.9222,21393700,109246776.00,0.05234438,0.036468,3.6742
SZ000976,2010-01-12,18.8855,18.9222,18.4446,18.9222,17525700,89478584.00,0.04288047,0.029875,3.6742
SZ000976,2010-01-13,18.6650,19.2897,18.4813,19.0325,23828600,122502800.00,0.05830189,0.040619,3.6742
SZ000976,2010-01-14,18.9957,19.4734,18.8855,19.3264,24330200,127487968.00,0.05952917,0.041474,3.6742
SZ000976,2010-01-15,19.3632,19.3999,18.8855,19.0325,18368700,95435208.00,0.04494305,0.031312,3.6742
SZ000976,2010-01-18,18.9222,19.1060,18.7018,18.9957,15821700,81560792.00,0.03871126,0.026970,3.6742
SZ000976,2010-01-20,19.0692,19.1427,18.1874,18.2241,22490600,113938640.00,0.05502818,0.038338,3.6742
SZ000976,2010-01-21,18.1507,18.3711,17.8567,18.2609,11979300,59198688.00,0.02930998,0.020420,3.6742
SZ000976,2010-01-22,18.0404,18.2609,17.4526,17.8567,11097100,53808168.00,0.02715149,0.018916,3.6742
SZ000976,2010-01-25,17.8200,17.9302,17.4526,17.4893,6649900,31981594.00,0.01627044,0.011336,3.6742
SZ000976,2010-01-26,17.4526,17.6363,16.4973,16.6810,9782000,45129100.00,0.02393381,0.016675,3.6742
SZ000976,2010-01-27,16.6075,16.9382,16.5707,16.6442,6329700,28858120.00,0.01548700,0.010790,3.6742
SZ000976,2010-01-28,16.6075,17.0484,16.6075,16.9014,6126300,28047376.00,0.01498934,0.010443,3.6742
SZ000976,2010-01-29,16.7544,16.9749,16.5340,16.6442,10221500,46486824.00,0.02500914,0.017424,3.6742
SZ000976,2010-02-01,16.6442,16.7177,15.6522,15.8726,8686300,37662484.00,0.02125294,0.014807,3.6742
SZ000976,2010-02-02,15.9094,16.1666,15.7257,15.7991,7200800,31243490.00,0.01761834,0.012275,3.6742
SZ000976,2010-02-03,15.8726,16.2033,15.1745,16.0563,9399000,40243012.00,0.02299671,0.016022,3.6742
SZ000976,2010-02-04,15.9094,16.4605,15.7991,16.2768,9992600,44044396.00,0.02444909,0.017034,3.6742
SZ000976,2010-02-05,16.0563,16.6810,15.8359,16.6442,12142100,53987112.00,0.02970831,0.020698,3.6742
SZ000976,2010-02-08,16.5340,16.7544,16.3503,16.4605,7046000,31715704.00,0.01723958,0.012011,3.6742
SZ000976,2010-02-09,16.5340,16.7177,16.2401,16.4605,4525300,20297600.00,0.01107214,0.007714,3.6742
SZ000976,2010-02-10,16.6075,16.8647,16.3870,16.7177,5991100,27138040.00,0.01465854,0.010213,3.6742
SZ000976,2010-02-11,16.7177,16.7177,16.3503,16.3870,5008500,22534256.00,0.01225439,0.008538,3.6742
SZ000976,2010-02-12,16.4238,16.5707,16.3503,16.4973,3668900,16437069.00,0.00897677,0.006254,3.6742
SZ000976,2010-02-22,16.4238,16.7912,16.3503,16.5340,6316400,28609048.00,0.01545446,0.010767,3.6742
SZ000976,2010-02-23,16.5707,17.0851,16.3870,16.9382,9338100,42476076.00,0.02284771,0.015918,3.6742
SZ000976,2010-02-24,16.8647,17.1954,16.7544,17.1586,9094100,42261304.00,0.02225071,0.015502,3.6742
SZ000976,2010-02-25,17.1954,17.7465,17.1586,17.5260,12887400,61309192.00,0.03153185,0.021968,3.6742
SZ000976,2010-02-26,17.4158,17.6363,17.3423,17.3791,8207200,38997440.00,0.02008071,0.013990,3.6742
SZ000976,2010-03-01,17.3791,17.8935,17.3056,17.6730,10927800,52806424.00,0.02673726,0.018628,3.6742
SZ000976,2010-03-02,17.6730,17.7832,17.2688,17.5628,9507700,45148688.00,0.02326267,0.016207,3.6742
SZ000976,2010-03-03,17.4893,18.2609,17.4526,17.9669,15367900,75092608.00,0.03760094,0.026196,3.6742
SZ000976,2010-03-04,17.9669,18.1874,17.0484,17.1586,12589900,60334640.00,0.03080395,0.021461,3.6742
SZ000976,2010-03-05,17.1219,18.7018,17.1219,18.2609,27482900,134857136.00,0.06724294,0.046848,3.6742
SZ000976,2010-03-08,18.1507,18.4813,18.0404,18.1507,15173700,75215008.00,0.03712578,0.025865,3.6742
SZ000976,2010-03-09,18.0772,18.2609,17.8567,17.9302,10449100,51280816.00,0.02556601,0.017812,3.6742
SZ000976,2010-03-10,17.9302,18.0772,17.4526,17.6363,7940000,38322496.00,0.01942695,0.013535,3.6742
SZ000976,2010-03-11,17.6363,17.8200,17.3423,17.7097,5959500,28533296.00,0.01458122,0.010159,3.6742
SZ000976,2010-03-12,17.7097,17.7832,17.3791,17.4526,5758100,27455452.00,0.01408845,0.009815,3.6742
SZ000976,2010-03-15,17.4893,17.5628,16.9749,17.1586,5701300,26613384.00,0.01394948,0.009719,3.6742
SZ000976,2010-03-16,17.1586,17.3423,16.9014,17.1954,5854900,27328946.00,0.01432530,0.009980,3.6742
SZ000976,2010-03-17,17.2321,17.7097,17.1954,17.6730,6739000,32159632.00,0.01648844,0.011487,3.6742
SZ000976,2010-03-18,17.6363,17.9302,17.5995,17.8200,7824900,37859872.00,0.01914533,0.013338,3.6742
SZ000976,2010-03-19,17.8200,18.0037,17.7097,17.9302,7050800,34334736.00,0.01725133,0.012019,3.6742
SZ000976,2010-03-22,17.8935,18.1874,17.8200,18.0037,8067300,39529884.00,0.01973842,0.013752,3.6742
SZ000976,2010-03-23,18.0404,18.0772,17.6730,17.7465,6639700,32216240.00,0.01624548,0.011318,3.6742
SZ000976,2010-03-24,17.7832,18.5548,17.6363,18.0404,18321400,90563272.00,0.04482732,0.031231,3.6742
SZ000976,2010-03-25,17.9302,18.0037,17.4893,17.5628,9811100,47202568.00,0.02400501,0.016724,3.6742
SZ000976,2010-03-26,17.5628,17.9669,17.4526,17.8567,7136100,34420476.00,0.01746003,0.012164,3.6742
SZ000976,2010-03-29,17.9302,18.0404,17.7465,17.9302,7530600,36700608.00,0.01842526,0.012837,3.6742
SZ000976,2010-03-30,17.9669,18.1874,17.8935,18.0404,8631800,42354788.00,0.02111959,0.014714,3.6742
SZ000976,2010-03-31,18.0404,18.1874,17.7465,18.0037,10080500,49521572.00,0.02466415,0.017183,3.6742
SZ000976,2010-04-01,18.0772,18.2976,17.9302,18.2609,13031000,64471304.00,0.03188320,0.022213,3.6742
SZ000976,2010-04-02,18.2609,18.5548,18.0772,18.4079,20023500,100141264.00,0.04899188,0.034132,3.6742
SZ000976,2010-04-06,18.4079,18.7018,18.2609,18.5181,14190500,71430288.00,0.03472017,0.024189,3.6742
SZ000976,2010-04-07,18.5181,18.6650,18.3344,18.5181,9904200,49754124.00,0.02423280,0.016883,3.6742
SZ000976,2010-04-08,18.5181,18.6283,18.2609,18.2976,11608000,58234092.00,0.02840152,0.019787,3.6742
SZ000976,2010-04-09,18.2976,18.4446,18.2241,18.3711,9841500,49182708.00,0.02407939,0.016776,3.6742
SZ000976,2010-04-12,18.3344,19.0325,18.2609,18.7018,21682200,110140128.00,0.05305025,0.036960,3.6742
SZ000976,2010-04-13,18.7018,18.8120,17.8935,18.3711,13975600,69850888.00,0.03419437,0.023823,3.6742
SZ000976,2010-04-14,18.2976,18.8855,18.1139,18.7018,16401600,83175320.00,0.04013011,0.027958,3.6742
SZ000976,2010-04-15,18.9222,20.4287,18.6283,19.6203,59385800,315242304.00,0.14530037,0.101230,3.6742
SZ000976,2010-04-16,19.3264,19.5836,18.7385,19.1794,29855700,155741664.00,0.07304851,0.050892,3.6742
SZ000976,2010-04-19,18.8488,20.7594,18.7753,19.7306,62629700,341020064.00,0.15323729,0.106760,3.6742
SZ000976,2010-04-20,19.8408,21.7147,19.8408,21.7147,95534200,550166784.00,0.23374536,0.162849,3.6742
SZ000976,2010-04-21,21.3105,21.9719,20.7226,21.6412,68186200,395150080.00,0.16683248,0.116231,3.6742
SZ000976,2010-04-22,21.4207,21.4575,20.8328,21.1268,40277300,231131168.00,0.09854724,0.068657,3.6742
SZ000976,2010-04-23,20.9431,21.9351,20.3919,20.5389,42810600,248316592.00,0.10474551,0.072976,3.6742
SZ000976,2010-04-27,19.5101,19.5101,19.5101,19.5101,3936300,20901752.00,0.00963102,0.006710,3.6742
SZ000976,2010-04-28,18.5181,18.5181,18.5181,18.5181,3571800,18001872.00,0.00873919,0.006089,3.6742
SZ000976,2010-04-29,17.6730,19.1060,17.6730,18.3711,53258600,264530736.00,0.13030884,0.090785,3.6742
SZ000976,2010-04-30,17.7465,18.0037,17.4526,17.4526,19897800,95154320.00,0.04868433,0.033918,3.6742
SZ000976,2010-05-04,16.9014,17.7097,16.5707,16.7544,22527900,104338304.00,0.05511944,0.038401,3.6742
SZ000976,2010-05-05,16.6075,17.3791,16.3870,17.2321,14299100,65739172.00,0.03498588,0.024374,3.6742
SZ000976,2010-05-06,17.1954,17.4893,16.5340,16.5707,14335200,66432140.00,0.03507421,0.024436,3.6742
SZ000976,2010-05-07,16.2768,16.3870,15.7257,16.0563,13867100,60629364.00,0.03392890,0.023638,3.6742
SZ000976,2010-05-10,16.0563,16.3870,15.7257,16.1666,10052000,44050652.00,0.02459442,0.017135,3.6742
SZ000976,2010-05-11,16.4238,16.5707,15.8726,15.8726,12183300,53757004.00,0.02980911,0.020768,3.6742
SZ000976,2010-05-12,15.7624,16.2033,15.6154,15.7624,8644000,37322696.00,0.02114944,0.014735,3.6742
SZ000976,2010-05-13,15.7991,16.0563,15.5052,15.9829,7221500,31207856.00,0.01766898,0.012310,3.6742
SZ000976,2010-05-14,15.9461,16.7912,15.7991,16.7912,21222900,96180824.00,0.05192648,0.036177,3.6742
SZ000976,2010-05-17,16.8279,17.4893,16.4605,16.6075,24201500,112030856.00,0.05921427,0.041254,3.6742
SZ000976,2010-05-18,16.6075,16.9749,15.9829,16.7544,10290300,46324572.00,0.02517747,0.017541,3.6742
SZ000976,2010-05-19,16.7177,17.1954,16.3503,17.0851,7893100,36033104.00,0.01931220,0.013455,3.6742
SZ000976,2010-05-20,16.9014,17.4526,16.7544,17.0484,10605700,49682856.00,0.02594917,0.018079,3.6742
SZ000976,2010-05-24,17.4526,17.8935,17.3423,17.8200,14100500,67894744.00,0.03449996,0.024036,3.6742
SZ000976,2010-05-25,17.6730,18.1507,17.3791,17.8935,9550800,46286952.00,0.02336813,0.016280,3.6742
SZ000976,2010-05-26,17.9669,18.2976,17.4893,17.5628,8814800,43071280.00,0.02156734,0.015026,3.6742
SZ000976,2010-05-27,17.5628,17.9302,17.4526,17.5260,9059100,43538092.00,0.02216507,0.015442,3.6742
SZ000976,2010-05-28,17.6730,17.7465,17.2688,17.5260,8785600,41953076.00,0.02149590,0.014976,3.6742
SZ000976,2010-05-31,17.5260,18.4079,17.4526,18.2976,20654400,102646976.00,0.05053552,0.035208,3.6742
SZ000976,2010-06-01,18.1139,18.5548,17.8200,18.2609,13901600,68853736.00,0.03401331,0.023697,3.6742
SZ000976,2010-06-02,18.2241,18.7753,18.1874,18.7018,12018500,60657864.00,0.02940589,0.020487,3.6742
SZ000976,2010-06-03,18.7753,19.0325,18.4079,18.5548,10699600,54317784.00,0.02617892,0.018239,3.6742
SZ000976,2010-06-04,18.5548,18.7018,18.2976,18.4079,6897700,34664956.00,0.01687673,0.011758,3.6742
SZ000976,2010-06-07,18.2609,18.2609,17.4893,17.8200,10002500,48416672.00,0.02447331,0.017050,3.6742
SZ000976,2010-06-08,17.5628,18.5548,17.5260,18.4079,9551800,47539624.00,0.02337057,0.016282,3.6742
SZ000976,2010-06-09,18.4813,19.3264,18.3711,19.3264,16620100,85907816.00,0.04066472,0.028331,3.6742
SZ000976,2010-06-10,19.3264,20.2082,18.9957,19.8408,20709600,110503016.00,0.05067057,0.035302,3.6742
SZ000976,2010-06-11,19.8408,20.7961,19.4366,20.7594,24120500,132744184.00,0.05901609,0.041116,3.6742
SZ000976,2010-06-17,20.7226,21.4942,19.7306,19.7306,29075900,161268448.00,0.07114056,0.049563,3.6742
SZ000976,2010-06-18,18.7753,19.1060,18.7385,18.7385,11910100,60815792.00,0.02914067,0.020302,3.6742
SZ000976,2010-06-21,17.8200,19.0692,17.8200,18.4813,20252200,101125936.00,0.04955145,0.034522,3.6742
SZ000976,2010-06-22,18.4446,18.7018,18.1874,18.4079,7685900,38557216.00,0.01880524,0.013102,3.6742
SZ000976,2010-06-23,18.0037,18.6283,18.0037,18.5916,7492100,37379108.00,0.01833106,0.012771,3.6742
SZ000976,2010-06-24,18.5916,19.5101,18.4079,19.3632,13241100,69017936.00,0.03239725,0.022571,3.6742
SZ000976,2010-06-25,19.2162,19.7673,18.4079,18.4079,18093600,92936600.00,0.04426996,0.030843,3.6742
SZ000976,2010-06-28,18.2609,18.3711,17.4893,17.7465,10983000,53413196.00,0.02687232,0.018722,3.6742
SZ000976,2010-06-29,17.7832,18.0404,17.0484,17.1954,8231400,39284524.00,0.02013992,0.014031,3.6742
SZ000976,2010-06-30,17.2321,17.3423,16.5340,16.9382,4945200,22683424.00,0.01209952,0.008430,3.6742
SZ000976,2010-07-01,17.0116,17.2321,16.8279,16.9014,4300900,19935762.00,0.01052309,0.007331,3.6742
SZ000976,2010-07-02,16.9749,17.3056,16.5340,17.3056,5725900,26458326.00,0.01400967,0.009760,3.6742
SZ000976,2010-07-05,17.3423,17.6730,16.9382,17.5995,5709000,27183140.00,0.01396832,0.009732,3.6742
SZ000976,2010-07-06,17.4526,17.9302,17.3791,17.6363,5226600,25179568.00,0.01278802,0.008909,3.6742
SZ000976,2010-07-07,17.6730,17.8567,17.3791,17.6363,4945200,23652616.00,0.01209952,0.008430,3.6742
SZ000976,2010-07-08,17.6730,17.7465,17.4893,17.6363,3485300,16699203.00,0.00852755,0.005941,3.6742
SZ000976,2010-07-09,17.7097,18.3344,17.6363,18.2241,6445900,31570720.00,0.01577131,0.010988,3.6742
SZ000976,2010-07-12,18.1874,18.3344,18.1139,18.1874,5352500,26532980.00,0.01309606,0.009124,3.6742
SZ000976,2010-07-13,18.1874,18.1874,17.2688,17.4158,6394100,30622216.00,0.01564457,0.010899,3.6742
SZ000976,2010-07-14,17.4158,17.7465,17.1954,17.4526,4998900,23719516.00,0.01223090,0.008521,3.6742
SZ000976,2010-07-15,17.4893,17.5995,16.8279,16.9014,5728900,26811428.00,0.01401701,0.009766,3.6742
SZ000976,2010-07-16,16.6442,17.1586,16.6442,17.0851,3578300,16511274.00,0.00875510,0.006100,3.6742
SZ000976,2010-07-19,16.9014,17.4526,16.7912,17.3423,3557200,16702031.00,0.00870347,0.006064,3.6742
SZ000976,2010-07-20,17.3056,17.8200,17.2688,17.6730,5377400,25672742.00,0.01315699,0.009166,3.6742
SZ000976,2010-07-21,17.6363,17.7832,17.4893,17.6363,4476600,21492408.00,0.01095298,0.007631,3.6742
SZ000976,2010-07-22,17.6363,17.9669,17.5260,17.7832,3917100,18914088.00,0.00958404,0.006677,3.6742
SZ000976,2010-07-23,17.8567,17.8567,17.5995,17.7097,4360200,20986784.00,0.01066818,0.007432,3.6742
SZ000976,2010-07-26,17.7097,17.7832,17.2688,17.5995,9184600,43690148.00,0.02247214,0.015656,3.6742
SZ000976,2010-07-27,17.4526,17.8935,17.4526,17.7832,6629600,32019088.00,0.01622077,0.011301,3.6742
SZ000976,2010-07-28,17.8200,18.1139,17.5995,18.0037,8152200,39803524.00,0.01994614,0.013896,3.6742
SZ000976,2010-07-29,18.0404,18.9222,17.8935,18.7753,20383400,103606768.00,0.04987245,0.034746,3.6742
SZ000976,2010-07-30,18.7753,18.7753,18.2609,18.5181,9819600,49292444.00,0.02402580,0.016739,3.6742
SZ000976,2010-08-02,18.5548,19.2529,18.3711,18.9222,12692800,65153716.00,0.03105572,0.021636,3.6742
SZ000976,2010-08-03,18.9590,19.2162,18.4079,18.4079,13463400,69143616.00,0.03294116,0.022950,3.6742
SZ000976,2010-08-04,18.3344,19.1794,18.2976,18.9590,15682400,80665040.00,0.03837043,0.026732,3.6742
SZ000976,2010-08-05,18.9957,19.4366,18.8120,18.9590,13383200,69626704.00,0.03274493,0.022813,3.6742
SZ000976,2010-08-06,18.9590,19.1427,18.7753,19.0692,6965400,36012720.00,0.01704238,0.011873,3.6742
SZ000976,2010-08-09,19.0325,19.3999,18.8488,19.2162,9916700,51559568.00,0.02426338,0.016904,3.6742
SZ000976,2010-08-10,19.3632,19.3632,18.2609,18.2609,14381300,73164112.00,0.03518700,0.024515,3.6742
SZ000976,2010-08-11,18.2241,18.5548,18.1139,18.4813,5516800,27599066.00,0.01349806,0.009404,3.6742
SZ000976,2010-08-12,18.3344,18.6650,18.1507,18.2241,5740200,28691230.00,0.01404466,0.009785,3.6742
SZ000976,2010-08-13,18.2241,18.4079,18.0404,18.4079,6319400,31382064.00,0.01546180,0.010772,3.6742
SZ000976,2010-08-16,18.4079,18.9222,18.4079,18.7753,8066600,41070324.00,0.01973670,0.013750,3.6742
SZ000976,2010-08-17,18.7753,18.8488,18.5548,18.7018,7007500,35645072.00,0.01714538,0.011945,3.6742
SZ000976,2010-08-18,18.7385,18.8120,18.5548,18.5916,7574000,38451172.00,0.01853145,0.012911,3.6742
SZ000976,2010-08-19,18.6283,19.1794,18.5548,19.0325,13978100,72042344.00,0.03420048,0.023827,3.6742
SZ000976,2010-08-20,18.9957,19.1060,18.4813,18.6283,8844200,45077280.00,0.02163927,0.015076,3.6742
SZ000976,2010-08-23,18.6283,19.5469,18.5548,19.2529,19401100,101667896.00,0.04746904,0.033071,3.6742
SZ000976,2010-08-24,19.3264,19.6571,19.0325,19.2162,15166800,79812160.00,0.03710890,0.025854,3.6742
SZ000976,2010-08-25,18.9957,19.1794,18.5548,18.6650,10630400,54587544.00,0.02600960,0.018121,3.6742
SZ000976,2010-08-26,18.6650,18.9957,18.5916,18.7753,7285800,37299168.00,0.01782631,0.012419,3.6742
SZ000976,2010-08-27,18.6283,19.7306,18.5548,19.2897,14044400,73442688.00,0.03436270,0.023940,3.6742
SZ000976,2010-08-30,19.3632,19.5836,19.1060,19.3632,11984000,62886820.00,0.02932148,0.020428,3.6742
SZ000976,2010-08-31,19.3264,19.5836,19.0325,19.0692,11876900,62096512.00,0.02905944,0.020246,3.6742
SZ000976,2010-09-01,19.0692,19.2897,18.5181,18.8488,13309800,68324392.00,0.03256534,0.022688,3.6742
SZ000976,2010-09-02,18.9222,19.1060,18.6283,19.1060,10624400,54652804.00,0.02599492,0.018111,3.6742
SZ000976,2010-09-03,19.0692,19.1060,18.7018,19.0692,9759900,50280836.00,0.02387973,0.016637,3.6742
SZ000976,2010-09-06,19.1060,19.6571,18.8120,19.3999,21145400,111034936.00,0.05173685,0.036045,3.6742
SZ000976,2010-09-07,19.2529,19.6938,19.2162,19.2529,15362200,81174312.00,0.03758699,0.026187,3.6742
SZ000976,2010-09-08,19.2529,19.3632,18.8488,19.1794,13207500,68474832.00,0.03231504,0.022514,3.6742
SZ000976,2010-09-09,19.2162,19.3632,18.6283,18.7753,13196000,68297400.00,0.03228691,0.022494,3.6742
SZ000976,2010-09-10,18.7385,18.8855,18.3711,18.6650,14268400,72223064.00,0.03491077,0.024322,3.6742
SZ000976,2010-09-13,18.6283,18.8120,18.5916,18.7018,10151500,51682548.00,0.02483787,0.017304,3.6742
SZ000976,2010-09-14,18.6650,18.7385,18.4079,18.5548,12038200,60816048.00,0.02945409,0.020520,3.6742
SZ000976,2010-09-15,18.5181,18.7385,18.3711,18.4446,9573500,48301600.00,0.02342367,0.016319,3.6742
SZ000976,2010-09-16,18.4446,18.5916,17.5260,17.7465,12696200,62219660.00,0.03106404,0.021642,3.6742
SZ000976,2010-09-17,17.7832,17.8200,17.3791,17.5995,6460500,30946956.00,0.01580703,0.011013,3.6742
SZ000976,2010-09-20,17.6363,18.0772,17.5995,17.7832,6750500,32845848.00,0.01651658,0.011507,3.6742
SZ000976,2010-09-21,17.8200,18.0037,17.7097,17.9302,4620800,22460560.00,0.01130580,0.007877,3.6742
SZ000976,2010-09-27,18.0037,18.1874,17.9669,18.0772,4547400,22360708.00,0.01112621,0.007752,3.6742
SZ000976,2010-09-28,18.0404,18.1139,17.8935,17.9302,5061400,24766232.00,0.01238382,0.008628,3.6742
SZ000976,2010-09-29,17.8935,18.0772,17.5260,17.5995,4996900,24183516.00,0.01222601,0.008518,3.6742
SZ000976,2010-09-30,17.5628,17.8567,17.4526,17.7465,4665700,22466860.00,0.01141566,0.007953,3.6742
SZ000976,2010-10-08,17.8935,18.2609,17.8200,18.1874,8756200,43106556.00,0.02142396,0.014926,3.6742
SZ000976,2010-10-11,18.2241,18.5548,18.0772,18.2609,10224000,50934912.00,0.02501526,0.017428,3.6742
SZ000976,2010-10-12,18.3344,19.1060,18.1139,18.7753,13763900,70304504.00,0.03367640,0.023462,3.6742
SZ000976,2010-10-13,18.7753,19.5836,18.6283,19.1794,15816400,82262856.00,0.03869829,0.026961,3.6742
SZ000976,2010-10-14,19.2897,19.2897,18.5181,18.5916,9497800,48642976.00,0.02323845,0.016190,3.6742
SZ000976,2010-10-15,18.7753,18.8120,18.2241,18.7385,11463300,57854992.00,0.02804748,0.019541,3.6742
SZ000976,2010-10-18,18.7385,18.8120,18.1874,18.2241,11191800,56082312.00,0.02738319,0.019078,3.6742
SZ000976,2010-10-19,18.2241,18.6650,18.2241,18.6650,7184000,36273492.00,0.01757723,0.012246,3.6742
SZ000976,2010-10-20,18.3711,18.7753,18.2976,18.5916,9962300,50163032.00,0.02437495,0.016982,3.6742
SZ000976,2010-10-21,18.5916,18.9590,18.5181,18.8120,9673100,49321200.00,0.02366736,0.016489,3.6742
SZ000976,2010-10-22,18.8120,18.8120,18.4446,18.5181,11500500,58040104.00,0.02813849,0.019604,3.6742
SZ000976,2010-10-25,18.5548,18.8855,18.5181,18.7385,14619600,74498808.00,0.03577006,0.024921,3.6742
SZ000976,2010-10-26,18.7753,19.1060,18.6650,19.0325,15830600,81421496.00,0.03873303,0.026985,3.6742
SZ000976,2010-10-27,19.0325,19.1427,18.7018,18.7385,11677400,60113416.00,0.02857132,0.019905,3.6742
SZ000976,2010-10-28,18.8120,18.8855,18.4079,18.5548,11130300,56319476.00,0.02723272,0.018973,3.6742
SZ000976,2010-10-29,18.6283,18.7385,18.4813,18.7018,9484600,47984616.00,0.02320615,0.016168,3.6742
SZ000976,2010-11-01,18.7385,18.7753,18.4813,18.6283,13839300,70027144.00,0.03386088,0.023591,3.6742
SZ000976,2010-11-02,18.6650,19.5469,18.4079,19.5469,39239500,204200416.00,0.09600804,0.066888,3.6742
SZ000976,2010-11-03,19.4366,19.6203,18.7753,18.8855,21052100,110228008.00,0.05150858,0.035886,3.6742
SZ000976,2010-11-04,18.9222,19.8408,18.9222,19.5469,28654400,151855680.00,0.07010927,0.048845,3.6742
SZ000976,2010-11-05,19.6203,20.3552,19.3999,19.7673,21965300,118840192.00,0.05374292,0.037442,3.6742
SZ000976,2010-11-08,19.7673,20.5756,19.6571,20.3552,22062300,121427064.00,0.05398025,0.037608,3.6742
SZ000976,2010-11-09,20.3919,20.7226,19.9143,20.1347,19323200,106356312.00,0.04727844,0.032939,3.6742
SZ000976,2010-11-10,20.0980,20.3185,19.6571,19.9510,17855700,96789512.00,0.04368788,0.030437,3.6742
SZ000976,2010-11-11,19.8408,20.2450,19.6203,19.6938,19047300,103511712.00,0.04660339,0.032468,3.6742
SZ000976,2010-11-12,19.5101,20.2082,18.7018,18.7018,23438700,122901552.00,0.05734792,0.039954,3.6742
SZ000976,2010-11-15,18.8488,18.9957,18.5916,18.9957,11096300,56851884.00,0.02714953,0.018915,3.6742
SZ000976,2010-11-16,18.9957,19.2897,18.2241,18.4813,13586600,69325568.00,0.03324259,0.023160,3.6742
SZ000976,2010-11-17,18.3344,18.6650,18.0037,18.1139,10360700,51901204.00,0.02534972,0.017661,3.6742
SZ000976,2010-11-18,18.2976,18.5181,18.0404,18.3711,6707100,33463564.00,0.01641039,0.011433,3.6742
SZ000976,2010-11-22,18.5181,19.2897,18.5181,18.9957,13057900,67578872.00,0.03194901,0.022259,3.6742
SZ000976,2010-11-23,19.0692,19.0692,18.3711,18.5916,7585000,38437452.00,0.01855836,0.012930,3.6742
SZ000976,2010-11-24,18.6283,18.8488,18.3344,18.8120,6439300,32652240.00,0.01575516,0.010977,3.6742
SZ000976,2010-11-25,18.8488,19.1794,18.6650,19.0692,10271800,52952792.00,0.02513221,0.017509,3.6742
SZ000976,2010-11-26,18.9590,19.1427,18.8120,18.9222,7228400,37272476.00,0.01768586,0.012322,3.6742
SZ000976,2010-11-29,18.9222,18.9957,18.5916,18.8855,6036200,30821672.00,0.01476889,0.010289,3.6742
SZ000976,2010-11-30,18.7753,18.9590,18.0037,18.3711,9210900,46111436.00,0.02253649,0.015701,3.6742
SZ000976,2010-12-01,18.3344,18.4446,18.0772,18.4446,3595700,17925700.00,0.00879767,0.006129,3.6742
SZ000976,2010-12-02,18.5548,18.6283,18.2976,18.3711,5127000,25731110.00,0.01254433,0.008740,3.6742
SZ000976,2010-12-03,18.3344,18.3711,17.9669,18.0772,7001800,34484440.00,0.01713144,0.011935,3.6742
SZ000976,2010-12-06,18.0404,18.1507,17.4893,17.7097,5905300,28527980.00,0.01444861,0.010066,3.6742
SZ000976,2010-12-07,17.7097,18.0037,17.4158,17.9669,4864400,23560772.00,0.01190182,0.008292,3.6742
SZ000976,2010-12-08,18.0772,18.2609,17.8200,17.8935,4317500,21170884.00,0.01056371,0.007360,3.6742
SZ000976,2010-12-09,17.7465,17.9302,17.4526,17.5260,4910300,23609266.00,0.01201413,0.008370,3.6742
SZ000976,2010-12-10,17.4893,17.6730,17.3423,17.6363,4370700,20803920.00,0.01069388,0.007450,3.6742
SZ000976,2010-12-13,17.6363,17.9302,17.5995,17.8935,5841900,28260234.00,0.01429349,0.009958,3.6742
SZ000976,2010-12-14,17.8935,18.0037,17.8200,17.9302,4949800,24130220.00,0.01211077,0.008438,3.6742
SZ000976,2010-12-15,17.9669,18.0037,17.7465,17.8200,5753300,27947204.00,0.01407671,0.009807,3.6742
SZ000976,2010-12-16,17.7832,17.8567,17.6730,17.7465,5505500,26601032.00,0.01347041,0.009385,3.6742
SZ000976,2010-12-17,17.7465,17.8567,17.5995,17.7465,4075000,19659958.00,0.00997038,0.006946,3.6742
SZ000976,2010-12-20,17.7832,17.8200,17.0116,17.3791,6140700,29165080.00,0.01502457,0.010468,3.6742
SZ000976,2010-12-21,17.3791,17.7832,17.2321,17.7832,4649400,22201736.00,0.01137578,0.007925,3.6742
SZ000976,2010-12-22,17.8567,17.8567,17.4526,17.4893,3504400,16832812.00,0.00857428,0.005974,3.6742
SZ000976,2010-12-23,17.4893,17.5995,17.1954,17.2321,3685300,17445536.00,0.00901689,0.006282,3.6742
SZ000976,2010-12-27,17.1586,17.3423,16.3870,16.5707,6784800,31325932.00,0.01660050,0.011565,3.6742
SZ000976,2010-12-28,16.5340,16.5707,16.0931,16.0931,5097400,22651628.00,0.01247191,0.008689,3.6742
SZ000976,2010-12-29,16.0931,16.3135,16.0196,16.2768,2312300,10196638.00,0.00565755,0.003942,3.6742
SZ000976,2010-12-30,16.3135,16.3135,16.1298,16.2401,2497500,11019948.00,0.00611068,0.004257,3.6742
SZ000976,2010-12-31,16.2768,16.6075,16.1666,16.5340,3642300,16285397.00,0.00891169,0.006209,3.6742
SZ000976,2011-01-04,17.1219,17.3791,16.9749,17.3791,7202500,33958792.00,0.01762249,0.012277,3.6742
SZ000976,2011-01-05,17.6363,17.9302,17.3791,17.4893,9371200,45044488.00,0.02292869,0.015974,3.6742
SZ000976,2011-01-06,17.4526,17.6730,17.2688,17.5628,4761800,22691464.00,0.01165079,0.008117,3.6742
SZ000976,2011-01-07,17.5995,18.0037,17.5260,17.7097,6274400,30432744.00,0.01535169,0.010695,3.6742
SZ000976,2011-01-10,17.8567,18.0772,17.4893,17.5995,4459700,21613912.00,0.01091163,0.007602,3.6742
SZ000976,2011-01-11,17.4526,17.7097,17.4158,17.6363,3311400,15826536.00,0.00810207,0.005645,3.6742
SZ000976,2011-01-12,17.6730,18.3344,17.5628,18.3344,9113500,44908180.00,0.02229817,0.015535,3.6742
SZ000976,2011-01-13,18.3711,18.6283,18.1139,18.1874,7978100,39919872.00,0.01952017,0.013600,3.6742
SZ000976,2011-01-14,18.5916,18.8855,18.2241,18.3711,8460500,42569636.00,0.02070047,0.014422,3.6742
SZ000976,2011-01-17,18.2976,18.6650,17.7832,17.9669,7528900,37460040.00,0.01842110,0.012834,3.6742
SZ000976,2011-01-18,17.8200,18.2609,17.7465,18.0404,4313600,21214832.00,0.01055417,0.007353,3.6742
SZ000976,2011-01-19,18.0772,18.6650,17.9669,18.5916,6411100,32087310.00,0.01568616,0.010928,3.6742
SZ000976,2011-01-20,18.5548,18.5916,18.0772,18.1874,5965700,29781266.00,0.01459639,0.010169,3.6742
SZ000976,2011-01-21,18.1507,18.4446,18.0037,18.4079,4683400,23299594.00,0.01145896,0.007983,3.6742
SZ000976,2011-01-24,18.3711,18.7753,18.2241,18.6650,9544200,48182876.00,0.02335198,0.016269,3.6742
SZ000976,2011-01-26,18.3711,18.7018,18.2976,18.6283,6353600,31983056.00,0.01554547,0.010830,3.6742
SZ000976,2011-01-27,18.5181,19.0325,18.4813,18.8855,7308200,37464912.00,0.01788111,0.012458,3.6742
SZ000976,2011-01-28,18.8855,19.2529,18.7385,19.0325,9677900,50037968.00,0.02367910,0.016497,3.6742
SZ000976,2011-01-31,19.1427,19.1427,18.7018,18.9957,9325400,48028912.00,0.02281663,0.015896,3.6742
SZ000976,2011-02-01,19.0692,19.5469,18.9590,19.3999,11049700,58096376.00,0.02703551,0.018835,3.6742
SZ000976,2011-02-09,19.4366,19.9143,19.2162,19.5836,11726300,62846456.00,0.02869096,0.019989,3.6742
SZ000976,2011-02-10,19.8408,19.8775,19.5101,19.7673,8537500,45856224.00,0.02088886,0.014553,3.6742
SZ000976,2011-02-11,19.6938,19.7673,19.3264,19.5101,9977100,53055056.00,0.02441116,0.017007,3.6742
SZ000976,2011-02-14,19.5101,20.0245,19.4734,19.7673,11238600,60673776.00,0.02749770,0.019157,3.6742
SZ000976,2011-02-15,19.7306,19.9143,19.3999,19.4366,12381300,66167104.00,0.03029356,0.021105,3.6742
SZ000976,2011-02-16,19.3632,19.5836,19.3264,19.5469,11260600,59677872.00,0.02755153,0.019195,3.6742
SZ000976,2011-02-17,19.5101,19.5469,18.9957,19.2529,12996200,68046088.00,0.03179805,0.022154,3.6742
SZ000976,2011-02-18,19.1794,20.2082,19.1060,20.2082,14270200,77418560.00,0.03491517,0.024325,3.6742
SZ000976,2011-02-21,20.3919,21.2370,20.2817,21.0900,35162600,200246736.00,0.08603301,0.059939,3.6742
SZ000976,2011-02-23,20.4654,21.5677,20.2817,21.3840,22036700,125622632.00,0.05391762,0.037564,3.6742
SZ000976,2011-02-24,21.1268,21.6412,20.9063,21.2738,16093000,93062920.00,0.03937505,0.027432,3.6742
SZ000976,2011-02-25,21.2370,21.7881,20.9063,21.5677,18468000,107832032.00,0.04518601,0.031481,3.6742
SZ000976,2011-02-28,21.5677,21.8984,21.2003,21.4575,14463400,84571680.00,0.03538788,0.024655,3.6742
SZ000976,2011-03-01,21.5309,22.5230,21.0900,22.5230,26839000,159538592.00,0.06566750,0.045750,3.6742
SZ000976,2011-03-02,22.4128,23.1109,22.1188,22.7802,23715100,146031488.00,0.05802419,0.040425,3.6742
SZ000976,2011-03-03,22.8169,23.9192,22.7067,23.5518,38167200,245983584.00,0.09338442,0.065060,3.6742
SZ000976,2011-03-04,23.2946,24.2499,22.8904,23.5518,21029100,133861744.00,0.05145230,0.035847,3.6742
SZ000976,2011-03-07,23.5150,24.0662,23.1844,23.3681,18278000,116673320.00,0.04472113,0.031157,3.6742
SZ000976,2011-03-08,23.4783,23.6987,22.6700,22.8169,21298500,133177072.00,0.05211145,0.036306,3.6742
SZ000976,2011-03-09,22.7802,23.6253,22.7067,23.0374,18087400,114469112.00,0.04425479,0.030832,3.6742
SZ000976,2011-03-10,23.0741,24.1764,22.7802,24.1764,30639600,198796928.00,0.07496650,0.052229,3.6742
SZ000976,2011-03-11,23.5885,23.8090,22.9639,22.9639,36496700,230975904.00,0.08929717,0.062213,3.6742
SZ000976,2011-03-14,22.5230,22.7067,21.8249,22.0821,24426800,147330400.00,0.05976552,0.041638,3.6742
SZ000976,2011-03-15,21.9351,22.8537,21.8984,22.5597,20530000,124500200.00,0.05023114,0.034996,3.6742
SZ000976,2011-03-16,22.4862,22.8169,22.3025,22.7067,12297300,75389736.00,0.03008804,0.020962,3.6742
SZ000976,2011-03-17,22.3760,22.5230,21.5677,21.5677,21707300,129057512.00,0.05311167,0.037003,3.6742
SZ000976,2011-03-18,21.6044,22.4495,21.3472,22.3025,15545000,92902000.00,0.03803425,0.026498,3.6742
SZ000976,2011-03-21,22.0821,22.2291,21.7514,21.9351,10804400,64641904.00,0.02643533,0.018417,3.6742
SZ000976,2011-03-22,22.0453,22.4128,21.8984,22.2658,9883400,59721248.00,0.02418190,0.016847,3.6742
SZ000976,2011-03-23,22.1923,23.3313,22.1923,23.1109,21862400,135692208.00,0.05349115,0.037267,3.6742
SZ000976,2011-03-24,22.9639,23.4048,22.9272,23.4048,13804600,86971120.00,0.03377598,0.023532,3.6742
SZ000976,2011-03-25,23.4783,24.4336,23.2946,24.0294,22357600,145359728.00,0.05470277,0.038111,3.6742
SZ000976,2011-03-29,24.2499,25.2419,22.0453,22.3393,65027700,418194624.00,0.15910452,0.110847,3.6742
SZ000976,2011-03-30,21.9719,22.0453,20.9431,21.0900,27872400,162859328.00,0.06819593,0.047512,3.6742
SZ000976,2011-03-31,21.0166,21.5677,20.7961,20.9798,13922400,80343136.00,0.03406420,0.023732,3.6742
SZ000976,2011-04-01,20.9798,21.2738,20.6491,21.2003,9008700,51549140.00,0.02204176,0.015356,3.6742
SZ000976,2011-04-06,21.1635,21.8984,21.0533,21.3840,11719800,68599504.00,0.02867506,0.019978,3.6742
SZ000976,2011-04-07,21.3472,21.6044,20.8328,21.4207,10186900,58740212.00,0.02492448,0.017365,3.6742
SZ000976,2011-04-08,21.3105,21.4942,21.0900,21.3840,9432700,54726024.00,0.02307917,0.016079,3.6742
SZ000976,2011-04-11,21.4207,21.8249,21.3105,21.5309,13336300,78351440.00,0.03263018,0.022733,3.6742
SZ000976,2011-04-12,21.5309,21.5309,21.1268,21.2738,10853500,62899820.00,0.02655547,0.018501,3.6742
SZ000976,2011-04-13,21.2003,21.4207,20.8328,21.3472,10376000,59641180.00,0.02538716,0.017687,3.6742
SZ000976,2011-04-14,21.3840,22.4128,21.0533,22.1923,18478200,109190104.00,0.04521097,0.031498,3.6742
SZ000976,2011-04-15,21.8616,23.3313,21.8249,23.0374,28367800,174662896.00,0.06940804,0.048356,3.6742
SZ000976,2011-04-18,22.9639,23.9559,22.7067,22.9639,23948000,152451568.00,0.05859403,0.040822,3.6742
SZ000976,2011-04-19,22.9639,24.1029,22.3393,23.5885,33029200,210947552.00,0.08081318,0.056302,3.6742
SZ000976,2011-04-20,23.4783,24.9112,23.3681,23.8090,27652900,182120432.00,0.06765888,0.047138,3.6742
SZ000976,2011-04-21,23.6987,23.8825,23.1476,23.6253,15590100,99564112.00,0.03814460,0.026575,3.6742
SZ000976,2011-04-22,23.7355,24.6540,23.4416,23.9192,21263400,139422160.00,0.05202557,0.036246,3.6742
SZ000976,2011-04-25,23.7722,24.0662,22.8904,22.9639,16877000,107091200.00,0.04129328,0.028769,3.6742
SZ000976,2011-04-26,22.8904,25.2787,22.8904,24.4336,84316800,573254912.00,0.20629953,0.143728,3.6742
SZ000976,2011-04-27,23.9559,26.6749,23.4416,25.4256,78542800,534027552.00,0.19217217,0.133885,3.6742
SZ000976,2011-04-28,25.0582,26.3442,23.8825,24.1397,50619200,345528800.00,0.12385097,0.086286,3.6742
SZ000976,2011-04-29,23.6620,24.8010,23.3681,24.0662,26592000,173583888.00,0.06506316,0.045329,3.6742
SZ000976,2011-05-03,24.2499,26.4912,23.6253,26.4912,58486500,410278240.00,0.14310004,0.099697,3.6742
SZ000976,2011-05-04,27.2628,27.3730,25.9033,26.5279,66860700,485650112.00,0.16358935,0.113972,3.6742
SZ000976,2011-05-05,25.9768,27.3362,25.6093,26.0135,56819100,406445824.00,0.13902038,0.096855,3.6742
SZ000976,2011-05-06,25.3522,27.1893,25.0950,26.7484,48692000,348988096.00,0.11913565,0.083001,3.6742
SZ000976,2011-05-09,26.6749,27.4465,26.1237,27.1158,39263400,286243328.00,0.09606651,0.066929,3.6742
SZ000976,2011-05-10,26.8953,27.0790,26.4177,26.7116,26711800,194010976.00,0.06535627,0.045533,3.6742
SZ000976,2011-05-11,26.6014,28.1078,26.1237,27.4097,45985500,340867072.00,0.11251360,0.078388,3.6742
SZ000976,2011-05-12,27.1158,28.2915,26.9321,27.0790,43075600,322458112.00,0.10539390,0.073427,3.6742
SZ000976,2011-05-13,26.9321,27.3730,25.3522,26.1972,42612200,305345792.00,0.10426009,0.072637,3.6742
SZ000976,2011-05-16,26.3075,26.8953,26.0503,26.6749,27092000,195407584.00,0.06628652,0.046181,3.6742
SZ000976,2011-05-17,26.4912,26.4912,24.3969,24.5438,35547700,244741216.00,0.08697524,0.060595,3.6742
SZ000976,2011-05-18,24.3601,25.2052,24.2131,24.9112,16107400,108366480.00,0.03941028,0.027457,3.6742
SZ000976,2011-05-19,24.9480,25.3889,24.6908,24.8010,13307700,90540976.00,0.03256020,0.022685,3.6742
SZ000976,2011-05-20,24.8378,25.4991,24.8010,25.1317,12642900,86465648.00,0.03093363,0.021551,3.6742
SZ000976,2011-05-23,24.9112,25.0215,23.5518,23.6987,18033000,118069544.00,0.04412169,0.030739,3.6742
SZ000976,2011-05-24,23.5518,23.8825,22.6332,23.2946,11886600,75223416.00,0.02908317,0.020262,3.6742
SZ000976,2011-05-25,23.2946,23.6987,22.6332,22.7434,10606300,66980440.00,0.02595064,0.018080,3.6742
SZ000976,2011-05-26,22.8537,24.3969,22.8169,23.5518,27752200,180132944.00,0.06790184,0.047307,3.6742
SZ000976,2011-05-27,23.4783,23.5885,21.6779,21.7514,20044800,122550440.00,0.04904400,0.034169,3.6742
SZ000976,2011-05-30,21.6779,22.1923,21.1268,21.3105,10885900,64083592.00,0.02663479,0.018556,3.6742
SZ000976,2011-05-31,21.6044,22.3393,21.3840,22.1923,8834700,52700928.00,0.02161607,0.015060,3.6742
SZ000976,2011-06-01,22.4128,23.5150,22.1923,23.0374,18593300,116782792.00,0.04546496,0.031694,3.6742
SZ000976,2011-06-02,22.7802,22.9639,22.1556,22.4862,11518200,70569392.00,0.02816469,0.019634,3.6742
SZ000976,2011-06-03,22.3760,23.3313,22.3760,22.8904,8461800,52985932.00,0.02069108,0.014424,3.6742
SZ000976,2011-06-07,23.0741,23.4416,22.8904,23.1844,8181900,51525740.00,0.02000665,0.013947,3.6742
SZ000976,2011-06-08,23.1476,23.1844,22.5965,23.1476,9506200,59230064.00,0.02324488,0.016204,3.6742
SZ000976,2011-06-09,23.1844,23.1844,22.0453,22.0821,10794500,66297972.00,0.02639507,0.018400,3.6742
SZ000976,2011-06-10,21.8249,22.4128,21.7514,22.3393,7893900,47405428.00,0.01930243,0.013456,3.6742
SZ000976,2011-06-13,22.0453,22.3025,21.6412,22.1556,6562100,39167088.00,0.01604587,0.011186,3.6742
SZ000976,2011-06-14,22.1556,22.6700,22.1188,22.5230,6504000,39797592.00,0.01590380,0.011087,3.6742
SZ000976,2011-06-15,22.4862,22.7067,22.0453,22.1188,6863100,41750016.00,0.01678188,0.011699,3.6742
SZ000976,2011-06-16,21.9719,21.9719,21.3105,21.4575,8008500,47095276.00,0.01958265,0.013651,3.6742
SZ000976,2011-06-17,21.4207,21.7881,21.1635,21.2003,5532000,32407598.00,0.01352703,0.009430,3.6742
SZ000976,2011-06-20,21.0900,21.2738,19.9143,20.3552,10627400,59231208.00,0.02598647,0.018116,3.6742
SZ000976,2011-06-21,20.3552,20.9431,20.3552,20.7594,4931500,27728176.00,0.01205867,0.008406,3.6742
SZ000976,2011-06-22,20.6859,20.9063,20.3552,20.5022,4798800,26821378.00,0.01173419,0.008180,3.6742
SZ000976,2011-06-23,20.3919,21.0900,20.0613,20.9431,8834900,49458456.00,0.02160339,0.015060,3.6742
SZ000976,2011-06-24,20.7594,21.8984,20.7226,21.4575,10954400,63838900.00,0.02678606,0.018673,3.6742
SZ000976,2011-06-27,21.4942,21.8616,21.3472,21.6044,7267700,42762840.00,0.01777122,0.012389,3.6742
SZ000976,2011-06-28,21.7881,22.2291,21.5309,21.7514,7614100,45304260.00,0.01861825,0.012979,3.6742
SZ000976,2011-06-29,21.7514,21.8984,21.3472,21.3472,6027000,35462332.00,0.01473742,0.010274,3.6742
SZ000976,2011-06-30,21.3105,21.8984,21.3105,21.6044,5890200,34672048.00,0.01440291,0.010041,3.6742
SZ000976,2011-07-01,21.5677,22.0453,21.5677,21.7147,6352200,37784684.00,0.01553261,0.010828,3.6742
SZ000976,2011-07-04,21.8984,22.3025,21.7147,22.2658,9268800,55646332.00,0.02266438,0.015800,3.6742
SZ000976,2011-07-05,22.1188,22.9272,22.1188,22.5230,10501200,64334928.00,0.02567788,0.017901,3.6742
SZ000976,2011-07-06,22.6332,22.6700,22.2291,22.4128,7798200,47543272.00,0.01906842,0.013293,3.6742
SZ000976,2011-07-07,22.4128,22.6700,22.0821,22.3393,9777800,59529080.00,0.02390900,0.016667,3.6742
SZ000976,2011-07-08,22.1923,22.4862,22.1188,22.4495,7100500,43108036.00,0.01736238,0.012104,3.6742
SZ000976,2011-07-11,22.4128,24.1764,22.2658,23.8457,24926500,158628272.00,0.06095111,0.042490,3.6742
SZ000976,2011-07-12,23.4416,24.1764,23.0741,23.2211,18047800,115724672.00,0.04413108,0.030765,3.6742
SZ000976,2011-07-13,23.2211,23.8090,23.1476,23.6620,9394700,60232080.00,0.02297223,0.016014,3.6742
SZ000976,2011-07-14,23.6620,24.9847,23.6620,24.6173,23153400,153555408.00,0.05661547,0.039468,3.6742
SZ000976,2011-07-15,24.3601,24.7275,24.2866,24.5806,11262900,75152240.00,0.02754042,0.019199,3.6742
SZ000976,2011-07-18,24.5071,24.8378,24.2131,24.3601,11115700,74045568.00,0.02718048,0.018948,3.6742
SZ000976,2011-07-19,24.2499,24.2499,23.5150,23.5150,10366500,66978880.00,0.02534851,0.017671,3.6742
SZ000976,2011-07-20,23.6987,24.1397,23.5150,23.8457,6474500,41946840.00,0.01583166,0.011037,3.6742
SZ000976,2011-07-21,23.9559,23.9559,22.8169,22.9639,10262500,64671580.00,0.02509421,0.017494,3.6742
SZ000976,2011-07-22,22.9639,23.3681,22.8537,23.0374,6311600,39740668.00,0.01543333,0.010759,3.6742
SZ000976,2011-07-25,22.9639,23.0741,21.7881,21.9351,10969700,66581688.00,0.02682348,0.018699,3.6742
SZ000976,2011-07-26,21.7881,22.1556,21.2370,21.9719,5701700,33734536.00,0.01394199,0.009719,3.6742
SZ000976,2011-07-27,21.8616,22.7067,21.5309,22.3393,8269100,50109808.00,0.02021988,0.014096,3.6742
SZ000976,2011-07-28,22.0821,22.6700,21.8249,22.2658,6159700,37332196.00,0.01050011,0.010500,3.6742
SZ000976,2011-07-29,22.2658,22.3760,21.8616,21.8616,4909000,29484108.00,0.00836811,0.008368,3.6742
SZ000976,2011-08-01,21.7514,22.3760,21.7514,22.1556,4337500,26191552.00,0.00739390,0.007394,3.6742
SZ000976,2011-08-02,22.1923,22.1923,21.3105,21.7514,6339500,37244040.00,0.01080661,0.010806,3.6742
SZ000976,2011-08-03,21.3840,21.8616,21.3840,21.5677,4326500,25474344.00,0.00737515,0.007375,3.6742
SZ000976,2011-08-04,21.6044,22.3393,21.5309,22.1556,7746200,46340768.00,0.01320453,0.013204,3.6742
SZ000976,2011-08-05,21.7147,22.8904,21.3472,22.4128,14192900,86517992.00,0.02419388,0.024193,3.6742
SZ000976,2011-08-08,21.6044,22.4128,20.5756,20.8328,13253800,76979592.00,0.02259304,0.022593,3.6742
SZ000976,2011-08-09,20.1715,21.2370,19.2162,20.9431,10132800,55685752.00,0.01727284,0.017273,3.6742
SZ000976,2011-08-10,21.0900,21.9719,20.7961,20.8696,12177200,70807296.00,0.02075782,0.020757,3.6742
SZ000976,2011-08-11,20.2450,21.1268,20.0245,21.0533,7324500,41492056.00,0.01248568,0.012485,3.6742
SZ000976,2011-08-12,21.3472,21.8616,21.0166,21.4942,9973800,58208936.00,0.01700180,0.017001,3.6742
SZ000976,2011-08-15,21.3840,21.7881,21.1268,21.6412,11567600,67610872.00,0.01971867,0.019718,3.6742
SZ000976,2011-08-16,21.6044,21.6779,21.2738,21.3472,6531800,38152224.00,0.01113441,0.011134,3.6742
SZ000976,2011-08-17,21.3472,21.4575,21.1268,21.1268,4162800,24110302.00,0.00709610,0.007096,3.6742
SZ000976,2011-08-18,20.9431,21.1268,20.3185,20.3552,6101100,34326104.00,0.01040022,0.010400,3.6742
SZ000976,2011-08-19,19.9143,20.2082,19.6571,20.1347,4891400,26620436.00,0.00833811,0.008338,3.6742
SZ000976,2011-08-22,20.1715,20.5756,20.0613,20.1715,4946600,27324752.00,0.00843220,0.008432,3.6742
SZ000976,2011-08-23,20.3919,20.5389,20.0245,20.5389,4205000,23314680.00,0.00716804,0.007168,3.6742
SZ000976,2011-08-24,20.6491,21.6412,20.5389,21.2003,12755700,73663472.00,0.02174396,0.021744,3.6742
SZ000976,2011-08-25,21.4575,22.3393,21.2370,22.1188,20914300,124979040.00,0.03565149,0.035651,3.6742
SZ000976,2011-08-26,22.0086,22.7434,21.8984,22.5597,15411500,93925016.00,0.02627116,0.026271,3.6742
SZ000976,2011-08-29,22.4495,22.4495,22.0086,22.0821,8864600,53342264.00,0.01511101,0.015111,3.6742
SZ000976,2011-08-30,22.2291,22.5230,21.6044,21.7147,8773200,52716616.00,0.01495520,0.014955,3.6742
SZ000976,2011-08-31,21.6412,21.9351,21.2370,21.4575,8095700,47402412.00,0.01380031,0.013800,3.6742
SZ000976,2011-09-01,21.5677,23.3681,21.5677,23.1109,30791300,189802096.00,0.05248828,0.052487,3.6742
SZ000976,2011-09-02,22.5965,23.1476,22.3760,22.7067,16207100,100323440.00,0.02762738,0.027627,3.6742
SZ000976,2011-09-05,22.4128,22.5965,21.8249,22.0086,10609700,64192136.00,0.01808579,0.018085,3.6742
SZ000976,2011-09-06,21.9719,22.5965,21.5309,22.3760,9834300,59214800.00,0.01676401,0.016764,3.6742
SZ000976,2011-09-07,22.3393,23.5150,22.2291,23.1476,23433800,146575584.00,0.03994635,0.039946,3.6742
SZ000976,2011-09-08,23.1844,23.6987,22.8169,22.8904,16797500,106229024.00,0.02863380,0.028633,3.6742
SZ000976,2011-09-09,22.9639,23.2946,22.0453,22.7434,12528000,77156416.00,0.02135581,0.021355,3.6742
SZ000976,2011-09-13,22.2291,23.1476,22.2291,23.0741,21637000,133738384.00,0.03688344,0.036883,3.6742
SZ000976,2011-09-14,23.1476,23.3313,22.2658,22.9272,12071300,74979296.00,0.02057730,0.020577,3.6742
SZ000976,2011-09-15,22.9272,23.2946,22.5597,22.7067,10723400,66858340.00,0.01827961,0.018279,3.6742
SZ000976,2011-09-19,22.5965,22.5965,21.7881,21.7881,10745900,64687224.00,0.01831796,0.018318,3.6742
SZ000976,2011-09-20,21.7147,21.9719,21.3105,21.6412,6660100,39039312.00,0.01135312,0.011353,3.6742
SZ000976,2011-09-21,21.6044,22.5230,21.6044,22.3393,7121500,43058628.00,0.01213964,0.012139,3.6742
SZ000976,2011-09-22,22.2291,22.6700,21.8984,21.8984,6695900,40582044.00,0.01141414,0.011414,3.6742
SZ000976,2011-09-23,21.5677,22.0821,21.3105,22.0453,5472500,32327676.00,0.00932868,0.009329,3.6742
SZ000976,2011-09-26,22.1188,22.3025,21.4207,21.6412,4006400,23809378.00,0.00682950,0.006829,3.6742
SZ000976,2011-09-27,21.6779,22.0086,21.3840,21.6779,2977600,17509500.00,0.00507576,0.005076,3.6742
SZ000976,2011-09-28,21.8984,22.0453,20.7961,20.9431,5841600,33949592.00,0.00995786,0.009958,3.6742
SZ000976,2011-09-29,20.9431,20.9431,20.0613,20.0980,4786800,26649284.00,0.00815980,0.008160,3.6742
SZ000976,2011-09-30,20.1715,20.7594,19.8775,20.6859,3394200,18774584.00,0.00578591,0.005786,3.6742
SZ000976,2011-10-10,20.7961,21.8249,20.7961,21.1635,5831300,33797512.00,0.00994031,0.009940,3.6742
SZ000976,2011-10-11,21.6779,21.8249,20.9798,21.2738,4367700,25409956.00,0.00744538,0.007445,3.6742
SZ000976,2011-10-12,21.0166,21.8616,21.0166,21.8616,5349800,31552188.00,0.00911952,0.009119,3.6742
SZ000976,2011-10-13,21.8984,22.0453,21.5309,21.8249,4555000,27021260.00,0.00776466,0.007765,3.6742
SZ000976,2011-10-14,21.8249,21.9351,21.3105,21.4942,4746700,27809636.00,0.00809145,0.008091,3.6742
SZ000976,2011-10-17,21.2003,21.4575,20.6859,20.7961,7071200,40589848.00,0.01205390,0.012054,3.6742
SZ000976,2011-10-18,20.7594,20.7594,20.0980,20.2082,5378500,29705762.00,0.00916844,0.009168,3.6742
SZ000976,2011-10-19,20.2082,20.4654,20.1347,20.2817,1956900,10801746.00,0.00333582,0.003336,3.6742
SZ000976,2011-10-20,20.2817,20.2817,18.5916,18.9222,6830700,35599776.00,0.01164393,0.011644,3.6742
SZ000976,2011-10-21,18.9590,18.9590,18.4446,18.7385,3534600,18003780.00,0.00602524,0.006025,3.6742
SZ000976,2011-10-24,18.8855,19.0325,18.3344,18.7385,3590000,18250808.00,0.00611968,0.006120,3.6742
SZ000976,2011-10-25,18.7753,19.2897,18.5548,19.2897,4453900,23004136.00,0.00759233,0.007592,3.6742
SZ000976,2011-10-26,19.1427,19.3999,18.9590,19.1060,3245700,16980428.00,0.00553277,0.005533,3.6742
SZ000976,2011-10-27,19.1060,19.4366,18.9957,19.1060,2609900,13647493.00,0.00444896,0.004449,3.6742
SZ000976,2011-10-28,19.3632,19.5469,18.9222,19.2897,5684600,29724604.00,0.00969023,0.009690,3.6742
SZ000976,2011-10-31,19.3264,19.7306,19.1060,19.7306,7403600,39057852.00,0.01262052,0.012620,3.6742
SZ000976,2011-11-01,19.6938,20.6491,19.5836,20.2450,10699200,58689616.00,0.01823835,0.018238,3.6742
SZ000976,2011-11-02,19.7673,20.2817,19.5469,20.2450,7054700,38153784.00,0.01202577,0.012026,3.6742
SZ000976,2011-11-03,20.2082,20.4287,19.9510,19.9878,6435400,35338944.00,0.01097008,0.010970,3.6742
SZ000976,2011-11-04,20.0613,20.5756,20.0245,20.5756,7423800,41083940.00,0.01265495,0.012655,3.6742
SZ000976,2011-11-07,20.6124,20.9063,20.0980,20.2450,6416200,35934476.00,0.01093735,0.010937,3.6742
SZ000976,2011-11-08,20.3185,20.5389,19.9510,19.9878,3334500,18305318.00,0.00568414,0.005684,3.6742
SZ000976,2011-11-09,20.0613,20.2082,19.6938,20.0980,4747900,25699300.00,0.00809349,0.008093,3.6742
SZ000976,2011-11-10,19.9878,20.2817,19.8041,19.8775,3655500,19947100.00,0.00623134,0.006231,3.6742
SZ000976,2011-11-11,19.8775,20.4287,19.8408,20.0980,2379100,12968053.00,0.00405552,0.004055,3.6742
SZ000976,2011-11-14,20.2817,20.4654,20.1347,20.4287,5615100,31104660.00,0.00957176,0.009572,3.6742
SZ000976,2011-11-15,20.3185,20.5022,20.1347,20.3552,5304500,29340628.00,0.00904230,0.009042,3.6742
SZ000976,2011-11-16,20.3185,20.3552,19.4734,19.6203,6358200,34295304.00,0.01083848,0.010838,3.6742
SZ000976,2011-11-17,19.6203,19.7673,19.3632,19.3999,2853700,15194545.00,0.00486455,0.004864,3.6742
SZ000976,2011-11-18,19.3999,19.5469,18.6283,18.6283,4556700,23551272.00,0.00776756,0.007767,3.6742
SZ000976,2011-11-21,18.6283,19.1060,18.6283,18.9590,3683900,18952484.00,0.00627975,0.006280,3.6742
SZ000976,2011-11-22,18.7018,18.8855,18.6283,18.7385,2360400,12032903.00,0.00402365,0.004024,3.6742
SZ000976,2011-11-23,18.8488,18.9590,18.6650,18.6650,2410900,12301102.00,0.00410973,0.004110,3.6742
SZ000976,2011-11-24,18.6650,18.6650,18.0037,18.3344,3050200,15158490.00,0.00519951,0.005199,3.6742
SZ000976,2011-11-25,18.3711,18.4446,17.9669,17.9669,2920700,14459961.00,0.00497876,0.004979,3.6742
SZ000976,2011-11-28,18.0404,18.3711,17.9669,18.1874,2849800,14073060.00,0.00485790,0.004858,3.6742
SZ000976,2011-11-29,18.3711,18.4079,18.1139,18.2976,2412400,11973490.00,0.00411229,0.004112,3.6742
SZ000976,2011-11-30,18.2976,18.3711,16.8279,17.0116,6341800,30160932.00,0.01081053,0.010810,3.6742
SZ000976,2011-12-01,17.4526,17.8200,17.0116,17.1586,6021100,28453208.00,0.01026385,0.010264,3.6742
SZ000976,2011-12-02,16.9014,17.1586,16.3503,16.4605,5542500,25082852.00,0.00944800,0.009448,3.6742
SZ000976,2011-12-05,16.4605,16.4605,15.2848,15.2848,6314400,26884880.00,0.01076382,0.010764,3.6742
SZ000976,2011-12-06,15.3215,15.4317,14.9541,15.1378,4781500,19721432.00,0.00815077,0.008151,3.6742
SZ000976,2011-12-07,15.1745,15.3215,15.0276,15.1378,2589800,10686960.00,0.00441469,0.004415,3.6742
SZ000976,2011-12-08,15.1378,15.3950,14.8806,15.2848,3543200,14636012.00,0.00603990,0.006040,3.6742
SZ000976,2011-12-09,15.2480,15.3582,14.9541,14.9908,2616500,10783441.00,0.00446021,0.004460,3.6742
SZ000976,2011-12-12,15.0276,15.1378,14.6601,14.6969,2803300,11415291.00,0.00477864,0.004779,3.6742
SZ000976,2011-12-13,14.7704,14.7704,13.6314,14.1825,7987800,30369308.00,0.01361638,0.013616,3.6742
SZ000976,2011-12-14,14.0355,14.4764,13.6681,14.2192,6411800,24742400.00,0.01092985,0.010930,3.6742
SZ000976,2011-12-15,14.1457,14.4764,13.8151,14.0723,5113400,19700234.00,0.00871654,0.008716,3.6742
SZ000976,2011-12-16,13.9988,14.4029,13.7416,14.3662,3653000,14000849.00,0.00622707,0.006227,3.6742
SZ000976,2011-12-19,14.3295,14.3295,13.7416,14.1457,3177000,12134766.00,0.00541566,0.005416,3.6742
SZ000976,2011-12-20,14.1825,14.3662,14.1457,14.2192,3388400,13150659.00,0.00577602,0.005776,3.6742
SZ000976,2011-12-21,14.2560,14.3662,13.7048,13.7416,2632800,10068461.00,0.00448799,0.004488,3.6742
SZ000976,2011-12-22,13.6681,13.9620,13.0435,13.8518,3957700,14654852.00,0.00674648,0.006746,3.6742
SZ000976,2011-12-26,14.0723,14.9173,13.7048,14.3662,11586100,45274500.00,0.01975020,0.019750,3.6742
SZ000976,2011-12-27,14.2192,15.7991,13.1170,15.7991,24750600,98822664.00,0.04219102,0.042190,3.6742
SZ000976,2012-03-27,17.3791,17.3791,16.0931,17.0851,56629600,261910464.00,0.09654109,0.096532,3.6742
SZ000976,2012-03-28,16.7912,16.7912,15.5787,15.5787,30027900,131292512.00,0.05119100,0.051186,3.6742
SZ000976,2012-03-29,15.4317,16.9014,15.0643,16.4238,39165500,172801520.00,0.06676861,0.066762,3.6742
SZ000976,2012-03-30,16.1298,16.2033,15.0643,15.5787,24922500,106044424.00,0.04248741,0.042483,3.6742
SZ000976,2012-04-05,15.4317,15.7257,14.5132,15.6522,19908600,81904328.00,0.03393981,0.033936,3.6742
SZ000976,2012-04-06,15.4317,16.4973,14.9908,16.2033,30865800,133219256.00,0.05261944,0.052614,3.6742
SZ000976,2012-04-09,15.8359,16.3503,15.6154,15.6154,15715800,68278680.00,0.02679200,0.026789,3.6742
SZ000976,2012-04-10,15.2480,15.9094,15.0643,15.7257,12344300,51822028.00,0.02104433,0.021042,3.6742
SZ000976,2012-04-11,15.5420,15.7624,15.2848,15.5420,9666000,40838752.00,0.01647842,0.016477,3.6742
SZ000976,2012-04-12,15.5420,16.6442,15.4317,16.0563,20031200,87568544.00,0.03414882,0.034145,3.6742
SZ000976,2012-04-13,15.6154,16.0931,15.5420,15.8359,16453500,70892000.00,0.02804962,0.028047,3.6742
SZ000976,2012-04-16,15.6154,16.2033,15.4685,16.0196,13137400,56643948.00,0.02239639,0.022394,3.6742
SZ000976,2012-04-17,15.9461,16.7177,15.7257,15.7624,16359200,71720296.00,0.02788886,0.027886,3.6742
SZ000976,2012-04-18,15.7257,16.2768,15.5420,16.0931,14234100,62021824.00,0.02426603,0.024264,3.6742
SZ000976,2012-04-19,16.1298,16.2401,15.6154,15.9461,10487100,45384528.00,0.01787821,0.017876,3.6742
SZ000976,2012-04-20,15.8726,16.0563,15.6154,15.7991,12407100,53342808.00,0.02115139,0.021149,3.6742
SZ000976,2012-04-23,15.6522,15.7991,14.5867,14.7336,19228300,79469088.00,0.03278005,0.032777,3.6742
SZ000976,2012-04-24,14.7336,14.9908,13.7416,14.2927,11993300,47007616.00,0.02044595,0.020444,3.6742
SZ000976,2012-04-25,14.1457,15.6522,13.8518,15.2480,15612300,63313612.00,0.02661556,0.026613,3.6742
SZ000976,2012-04-26,15.1378,15.3582,14.8806,14.9541,9046100,37116372.00,0.01542162,0.015420,3.6742
SZ000976,2012-04-27,14.9541,15.0643,14.6234,14.7704,5934800,23900090.00,0.01011754,0.010117,3.6742
SZ000976,2012-05-02,14.8071,15.3582,14.5499,14.7336,12065000,48972112.00,0.02056819,0.020566,3.6742
SZ000976,2012-05-03,14.6234,14.9173,14.6234,14.7704,4950100,19907430.00,0.00843884,0.008438,3.6742
SZ000976,2012-05-04,14.8071,14.9541,14.5132,14.9173,7645100,30800990.00,0.01303322,0.013032,3.6742
SZ000976,2012-05-07,14.8071,15.6889,14.7336,15.6522,16574400,69484512.00,0.02825573,0.028253,3.6742
SZ000976,2012-05-08,15.5420,15.7624,15.3215,15.5052,8463100,35761080.00,0.01442774,0.014426,3.6742
SZ000976,2012-05-09,15.5052,16.1298,15.4317,15.9094,14842800,64216156.00,0.02530373,0.025301,3.6742
SZ000976,2012-05-10,15.7991,16.0196,15.6522,15.9094,8542700,36818624.00,0.01456344,0.014562,3.6742
SZ000976,2012-05-11,15.9094,15.9094,15.1745,15.2113,9629400,40531520.00,0.01641602,0.016414,3.6742
SZ000976,2012-05-14,15.3582,15.5420,14.9908,15.3582,7002800,29091458.00,0.01193824,0.011937,3.6742
SZ000976,2012-05-15,15.4317,15.4317,14.9541,15.2848,5288800,21829742.00,0.00901625,0.009015,3.6742
SZ000976,2012-05-16,15.2480,15.6522,14.9908,15.4685,7196300,30069092.00,0.01226812,0.012267,3.6742
SZ000976,2012-05-18,15.4317,15.7624,15.0276,15.0643,6661200,27988612.00,0.01135589,0.011355,3.6742
SZ000976,2012-05-21,15.1378,15.1745,14.2560,14.4029,11861800,46753728.00,0.02022178,0.020220,3.6742
SZ000976,2012-05-22,14.4029,14.6234,14.2560,14.5499,7260800,28489568.00,0.01237808,0.012377,3.6742
SZ000976,2012-05-23,14.5132,14.8806,14.3295,14.5867,10176200,40356096.00,0.01734820,0.017347,3.6742
SZ000976,2012-05-24,14.7704,14.7704,14.1825,14.2927,6651200,26153916.00,0.01133884,0.011338,3.6742
SZ000976,2012-05-25,14.2560,14.4029,13.8885,14.0723,5880600,22614868.00,0.01002514,0.010024,3.6742
SZ000976,2012-05-28,14.0723,14.5499,13.8151,14.3295,7111900,27422416.00,0.01212423,0.012123,3.6742
SZ000976,2012-05-29,14.2192,14.4029,14.0723,14.3295,10071500,39195252.00,0.01716971,0.017168,3.6742
SZ000976,2012-05-30,14.2927,14.4397,14.1825,14.3295,5609800,21872264.00,0.00956348,0.009563,3.6742
SZ000976,2012-05-31,14.2560,14.2927,14.1090,14.1825,5309800,20513546.00,0.00905205,0.009051,3.6742
SZ000976,2012-06-01,14.1825,14.2560,13.9620,13.9988,5179400,19832012.00,0.00882974,0.008829,3.6742
SZ000976,2012-06-04,13.8151,14.2192,13.6314,13.8518,7686400,29213482.00,0.01310363,0.013102,3.6742
SZ000976,2012-06-05,13.7783,14.0723,13.7048,13.8885,4314400,16209347.00,0.00735511,0.007354,3.6742
SZ000976,2012-06-06,13.9253,13.9620,13.7416,13.8518,2875700,10811636.00,0.00490244,0.004902,3.6742
SZ000976,2012-06-07,13.9620,14.1457,13.8518,14.1457,5367200,20457732.00,0.00914990,0.009149,3.6742
SZ000976,2012-06-08,14.2560,14.3295,13.9988,14.1457,3662300,14086775.00,0.00624342,0.006243,3.6742
SZ000976,2012-06-11,14.1457,14.2560,13.9988,14.1825,2826900,10857307.00,0.00481925,0.004819,3.6742
SZ000976,2012-06-12,14.0723,14.2560,14.0355,14.0723,2045800,7864520.00,0.00348764,0.003487,3.6742
SZ000976,2012-06-13,14.1090,14.3295,14.0723,14.2927,4259200,16524328.00,0.00726100,0.007260,3.6742
SZ000976,2012-06-14,14.2927,14.4764,14.2927,14.3295,4468000,17458046.00,0.00761696,0.007616,3.6742
SZ000976,2012-06-15,14.4029,14.4397,13.9988,14.1457,3434900,13266391.00,0.00585575,0.005855,3.6742
SZ000976,2012-06-18,14.1825,14.3295,14.1457,14.2560,2776200,10762754.00,0.00473281,0.004732,3.6742
SZ000976,2012-06-19,14.3295,14.3662,14.1457,14.3662,3580100,13939782.00,0.00610329,0.006103,3.6742
SZ000976,2012-06-20,14.4029,15.0276,14.4029,14.9541,11200600,45313592.00,0.01909457,0.019093,3.6742
SZ000976,2012-06-21,14.8438,14.9541,14.6234,14.6601,5179000,20809436.00,0.00882906,0.008828,3.6742
SZ000976,2012-06-25,14.6969,15.1010,14.6969,14.8438,6587500,26793148.00,0.01123025,0.011229,3.6742
SZ000976,2012-06-26,14.7704,14.9541,14.1457,14.6601,4964000,19604804.00,0.00846253,0.008462,3.6742
SZ000976,2012-06-27,14.6969,14.8806,14.3295,14.3295,4356700,17279572.00,0.00742722,0.007427,3.6742
SZ000976,2012-06-28,14.3295,14.5499,14.1825,14.2192,3755500,14639445.00,0.00640231,0.006402,3.6742
SZ000976,2012-06-29,14.2192,14.8806,14.0355,14.6969,3556500,13958189.00,0.00606305,0.006062,3.6742
SZ000976,2012-07-02,14.8071,14.8071,14.4764,14.5499,2987800,11887500.00,0.00509355,0.005093,3.6742
SZ000976,2012-07-03,14.5132,14.7336,14.4029,14.5132,2667600,10572708.00,0.00454767,0.004547,3.6742
SZ000976,2012-07-04,14.4764,14.5867,14.4029,14.4764,2041700,8040801.00,0.00348065,0.003480,3.6742
SZ000976,2012-07-05,14.4764,14.5132,13.9253,14.0723,3485200,13415269.00,0.00594150,0.005941,3.6742
SZ000976,2012-07-06,14.0723,14.3662,14.0355,14.1457,2313100,8924511.00,0.00394333,0.003943,3.6742
SZ000976,2012-07-09,14.0723,14.4029,13.9253,13.9988,2294500,8805388.00,0.00391162,0.003911,3.6742
SZ000976,2012-07-10,13.9620,14.0355,13.6681,13.6681,2321200,8704173.00,0.00395714,0.003957,3.6742
SZ000976,2012-07-11,13.6314,13.7048,13.4476,13.4844,2246500,8269233.00,0.00382979,0.003829,3.6742
SZ000976,2012-07-12,13.5211,13.8885,13.1537,13.7416,4158900,15263390.00,0.00709002,0.007089,3.6742
SZ000976,2012-07-13,13.7048,13.8518,13.5946,13.7783,2232800,8341128.00,0.00380644,0.003806,3.6742
SZ000976,2012-07-16,13.6681,13.7416,12.9700,13.0067,2798500,10115179.00,0.00477083,0.004770,3.6742
SZ000976,2012-07-17,13.0067,13.8885,13.0067,13.3742,3505600,12903811.00,0.00597628,0.005976,3.6742
SZ000976,2012-07-18,13.1537,13.5946,13.1537,13.3742,1598000,5808025.00,0.00272424,0.002724,3.6742
SZ000976,2012-07-19,13.3742,13.7416,13.3742,13.5579,2714900,10060396.00,0.00462831,0.004628,3.6742
SZ000976,2012-07-20,13.5579,13.7416,13.5211,13.5579,1707700,6329431.00,0.00291126,0.002911,3.6742
SZ000976,2012-07-23,13.5946,13.5946,13.3374,13.4476,1320500,4835412.00,0.00225116,0.002251,3.6742
SZ000976,2012-07-24,13.3007,13.6314,13.3007,13.6314,2427100,8901416.00,0.00413767,0.004137,3.6742
SZ000976,2012-07-25,13.7048,13.8151,13.4476,13.4844,2131600,7922123.00,0.00363391,0.003634,3.6742
SZ000976,2012-07-26,13.4109,13.5579,13.2639,13.3007,1885500,6874326.00,0.00321437,0.003214,3.6742
SZ000976,2012-07-27,13.2639,13.4476,13.1537,13.1537,1759400,6369426.00,0.00299939,0.002999,3.6742
SZ000976,2012-07-30,13.1170,13.1904,11.8310,11.8310,11581100,38027572.00,0.01974324,0.019741,3.6742
SZ000976,2012-07-31,11.7942,12.5658,10.8757,12.3454,8847500,27490076.00,0.01508305,0.015082,3.6742
SZ000976,2012-08-01,12.0147,13.0435,12.0147,12.8230,8358500,28791060.00,0.01424942,0.014248,3.6742
SZ000976,2012-08-02,12.6026,13.0067,12.6026,12.8230,3369000,11748658.00,0.00574341,0.005743,3.6742
SZ000976,2012-08-03,12.8598,14.1090,12.8598,14.1090,12418600,46670084.00,0.02117100,0.021169,3.6742
SZ000976,2012-08-10,15.5052,15.5052,15.5052,15.5052,1292600,5454928.00,0.00220360,0.002203,3.6742
SZ000976,2012-08-13,17.0484,17.0484,17.0484,17.0484,1425200,6613220.00,0.00242965,0.002429,3.6742
SZ000976,2012-08-15,18.7385,18.7385,18.7385,18.7385,7965300,40623300.00,0.01357910,0.013578,3.6742
SZ000976,2012-08-16,20.6124,20.6124,19.7673,20.6124,111083700,616660736.00,0.18937342,0.189355,3.6742
SZ000976,2012-08-17,19.4734,20.8328,18.5548,19.1427,70464200,378275328.00,0.12012606,0.120114,3.6742
SZ000976,2012-08-20,18.8488,21.0533,18.7753,21.0533,76392500,427185344.00,0.13023251,0.130220,3.6742
SZ000976,2012-08-27,19.0692,20.1715,18.9590,18.9590,51483100,267618736.00,0.08776743,0.087759,3.6742
SZ000976,2012-08-28,18.4446,18.5548,17.0484,17.0484,56603500,265743344.00,0.09649659,0.096487,3.6742
SZ000976,2012-08-29,16.8279,17.1586,16.2401,16.6810,39778800,180448112.00,0.06781416,0.067808,3.6742
SZ000976,2012-08-30,16.4973,16.5707,15.3215,15.5420,36770400,159408160.00,0.06268549,0.062679,3.6742
SZ000976,2012-08-31,15.5787,16.0563,15.3215,15.8359,29338400,125572960.00,0.05001556,0.050011,3.6742
SZ000976,2012-09-03,15.6889,16.4238,15.5420,15.9829,23576600,102666816.00,0.04019295,0.040189,3.6742
SZ000976,2012-09-04,16.0196,16.7544,15.5052,15.6154,27306500,120381976.00,0.04655161,0.046547,3.6742
SZ000976,2012-09-05,15.3582,16.8647,15.1745,16.1666,29555200,129271208.00,0.05038515,0.050380,3.6742
SZ000976,2012-09-06,15.9094,16.3503,15.6889,16.0563,17885800,78105288.00,0.03049138,0.030488,3.6742
SZ000976,2012-09-07,16.3135,17.6363,16.0931,16.8647,33839400,155104672.00,0.05768878,0.057683,3.6742
SZ000976,2012-09-10,16.7912,18.5548,16.5340,18.5548,42784600,206960336.00,0.07293839,0.072931,3.6742
SZ000976,2012-09-11,18.5181,18.7385,17.4893,17.8935,35753800,176310816.00,0.06095241,0.060946,3.6742
SZ000976,2012-09-12,17.8200,19.2897,17.6730,18.7018,31144900,158283872.00,0.05309525,0.053090,3.6742
SZ000976,2012-09-13,18.7018,19.0692,18.0772,18.1874,20761200,104594736.00,0.03539331,0.035390,3.6742
SZ000976,2012-09-14,18.2976,18.7385,17.5260,17.7832,16439800,80431104.00,0.02802626,0.028024,3.6742
SZ000976,2012-09-17,17.8200,18.0404,16.5707,16.6810,16263800,75305200.00,0.02772622,0.027724,3.6742
SZ000976,2012-09-18,16.6442,17.1586,16.3870,16.7177,9129000,41825532.00,0.01556295,0.015561,3.6742
SZ000976,2012-09-19,16.8647,17.0484,16.6442,16.9014,6357500,29164446.00,0.01083815,0.010837,3.6742
SZ000976,2012-09-20,16.7544,16.8279,15.7257,15.7991,14446800,63316480.00,0.02462864,0.024626,3.6742
SZ000976,2012-09-21,15.8359,16.2033,15.5420,15.6522,7497300,32358312.00,0.01278126,0.012780,3.6742
SZ000976,2012-09-24,15.6522,15.7624,14.8071,15.4685,10058400,41884600.00,0.01714737,0.017146,3.6742
SZ000976,2012-09-25,15.3582,15.6154,15.0643,15.2480,5695900,23720484.00,0.00971026,0.009709,3.6742
SZ000976,2012-09-26,15.5787,16.1666,15.2113,15.4317,13037000,55559208.00,0.02222523,0.022223,3.6742
SZ000976,2012-09-27,15.2480,15.9829,14.8806,15.6889,16504600,69692600.00,0.02813673,0.028134,3.6742
SZ000976,2012-09-28,15.3582,15.8726,15.1010,15.7257,12378100,52460684.00,0.02110195,0.021100,3.6742
SZ000976,2012-10-08,15.9094,15.9461,15.5052,15.7257,7355700,31403486.00,0.01253986,0.012539,3.6742
SZ000976,2012-10-09,15.6522,16.4238,15.5787,16.1666,14708900,64226672.00,0.02507546,0.025073,3.6742
SZ000976,2012-10-10,16.0563,16.9014,15.8726,16.5707,17078100,76298728.00,0.02911443,0.029112,3.6742
SZ000976,2012-10-11,16.4973,16.6075,15.7257,15.7991,13223800,57990136.00,0.02254369,0.022541,3.6742
SZ000976,2012-10-12,15.7991,16.0196,15.5420,15.6154,7148500,30692750.00,0.01218663,0.012185,3.6742
SZ000976,2012-10-15,15.3950,15.3950,14.5499,14.7336,13903700,56302376.00,0.02370277,0.023700,3.6742
SZ000976,2012-10-16,14.7336,14.9908,14.6234,14.7336,5389100,21714980.00,0.00918724,0.009186,3.6742
SZ000976,2012-10-17,14.7336,14.8438,14.4764,14.6969,7885600,31424678.00,0.01344322,0.013442,3.6742
SZ000976,2012-10-18,14.6969,15.2113,14.6601,15.0643,8292400,33738416.00,0.01413673,0.014135,3.6742
SZ000976,2012-10-19,14.9908,15.1378,14.8071,14.8806,6551100,26641158.00,0.01116819,0.011167,3.6742
SZ000976,2012-10-22,14.8071,15.0276,14.7336,15.0276,5879100,23829146.00,0.01002258,0.010022,3.6742
SZ000976,2012-10-23,15.0276,15.1010,14.6234,14.7704,7632900,30920890.00,0.01301243,0.013011,3.6742
SZ000976,2012-10-24,14.5867,14.8071,14.5499,14.6234,5974700,23850958.00,0.01018556,0.010185,3.6742
SZ000976,2012-10-25,14.6601,14.7704,13.8518,13.9620,12352700,48244588.00,0.02105865,0.021057,3.6742
SZ000976,2012-10-26,13.9988,13.9988,13.3374,13.5211,9232200,34195880.00,0.01573888,0.015737,3.6742
SZ000976,2012-10-29,13.4109,13.8151,13.4109,13.7783,5139800,19109200.00,0.00876224,0.008761,3.6742
SZ000976,2012-10-30,13.7783,13.8518,13.5946,13.6681,3730900,13946260.00,0.00636037,0.006360,3.6742
SZ000976,2012-10-31,13.5946,13.7048,13.4476,13.5946,3666800,13544762.00,0.00625109,0.006250,3.6742
SZ000976,2012-11-01,13.6314,14.0723,13.6314,13.9988,7224700,27340340.00,0.01231653,0.012315,3.6742
SZ000976,2012-11-02,13.9988,13.9988,13.7416,13.9620,4746800,17919736.00,0.00809226,0.008091,3.6742
SZ000976,2012-11-05,13.9620,14.3295,13.8518,13.9988,6055500,23196824.00,0.01032330,0.010322,3.6742
SZ000976,2012-11-06,14.0355,14.1090,13.5946,13.8885,4766300,17878716.00,0.00812550,0.008125,3.6742
SZ000976,2012-11-07,13.8885,15.2848,13.7048,15.2848,14823300,60682444.00,0.02527049,0.025268,3.6742
SZ000976,2012-11-08,15.4685,16.7544,15.3582,15.5420,46555200,202566144.00,0.07936644,0.079359,3.6742
SZ000976,2012-11-09,14.7704,15.2480,14.6969,14.9173,20207500,82001608.00,0.03444937,0.034446,3.6742
SZ000976,2012-11-12,14.7704,14.9173,14.4764,14.7704,13974900,55918644.00,0.02382415,0.023822,3.6742
SZ000976,2012-11-13,14.7336,16.0931,14.6601,15.5052,30760400,129460112.00,0.05243976,0.052435,3.6742
SZ000976,2012-11-14,15.4685,15.4685,14.8438,15.1745,15138400,62190604.00,0.02580766,0.025805,3.6742
SZ000976,2012-11-15,14.9908,14.9908,13.7048,14.0355,18008900,70427904.00,0.03070124,0.030698,3.6742
SZ000976,2012-11-16,13.8518,13.9253,13.5211,13.7416,8338400,30989744.00,0.01421515,0.014214,3.6742
SZ000976,2012-11-19,13.8885,15.0643,13.8885,14.2560,10736900,41874664.00,0.01830407,0.018302,3.6742
SZ000976,2012-11-20,14.0723,14.5867,13.9620,14.2927,8439300,32778156.00,0.01438716,0.014386,3.6742
SZ000976,2012-11-21,14.4029,14.6601,14.2560,14.5867,9679900,38078768.00,0.01650211,0.016501,3.6742
SZ000976,2012-11-22,14.6234,14.6234,14.1090,14.1825,8394600,32587172.00,0.01431096,0.014310,3.6742
SZ000976,2012-11-23,14.1090,14.3295,13.9620,14.1825,5457700,21023234.00,0.00930419,0.009303,3.6742
SZ000976,2012-11-26,14.3295,14.3295,13.8518,13.8518,6201800,23605748.00,0.01057271,0.010572,3.6742
SZ000976,2012-11-27,14.1457,14.4397,13.4476,13.5946,8573800,32452514.00,0.01461645,0.014615,3.6742
SZ000976,2012-11-28,13.0435,13.4844,12.7495,12.7863,6987200,24779528.00,0.01191165,0.011910,3.6742
SZ000976,2012-11-29,12.8598,13.1537,12.3454,12.5291,5674100,19747566.00,0.00967310,0.009672,3.6742
SZ000976,2012-11-30,12.5291,12.8965,12.4556,12.8598,5460900,18882440.00,0.00930964,0.009309,3.6742
SZ000976,2012-12-03,12.8965,12.8965,12.3454,12.3454,4778100,16436898.00,0.00814562,0.008145,3.6742
SZ000976,2012-12-04,12.2719,12.6393,11.5738,12.4923,7147800,23470570.00,0.01218544,0.012184,3.6742
SZ000976,2012-12-05,12.4189,13.5946,12.3454,13.0435,11351900,40197852.00,0.01935251,0.019351,3.6742
SZ000976,2012-12-06,12.8965,13.3007,12.8230,13.0067,7215100,25560706.00,0.01230017,0.012299,3.6742
SZ000976,2012-12-07,13.0435,13.6314,12.8598,13.4844,12155500,43871916.00,0.02072247,0.020720,3.6742
SZ000976,2012-12-10,13.5211,14.4764,13.2639,13.7783,11912400,45069080.00,0.02030804,0.020306,3.6742
SZ000976,2012-12-11,13.6314,14.7336,13.6314,14.0723,13889800,53851684.00,0.02367907,0.023677,3.6742
SZ000976,2012-12-12,13.6681,14.1090,13.4476,13.8518,10036800,37535208.00,0.01711055,0.017109,3.6742
SZ000976,2012-12-13,13.7048,14.6234,13.5946,14.2560,16981300,65632384.00,0.02894940,0.028947,3.6742
SZ000976,2012-12-14,14.0355,15.4317,13.9988,14.9173,27092900,108332912.00,0.04618747,0.046183,3.6742
SZ000976,2012-12-17,14.9173,15.1378,14.7336,14.8438,16715100,67727864.00,0.02849559,0.028493,3.6742
SZ000976,2012-12-18,14.6969,15.2113,14.6234,14.8806,13959600,56678672.00,0.02379807,0.023796,3.6742
SZ000976,2012-12-19,14.8438,14.8806,14.2927,14.4397,12281200,48508592.00,0.02093676,0.020935,3.6742
SZ000976,2012-12-20,14.3662,15.4317,14.0723,15.1745,20173000,81719712.00,0.03439055,0.034387,3.6742
SZ000976,2012-12-21,15.0276,15.1378,14.4764,14.6601,14716700,59175352.00,0.02508876,0.025086,3.6742
SZ000976,2012-12-24,14.5867,14.7704,14.4029,14.5132,5731800,22770704.00,0.00977147,0.009771,3.6742
SZ000976,2012-12-25,14.5132,14.8438,14.4764,14.7336,9154200,36667788.00,0.01560591,0.015604,3.6742
SZ000976,2012-12-26,14.7336,15.0643,14.5867,14.8806,8391600,33908372.00,0.01430584,0.014304,3.6742
SZ000976,2012-12-27,14.8806,15.3582,14.5867,14.9908,16280700,66521136.00,0.02775503,0.027752,3.6742
SZ000976,2012-12-28,14.8438,15.2480,14.5499,14.8071,9921300,40034612.00,0.01691365,0.016912,3.6742
SZ000976,2012-12-31,14.8806,15.1378,14.7336,14.8438,8401900,34164312.00,0.01432227,0.014322,3.6742
SZ000976,2013-01-04,14.9908,15.0276,14.6601,15.0276,11202900,45421976.00,0.01909698,0.019097,3.6742
SZ000976,2013-01-07,15.0276,15.4317,14.9173,15.4317,16599500,68760624.00,0.02829628,0.028296,3.6742
SZ000976,2013-01-08,15.3582,15.5420,15.1010,15.3215,10985600,45655528.00,0.01872656,0.018726,3.6742
SZ000976,2013-01-09,15.1745,15.6154,15.0643,15.2480,10277900,42907360.00,0.01752019,0.017520,3.6742
SZ000976,2013-01-10,15.2113,15.4317,15.0643,15.4317,9685800,40241044.00,0.01651087,0.016511,3.6742
SZ000976,2013-01-11,15.4317,15.4317,14.6234,14.7336,13109100,53495332.00,0.02234638,0.022346,3.6742
SZ000976,2013-01-14,14.6601,15.1010,14.4764,14.9908,9983100,40449164.00,0.01701766,0.017017,3.6742
SZ000976,2013-01-15,14.9908,15.7257,14.8438,15.4317,19911200,83355160.00,0.03394156,0.033941,3.6742
SZ000976,2013-01-16,15.3582,16.0931,15.3582,15.6154,22318500,95484496.00,0.03804515,0.038044,3.6742
SZ000976,2013-01-17,15.5052,15.5052,15.1745,15.3215,10126900,42189944.00,0.01726278,0.017262,3.6742
SZ000976,2013-01-18,15.2113,15.5052,15.0643,15.4685,10632800,44340580.00,0.01812517,0.018125,3.6742
SZ000976,2013-01-21,15.5420,16.1666,15.3215,15.7257,15412600,66160368.00,0.02627303,0.026273,3.6742
SZ000976,2013-01-22,15.6154,15.7624,15.3582,15.6522,10023400,42398200.00,0.01708635,0.017086,3.6742
SZ000976,2013-01-23,15.9094,16.2768,15.6154,15.8359,13478200,58405296.00,0.02297557,0.022975,3.6742
SZ000976,2013-01-24,15.6154,15.9829,15.1378,15.2113,12379900,52177784.00,0.02110335,0.021103,3.6742
SZ000976,2013-01-25,15.2848,16.0196,15.1378,16.0196,17721900,75582336.00,0.03020957,0.030209,3.6742
SZ000976,2013-01-28,16.2033,16.3503,15.8359,16.2033,17252900,75721632.00,0.02941010,0.029410,3.6742
SZ000976,2013-01-29,16.2401,17.8200,16.0196,17.3056,48981000,232216736.00,0.08349529,0.083494,3.6742
SZ000976,2013-01-30,16.9382,17.1954,16.5340,17.0116,25748100,117913000.00,0.04389141,0.043891,3.6742
SZ000976,2013-01-31,16.9014,17.7097,16.6075,17.1954,22275300,105006960.00,0.03797151,0.037971,3.6742
SZ000976,2013-02-01,16.9749,17.1954,16.5340,16.6810,12920400,59005400.00,0.02202471,0.022024,3.6742
SZ000976,2013-02-04,16.6810,16.7177,15.9094,16.1666,14653300,64780984.00,0.02497870,0.024978,3.6742
SZ000976,2013-02-05,16.0931,16.6810,16.0196,16.5707,9033500,40401800.00,0.01539892,0.015399,3.6742
SZ000976,2013-02-06,16.5707,17.1954,16.5340,16.7177,10528700,48455612.00,0.01794771,0.017947,3.6742
SZ000976,2013-02-07,16.5707,16.9014,16.2768,16.3503,8190900,36788056.00,0.01396259,0.013962,3.6742
SZ000976,2013-02-08,16.3503,16.6810,16.2768,16.4238,6082400,27222330.00,0.01036834,0.010368,3.6742
SZ000976,2013-02-18,16.4605,16.6442,16.3503,16.5340,5153200,23104140.00,0.00878438,0.008784,3.6742
SZ000976,2013-02-19,16.5340,16.6442,16.0931,16.2033,5133000,22797616.00,0.00874995,0.008750,3.6742
SZ000976,2013-02-20,16.3135,16.5340,16.1298,16.4238,5562900,24800744.00,0.00948278,0.009483,3.6742
SZ000976,2013-02-21,16.4605,16.4605,15.6522,15.7257,7843700,34098976.00,0.01337074,0.013370,3.6742
SZ000976,2013-02-22,15.6154,15.9461,15.5420,15.7257,6245200,26769896.00,0.01064586,0.010646,3.6742
SZ000976,2013-02-25,15.6154,16.2401,15.6154,15.9461,5415200,23564172.00,0.00923100,0.009231,3.6742
SZ000976,2013-02-26,15.8726,15.8726,15.2848,15.3582,7741400,32860952.00,0.01319635,0.013196,3.6742
SZ000976,2013-02-27,15.3950,15.6522,15.3215,15.4685,5150800,21679184.00,0.00878029,0.008780,3.6742
SZ000976,2013-02-28,15.4685,15.8359,15.2480,15.7257,9711500,41127220.00,0.01655467,0.016554,3.6742
SZ000976,2013-03-01,15.6522,15.8359,15.5420,15.7257,7403800,31635832.00,0.01262086,0.012621,3.6742
SZ000976,2013-03-04,15.6889,15.6889,14.9541,14.9908,10353800,42797624.00,0.01764957,0.017649,3.6742
SZ000976,2013-03-05,14.9908,15.3582,14.8806,15.3215,6044000,24982952.00,0.01030288,0.010303,3.6742
SZ000976,2013-03-06,15.4317,15.6889,15.2848,15.5420,5963600,25183988.00,0.01016583,0.010166,3.6742
SZ000976,2013-03-07,15.5420,15.8726,15.2480,15.3582,8421800,35635464.00,0.01435619,0.014356,3.6742
SZ000976,2013-03-08,15.3582,15.9829,15.2848,15.7991,12753200,54639736.00,0.02173970,0.021739,3.6742
SZ000976,2013-03-11,15.7991,16.7544,15.6154,16.4238,16900100,74496800.00,0.02880870,0.028808,3.6742
SZ000976,2013-03-12,16.2401,16.3870,15.6522,16.0563,11208600,48927092.00,0.01910670,0.019106,3.6742
SZ000976,2013-03-13,16.1298,17.6730,15.9829,16.7912,30288300,141178288.00,0.05163084,0.051630,3.6742
SZ000976,2013-03-14,16.5340,17.4526,16.3503,17.1586,21656300,99198376.00,0.03691634,0.036916,3.6742
SZ000976,2013-03-15,17.0116,17.3791,16.3503,16.3870,15468700,70977280.00,0.02636867,0.026368,3.6742
SZ000976,2013-03-18,16.2401,16.3503,15.3950,15.5052,12295000,52960020.00,0.02095863,0.020958,3.6742
SZ000976,2013-03-19,15.5052,15.7624,15.3215,15.6889,8055600,34101880.00,0.01373195,0.013732,3.6742
SZ000976,2013-03-20,15.6889,15.9829,15.5052,15.8359,10610300,45558052.00,0.01808681,0.018086,3.6742
SZ000976,2013-03-21,15.7257,16.2033,15.7257,16.0563,12108500,52670936.00,0.02064071,0.020640,3.6742
SZ000976,2013-03-22,15.9094,16.2033,15.8726,15.9829,8178500,35617584.00,0.01394145,0.013941,3.6742
SZ000976,2013-03-25,16.0196,16.6810,15.8726,16.4238,14617900,65000944.00,0.02491835,0.024918,3.6742
SZ000976,2013-03-26,16.3503,16.4605,15.9094,16.0563,9236100,40604720.00,0.01574429,0.015744,3.6742
SZ000976,2013-03-27,16.1298,16.6075,15.9829,16.2768,10504400,46499384.00,0.01790629,0.017906,3.6742
SZ000976,2013-03-28,16.3135,16.3135,15.1010,15.1745,14893400,62562584.00,0.02538798,0.025388,3.6742
SZ000976,2013-03-29,15.2480,15.3950,14.9908,15.0276,7547300,31278596.00,0.01286548,0.012865,3.6742
SZ000976,2013-04-01,15.0276,15.2113,14.9541,15.1010,4859800,19916256.00,0.00828424,0.008284,3.6742
SZ000976,2013-04-02,15.1378,15.4317,14.9173,14.9173,5317500,21906356.00,0.00906446,0.009064,3.6742
SZ000976,2013-04-03,14.9541,15.1010,14.5499,14.7336,6656000,26689604.00,0.01134613,0.011346,3.6742
SZ000976,2013-04-08,14.6234,14.7336,13.9620,14.6969,4871500,18973484.00,0.00830419,0.008304,3.6742
SZ000976,2013-04-09,14.7336,15.3582,14.6969,15.2480,8292900,34123424.00,0.01413646,0.014136,3.6742
SZ000976,2013-04-10,15.2480,15.2848,14.8438,14.9908,5586400,22862992.00,0.00952284,0.009523,3.6742
SZ000976,2013-04-11,14.8806,15.1378,14.6601,14.7704,3899600,15783733.00,0.00664744,0.006647,3.6742
SZ000976,2013-04-12,14.5499,14.8438,14.2560,14.4764,4718500,18614790.00,0.00804337,0.008043,3.6742
SZ000976,2013-04-15,14.5132,14.5499,14.1825,14.2560,2886000,11256723.00,0.00491961,0.004920,3.6742
SZ000976,2013-04-16,14.1090,14.4764,14.0355,14.4029,2913000,11295365.00,0.00496564,0.004966,3.6742
SZ000976,2013-04-17,14.2192,14.5132,14.2192,14.4029,2752600,10772662.00,0.00469221,0.004692,3.6742
SZ000976,2013-04-18,14.3662,14.4764,14.1825,14.2927,2548100,9931861.00,0.00434361,0.004344,3.6742
SZ000976,2013-04-19,14.2927,14.5867,14.2927,14.5499,4984900,19665314.00,0.00849749,0.008497,3.6742
SZ000976,2013-04-22,14.9541,15.1010,14.5867,14.7336,7824700,31603844.00,0.01333835,0.013338,3.6742
SZ000976,2013-04-23,14.6234,14.6969,14.0723,14.1825,4971600,19449568.00,0.00847482,0.008475,3.6742
SZ000976,2013-04-24,14.0723,14.3662,14.0723,14.2560,4005800,15538453.00,0.00682847,0.006828,3.6742
SZ000976,2013-04-25,14.2560,14.3295,13.8151,13.8885,5206300,19943306.00,0.00887490,0.008875,3.6742
SZ000976,2013-04-26,13.8885,13.9620,13.2639,13.5946,4637300,17205800.00,0.00790496,0.007905,3.6742
SZ000976,2013-05-02,13.5946,13.7783,13.5946,13.6681,2339100,8687094.00,0.00398734,0.003987,3.6742
SZ000976,2013-05-03,13.6314,14.0355,13.6314,13.8518,3258200,12336906.00,0.00555408,0.005554,3.6742
SZ000976,2013-05-06,13.8518,14.1090,13.8518,13.9988,2733200,10427631.00,0.00465914,0.004659,3.6742
SZ000976,2013-05-07,13.9253,14.3662,13.9253,14.1825,3627000,14035157.00,0.00618275,0.006183,3.6742
SZ000976,2013-05-08,14.1457,14.2560,13.9988,14.0355,3267000,12541778.00,0.00556908,0.005569,3.6742
SZ000976,2013-05-09,14.0723,14.2927,13.9620,14.1090,2949000,11350384.00,0.00502700,0.005027,3.6742
SZ000976,2013-05-10,14.0723,14.2560,13.9988,14.2560,3372200,12969141.00,0.00574841,0.005748,3.6742
SZ000976,2013-05-13,14.3295,14.3662,14.0723,14.1825,3180100,12292953.00,0.00542095,0.005421,3.6742
SZ000976,2013-05-14,14.1825,14.1825,13.5211,13.8151,5079700,19118914.00,0.00865909,0.008659,3.6742
SZ000976,2013-05-15,13.8885,14.1457,13.7783,13.9253,4152300,15732554.00,0.00707820,0.007078,3.6742
SZ000976,2013-05-16,13.9253,14.0723,13.7048,14.0723,4013200,15203403.00,0.00684109,0.006841,3.6742
SZ000976,2013-05-17,14.0723,14.2560,13.8885,14.1825,6618400,25348428.00,0.01128203,0.011282,3.6742
SZ000976,2013-05-20,14.1457,14.4764,14.1090,14.3662,7728100,30110266.00,0.01317368,0.013173,3.6742
SZ000976,2013-05-21,14.3295,14.5867,14.2192,14.4764,6854400,26990540.00,0.01168433,0.011684,3.6742
SZ000976,2013-05-22,14.5867,14.8071,14.4029,14.6969,8641900,34515512.00,0.01473138,0.014731,3.6742
SZ000976,2013-05-23,14.6969,14.7704,14.3662,14.4029,7003900,27686560.00,0.01193917,0.011939,3.6742
SZ000976,2013-05-24,14.3662,14.5499,14.2927,14.4397,3969500,15591692.00,0.00676659,0.006766,3.6742
SZ000976,2013-05-27,14.5867,14.5867,14.2560,14.3662,4136200,16223456.00,0.00705076,0.007051,3.6742
SZ000976,2013-05-28,14.3662,14.5499,14.1457,14.5132,6079700,23712224.00,0.01036374,0.010364,3.6742
SZ000976,2013-05-29,14.5499,14.6601,14.4029,14.5867,5261100,20822144.00,0.00896832,0.008968,3.6742
SZ000976,2013-05-30,14.5499,14.5867,14.2927,14.4029,6772900,26581636.00,0.01154540,0.011545,3.6742
SZ000976,2013-05-31,14.4029,14.4764,14.2560,14.2927,5640100,22055052.00,0.00961438,0.009614,3.6742
SZ000976,2013-06-03,14.2560,14.4397,14.2560,14.3295,3225000,12591069.00,0.00549748,0.005497,3.6742
SZ000976,2013-06-04,14.3295,14.3295,13.7783,13.8885,5953500,22655916.00,0.01014861,0.010148,3.6742
SZ000976,2013-06-05,13.8518,13.9988,13.7783,13.9253,2704400,10213056.00,0.00461005,0.004610,3.6742
SZ000976,2013-06-06,13.8151,13.8885,13.4844,13.5579,4195900,15585371.00,0.00715253,0.007152,3.6742
SZ000976,2013-06-07,13.5579,13.6314,13.1170,13.3742,3812700,13825806.00,0.00649931,0.006499,3.6742
SZ000976,2013-06-13,13.1170,13.2639,12.2351,12.7863,3891800,13469073.00,0.00663414,0.006634,3.6742
SZ000976,2013-06-14,12.9700,12.9700,12.7863,12.8598,2332900,8154074.00,0.00397677,0.003977,3.6742
SZ000976,2013-06-17,12.8598,13.1170,12.5658,12.9700,3682200,12902391.00,0.00627685,0.006277,3.6742
SZ000976,2013-06-18,12.9700,13.0802,12.7128,12.8230,2247600,7881421.00,0.00383136,0.003831,3.6742
SZ000976,2013-06-19,12.8598,12.8598,12.5291,12.7863,2253900,7777495.00,0.00384210,0.003842,3.6742
SZ000976,2013-06-20,12.7128,12.7128,12.2719,12.3821,2577900,8778149.00,0.00439441,0.004394,3.6742
SZ000976,2013-06-21,12.3454,12.3454,11.7575,12.1984,2505000,8213901.00,0.00427014,0.004270,3.6742
SZ000976,2013-06-24,12.1984,12.2351,11.1329,11.3901,3239900,10332365.00,0.00552288,0.005523,3.6742
SZ000976,2013-06-25,11.3901,11.4636,10.2878,11.2431,6317600,18898624.00,0.01076927,0.010769,3.6742
SZ000976,2013-06-26,11.2798,11.3166,11.0226,11.2064,3118800,9489993.00,0.00531645,0.005316,3.6742
SZ000976,2013-06-27,11.2431,11.3901,10.8389,10.8389,2847300,8651750.00,0.00485364,0.004854,3.6742
SZ000976,2013-06-28,10.6920,11.1329,10.6920,10.8757,2409100,7182002.00,0.00410666,0.004107,3.6742
SZ000976,2013-07-01,10.7287,11.2431,10.7287,11.1696,2970900,8919127.00,0.00506433,0.005064,3.6742
SZ000976,2013-07-02,11.2064,11.2431,10.9859,11.2431,3508200,10658844.00,0.00598024,0.005980,3.6742
SZ000976,2013-07-03,11.2064,11.2064,10.9492,11.0594,2150900,6453858.00,0.00366652,0.003666,3.6742
SZ000976,2013-07-04,11.0594,11.5738,10.8757,11.3901,3845800,11773779.00,0.00655573,0.006556,3.6742
SZ000976,2013-07-05,11.2798,12.0514,11.2064,11.4268,4727500,14927495.00,0.00805872,0.008059,3.6742
SZ000976,2013-07-08,11.2064,11.3166,10.9124,10.9859,3182600,9604175.00,0.00542521,0.005425,3.6742
SZ000976,2013-07-09,10.8757,11.2064,10.8757,11.0961,1769800,5322678.00,0.00301688,0.003017,3.6742
SZ000976,2013-07-10,11.0594,12.1249,11.0594,11.8677,8343300,26474524.00,0.01422238,0.014222,3.6742
SZ000976,2013-07-11,11.8677,12.3086,11.7208,11.9045,9024700,29705012.00,0.01538392,0.015384,3.6742
SZ000976,2013-07-12,11.7575,12.0882,11.6840,11.7575,5848100,18887336.00,0.00996894,0.009969,3.6742
SZ000976,2013-07-15,11.6840,11.8310,11.4636,11.7575,4724400,14985920.00,0.00805343,0.008053,3.6742
SZ000976,2013-07-16,11.7208,11.9045,11.5003,11.9045,3487400,11146221.00,0.00594478,0.005945,3.6742
SZ000976,2013-07-17,11.7575,11.9412,11.6105,11.7208,3644300,11647445.00,0.00621224,0.006212,3.6742
SZ000976,2013-07-18,11.6840,11.7575,11.5370,11.6105,2420500,7660910.00,0.00412610,0.004126,3.6742
SZ000976,2013-07-19,11.6105,11.7575,11.1696,11.1696,2930800,9209204.00,0.00499598,0.004996,3.6742
SZ000976,2013-07-22,11.0226,11.2798,10.9859,11.2431,2564400,7778487.00,0.00437140,0.004371,3.6742
SZ000976,2013-07-23,11.2431,11.6840,11.2064,11.5738,2704800,8477932.00,0.00461073,0.004611,3.6742
SZ000976,2013-07-24,11.5003,12.0147,11.3166,11.7942,5893100,18793082.00,0.01004565,0.010045,3.6742
SZ000976,2013-07-25,11.6105,12.0882,11.5370,11.9412,7211800,23202512.00,0.01229357,0.012293,3.6742
SZ000976,2013-07-26,11.9045,11.9045,11.5370,11.6105,3665500,11652191.00,0.00624838,0.006248,3.6742
SZ000976,2013-07-29,11.5003,12.1984,11.2798,11.9779,8048100,25840600.00,0.01371917,0.013719,3.6742
SZ000976,2013-07-30,11.9045,12.0514,11.6473,11.9045,4684100,15177643.00,0.00798473,0.007985,3.6742
SZ000976,2013-07-31,11.8310,12.0147,11.6105,11.8310,4698400,15081195.00,0.00800911,0.008009,3.6742
SZ000976,2013-08-01,11.7942,12.0514,11.7575,12.0147,6505500,21155712.00,0.01108958,0.011089,3.6742
SZ000976,2013-08-02,12.0147,12.0514,11.8310,11.9412,3572200,11632086.00,0.00608934,0.006089,3.6742
SZ000976,2013-08-05,11.9412,12.0882,11.7942,12.0514,4013900,13018529.00,0.00684228,0.006842,3.6742
SZ000976,2013-08-06,11.9779,12.2351,11.9045,12.1617,6539900,21636004.00,0.01114822,0.011148,3.6742
SZ000976,2013-08-07,12.1617,12.1617,11.7942,11.8677,6426100,20935100.00,0.01095423,0.010954,3.6742
SZ000976,2013-08-08,11.8677,11.9779,11.7942,11.8677,3659800,11845203.00,0.00623867,0.006239,3.6742
SZ000976,2013-08-09,11.9045,13.0435,11.8677,13.0435,27304000,95493928.00,0.04654367,0.046543,3.6742
SZ000976,2013-08-12,13.2272,13.2639,12.4923,12.9332,23449400,82559168.00,0.03997294,0.039972,3.6742
SZ000976,2013-08-13,12.8230,12.9700,12.7128,12.9332,11587700,40515956.00,0.01975293,0.019753,3.6742
SZ000976,2013-08-14,12.8598,13.0435,12.6761,12.7128,7943100,27739400.00,0.01354018,0.013540,3.6742
SZ000976,2013-08-15,12.7495,13.0802,12.6026,12.8230,9472900,33083164.00,0.01614795,0.016148,3.6742
SZ000976,2013-08-16,12.6393,12.9332,12.1617,12.3454,7403000,25472540.00,0.01261950,0.012619,3.6742
SZ000976,2013-08-19,12.3086,13.1904,12.2351,12.8598,9501700,33001672.00,0.01619704,0.016197,3.6742
SZ000976,2013-08-20,12.8230,13.3374,12.7495,12.9332,8806900,31211956.00,0.01501265,0.015012,3.6742
SZ000976,2013-08-21,12.8598,13.3007,12.8598,13.1170,7633500,27184512.00,0.01301242,0.013012,3.6742
SZ000976,2013-08-22,13.1170,13.2272,12.7128,12.7863,5635800,19822464.00,0.00960705,0.009607,3.6742
SZ000976,2013-08-23,12.6761,12.8965,12.4556,12.6761,5000900,17172016.00,0.00852477,0.008525,3.6742
SZ000976,2013-08-26,12.6761,12.9700,12.6761,12.8598,5113700,17840672.00,0.00871705,0.008717,3.6742
SZ000976,2013-08-27,12.8598,13.0802,12.6393,12.9332,5424300,19007390.00,0.00924651,0.009246,3.6742
SZ000976,2013-08-28,12.8230,13.1170,12.6761,12.9332,7054600,24725678.00,0.01202560,0.012025,3.6742
SZ000976,2013-08-29,12.7863,12.9332,12.6026,12.6761,5093000,17628480.00,0.00868176,0.008682,3.6742
SZ000976,2013-08-30,12.7128,12.8965,12.5658,12.5658,5193300,18011302.00,0.00885274,0.008853,3.6742
SZ000976,2013-09-02,12.4923,12.6026,12.1617,12.5291,4864900,16362895.00,0.00829293,0.008293,3.6742
SZ000976,2013-09-03,12.5291,12.7495,12.3821,12.7128,3641400,12460273.00,0.00620730,0.006207,3.6742
SZ000976,2013-09-04,12.6761,13.0067,12.5658,12.8230,6110100,21307092.00,0.01041556,0.010415,3.6742
SZ000976,2013-09-05,12.7128,12.8965,12.6761,12.8598,4049600,14091007.00,0.00690314,0.006903,3.6742
SZ000976,2013-09-06,12.8598,12.8965,12.7128,12.7495,3513000,12223504.00,0.00598842,0.005988,3.6742
SZ000976,2013-09-09,12.7495,12.9332,12.7128,12.8965,4896200,17129760.00,0.00834629,0.008346,3.6742
SZ000976,2013-09-10,12.8598,13.0067,12.6761,13.0067,7297200,25606714.00,0.01243915,0.012439,3.6742
SZ000976,2013-09-11,13.0067,13.4109,12.9332,13.2272,11194100,40235740.00,0.01908198,0.019082,3.6742
SZ000976,2013-09-12,13.1170,13.3374,12.9700,13.2272,7459300,26681408.00,0.01271547,0.012715,3.6742
SZ000976,2013-09-13,13.1904,13.7416,13.1537,13.4476,13502500,49604568.00,0.02301699,0.023017,3.6742
SZ000976,2013-09-16,13.4476,13.6314,13.1537,13.2272,6774100,24562752.00,0.01154745,0.011547,3.6742
SZ000976,2013-09-17,13.2272,13.2272,12.8965,12.9700,4731200,16789188.00,0.00806502,0.008065,3.6742
SZ000976,2013-09-18,12.8598,13.0435,12.8230,12.9700,3322800,11697913.00,0.00566420,0.005664,3.6742
SZ000976,2013-09-23,13.0067,13.1537,12.7863,13.0067,4577300,16131342.00,0.00780268,0.007803,3.6742
SZ000976,2013-09-24,13.0067,13.0435,12.7495,12.7863,5317500,18595036.00,0.00906446,0.009064,3.6742
SZ000976,2013-09-25,12.7128,12.8598,12.6761,12.7863,4288100,14912433.00,0.00730969,0.007310,3.6742
SZ000976,2013-09-26,12.7128,12.8230,12.4923,12.4923,4307100,14811607.00,0.00734208,0.007342,3.6742
SZ000976,2013-09-27,12.4923,12.5658,12.3086,12.3086,3550700,12023186.00,0.00605269,0.006053,3.6742
SZ000976,2013-09-30,12.2351,12.6393,12.2351,12.5658,2517800,8534258.00,0.00429196,0.004292,3.6742
SZ000976,2013-10-08,12.5291,12.6393,12.2351,12.5658,4196900,14267523.00,0.00715423,0.007154,3.6742
SZ000976,2013-10-09,12.5658,12.6761,12.4556,12.6026,3574600,12229131.00,0.00609343,0.006093,3.6742
SZ000976,2013-10-10,12.6026,12.6761,12.4556,12.4923,4538000,15457213.00,0.00773569,0.007736,3.6742
SZ000976,2013-10-11,12.5291,12.6761,12.4556,12.6026,4194100,14358494.00,0.00714946,0.007149,3.6742
SZ000976,2013-10-14,12.6026,13.1170,12.4923,12.9332,7743900,26738122.00,0.01320061,0.013200,3.6742
SZ000976,2013-10-15,12.7863,12.9700,12.6761,12.8598,6121200,21291302.00,0.01043448,0.010434,3.6742
SZ000976,2013-10-16,12.7495,12.8965,12.3086,12.4923,4736500,16253823.00,0.00807406,0.008074,3.6742
SZ000976,2013-10-17,12.5658,12.6761,12.3454,12.4556,4259500,14502347.00,0.00726094,0.007261,3.6742
SZ000976,2013-10-18,12.4189,13.2272,12.3821,12.8230,6969000,24202810.00,0.01187968,0.011879,3.6742
SZ000976,2013-10-21,12.7495,12.9700,12.6761,12.8965,4250500,14825240.00,0.00724560,0.007245,3.6742
SZ000976,2013-10-22,12.8965,13.1537,12.6761,13.0067,5965500,20965316.00,0.01016907,0.010169,3.6742
SZ000976,2013-10-23,13.0435,13.4476,12.9700,13.1170,13384600,48138528.00,0.02281601,0.022816,3.6742
SZ000976,2013-10-24,12.9700,13.0802,12.7128,12.7495,5451600,19070060.00,0.00929305,0.009293,3.6742
SZ000976,2013-10-25,12.7863,12.9700,12.4556,12.8965,5467100,18902798.00,0.00931947,0.009319,3.6742
SZ000976,2013-10-28,12.8598,13.4109,12.7495,13.2272,8201700,29369826.00,0.01398100,0.013981,3.6742
SZ000976,2013-10-29,13.0802,13.3007,12.3454,12.7128,7290200,25330110.00,0.01242721,0.012427,3.6742
SZ000976,2013-10-30,12.6026,12.7863,12.3821,12.7863,4008100,13759127.00,0.00683239,0.006832,3.6742
SZ000976,2013-10-31,12.8230,13.4109,12.6026,13.2272,10849500,38745896.00,0.01849456,0.018494,3.6742
SZ000976,2013-11-01,13.1537,14.4397,12.8965,13.7048,25342300,94897456.00,0.04319966,0.043199,3.6742
SZ000976,2013-11-04,13.5946,14.1457,13.1537,13.8151,17352700,64764456.00,0.02958022,0.029580,3.6742
SZ000976,2013-11-05,13.7048,15.2113,13.5579,15.2113,46128200,185510832.00,0.07863227,0.078631,3.6742
SZ000976,2013-11-06,15.2848,15.6522,14.6601,14.8438,41744000,171210032.00,0.07115876,0.071157,3.6742
SZ000976,2013-11-07,14.5499,14.8438,14.1825,14.6969,26474100,104369896.00,0.04512898,0.045128,3.6742
SZ000976,2013-11-08,14.5132,14.5132,13.7783,14.0723,19897800,76641896.00,0.03391872,0.033918,3.6742
SZ000976,2013-11-11,13.7048,14.2927,13.4476,14.1825,14613900,55371192.00,0.02491153,0.024911,3.6742
SZ000976,2013-11-12,13.8885,14.2192,13.6681,13.7416,12361100,46679072.00,0.02107131,0.021071,3.6742
SZ000976,2013-11-13,13.5579,13.7416,13.0067,13.0802,13448400,48599972.00,0.02292477,0.022924,3.6742
SZ000976,2013-11-14,13.0802,13.7048,12.7495,13.4476,14851500,53350208.00,0.02531656,0.025316,3.6742
SZ000976,2013-11-15,13.3007,13.8518,13.2639,13.3742,12579200,46218032.00,0.02144309,0.021443,3.6742
SZ000976,2013-11-18,13.1904,13.5946,13.0802,13.5946,11626800,42475548.00,0.01981958,0.019819,3.6742
SZ000976,2013-11-19,13.5211,14.1457,13.3742,13.8518,15320500,57519088.00,0.02611604,0.026116,3.6742
SZ000976,2013-11-20,13.7783,13.9988,13.7048,13.9253,8754600,33091608.00,0.01492350,0.014923,3.6742
SZ000976,2013-11-21,13.8151,13.8518,13.4844,13.6314,8819100,32666320.00,0.01503345,0.015033,3.6742
SZ000976,2013-11-22,13.5946,13.7048,13.3742,13.4476,6690700,24587480.00,0.01140528,0.011405,3.6742
SZ000976,2013-11-25,13.4476,13.6314,13.2272,13.4476,5076600,18594616.00,0.00865381,0.008654,3.6742
SZ000976,2013-11-26,13.4109,13.4476,13.2272,13.3007,4778000,17319256.00,0.00814480,0.008145,3.6742
SZ000976,2013-11-27,13.2639,13.7416,13.1170,13.6681,7509300,27502440.00,0.01280070,0.012800,3.6742
SZ000976,2013-11-28,13.5946,14.5132,13.5579,13.9620,14144800,53989952.00,0.02411188,0.024111,3.6742
SZ000976,2013-11-29,13.8518,13.8885,13.5946,13.5946,8627100,32225880.00,0.01470616,0.014706,3.6742
SZ000976,2013-12-02,13.2272,13.3374,12.5291,12.7128,10369500,36607672.00,0.01767633,0.017676,3.6742
SZ000976,2013-12-03,12.7128,13.1170,12.6761,12.9700,4002200,14097241.00,0.00682234,0.006822,3.6742
SZ000976,2013-12-04,12.9700,13.2639,12.8598,13.0802,5569900,19887070.00,0.00949471,0.009495,3.6742
SZ000976,2013-12-05,13.0435,13.1537,12.8598,13.0067,5389200,19105544.00,0.00918668,0.009187,3.6742
SZ000976,2013-12-06,12.9700,13.1170,12.8965,13.0802,2866600,10164362.00,0.00488654,0.004886,3.6742
SZ000976,2013-12-09,13.0435,13.2272,13.0067,13.0435,4270600,15257693.00,0.00727986,0.007280,3.6742
SZ000976,2013-12-10,13.0067,13.1537,12.9332,13.0802,4176900,14829031.00,0.00712014,0.007120,3.6742
SZ000976,2013-12-11,12.9700,13.1904,12.8598,12.9700,4747500,16857042.00,0.00809281,0.008093,3.6742
SZ000976,2013-12-12,12.8965,13.1537,12.8965,13.1170,4383600,15587778.00,0.00747249,0.007472,3.6742
SZ000976,2013-12-13,13.0802,13.1537,12.9700,13.1170,3112000,11043759.00,0.00530486,0.005305,3.6742
SZ000976,2013-12-16,13.1170,13.1170,12.7495,12.7863,3486300,12244685.00,0.00594291,0.005943,3.6742
SZ000976,2013-12-17,12.7863,12.8965,12.6026,12.7128,2812700,9746524.00,0.00479466,0.004795,3.6742
SZ000976,2013-12-18,12.6761,12.8230,12.6393,12.7863,2178300,7546961.00,0.00371323,0.003713,3.6742
SZ000976,2013-12-19,12.7863,12.8965,12.4923,12.4923,2646500,9125293.00,0.00451135,0.004511,3.6742
SZ000976,2013-12-20,12.4189,12.5658,12.1249,12.1249,3442700,11528461.00,0.00586859,0.005868,3.6742
SZ000976,2013-12-23,12.2351,12.2351,11.9412,12.0147,2125200,6972917.00,0.00362271,0.003623,3.6742
SZ000976,2013-12-24,12.0147,12.4189,11.9412,12.3454,2901100,9637632.00,0.00494535,0.004945,3.6742
SZ000976,2013-12-25,12.3454,12.5291,12.2719,12.3821,1959500,6606944.00,0.00334025,0.003340,3.6742
SZ000976,2013-12-26,12.4189,12.4189,12.0147,12.0514,2342200,7760632.00,0.00399262,0.003993,3.6742
SZ000976,2013-12-27,12.0514,12.3086,12.0147,12.3086,2593100,8597427.00,0.00442032,0.004420,3.6742
SZ000976,2013-12-30,12.1984,12.4189,12.1617,12.1984,2095500,7007027.00,0.00357209,0.003572,3.6742
SZ000976,2013-12-31,12.1617,12.3821,12.1249,12.2719,2513100,8400316.00,0.00428395,0.004284,3.6742
SZ000976,2014-01-02,12.3454,12.4556,12.2351,12.4556,2667400,8979784.00,0.00454697,0.004547,3.6742
SZ000976,2014-01-03,12.3821,12.6761,12.3086,12.5291,3472000,11810522.00,0.00591853,0.005918,3.6742
SZ000976,2014-01-06,12.5291,12.5658,12.1249,12.1249,3702800,12346659.00,0.00631197,0.006312,3.6742
SZ000976,2014-01-07,12.0882,12.3454,11.9412,12.1984,1775000,5882867.00,0.00302575,0.003026,3.6742
SZ000976,2014-01-08,12.1984,12.3086,11.9779,12.0147,2253000,7414089.00,0.00384057,0.003841,3.6742
SZ000976,2014-01-09,12.0147,12.0882,11.7575,11.7575,2475400,8041902.00,0.00421968,0.004220,3.6742
SZ000976,2014-01-10,11.7942,11.8310,11.1329,11.2431,3766800,11688935.00,0.00642106,0.006421,3.6742
SZ000976,2014-01-13,11.2431,11.3901,10.9492,11.0961,2939600,8905035.00,0.00501098,0.005011,3.6742
SZ000976,2014-01-14,11.0226,11.3533,10.9859,11.3166,2698900,8190274.00,0.00460067,0.004601,3.6742
SZ000976,2014-01-15,11.2798,11.4268,11.1696,11.2431,2517300,7734716.00,0.00429111,0.004291,3.6742
SZ000976,2014-01-16,11.2064,11.4268,11.2064,11.3533,2161100,6648727.00,0.00368391,0.003684,3.6742
SZ000976,2014-01-17,11.3533,11.3533,11.0594,11.1696,1843800,5598115.00,0.00314303,0.003143,3.6742
SZ000976,2014-01-20,11.1696,11.3166,11.0594,11.2064,1328500,4040841.00,0.00226462,0.002265,3.6742
SZ000976,2014-01-21,11.2798,11.3533,11.2064,11.3166,1548800,4749040.00,0.00264016,0.002640,3.6742
SZ000976,2014-01-22,11.3166,11.6105,11.2798,11.6105,2944300,9229512.00,0.00501899,0.005019,3.6742
SZ000976,2014-01-23,11.6105,11.6105,11.4268,11.5370,3249300,10171742.00,0.00553891,0.005539,3.6742
SZ000976,2014-01-24,11.4636,11.6840,11.4268,11.6473,3110000,9828087.00,0.00530145,0.005301,3.6742
SZ000976,2014-01-27,11.5738,11.5738,11.3533,11.4268,3166300,9884467.00,0.00539742,0.005397,3.6742
SZ000976,2014-01-28,11.3533,11.4636,11.2064,11.3533,2831700,8728036.00,0.00482705,0.004827,3.6742
SZ000976,2014-01-29,11.2798,11.4268,11.2064,11.3166,2794900,8587533.00,0.00476432,0.004764,3.6742
SZ000976,2014-01-30,11.2431,11.3166,11.0961,11.2798,1447600,4432936.00,0.00246765,0.002468,3.6742
SZ000976,2014-02-07,11.2798,11.6840,11.2064,11.6473,3694300,11583049.00,0.00629748,0.006297,3.6742
SZ000976,2014-02-10,11.6840,12.0514,11.6105,11.9045,4887800,15738744.00,0.00833197,0.008332,3.6742
SZ000976,2014-02-11,11.8677,12.3086,11.7208,12.0147,6000700,19667372.00,0.01022907,0.010229,3.6742
SZ000976,2014-02-12,11.9779,12.2351,11.9045,12.0514,4039700,13262835.00,0.00688626,0.006886,3.6742
SZ000976,2014-02-13,12.0882,12.0882,11.8677,11.9045,3312100,10821537.00,0.00564596,0.005646,3.6742
SZ000976,2014-02-14,11.9045,12.0882,11.7575,12.0882,3669800,11917490.00,0.00625571,0.006256,3.6742
SZ000976,2014-02-17,12.0147,12.1984,11.9779,12.1984,4863300,16026766.00,0.00829021,0.008290,3.6742
SZ000976,2014-02-18,12.1984,12.6393,11.9779,12.6026,7077800,23591632.00,0.01206515,0.012065,3.6742
SZ000976,2014-02-19,12.4556,12.9332,12.3454,12.7495,10365800,35587268.00,0.01767002,0.017670,3.6742
SZ000976,2014-02-20,12.6761,13.4109,12.5291,13.1537,17779000,63576784.00,0.03030691,0.030306,3.6742
SZ000976,2014-02-21,13.1537,13.2272,12.8598,12.8965,7803000,27626548.00,0.01330136,0.013301,3.6742
SZ000976,2014-02-24,12.7863,12.8598,12.2719,12.5291,6888100,23478900.00,0.01174178,0.011742,3.6742
SZ000976,2014-02-25,12.5291,12.6393,11.9779,12.0514,5540900,18611336.00,0.00944528,0.009445,3.6742
SZ000976,2014-02-26,12.0147,12.3821,11.9412,12.3086,3834500,12733108.00,0.00653647,0.006536,3.6742
SZ000976,2014-02-27,12.3086,12.4556,12.1617,12.1984,3575700,11950856.00,0.00609530,0.006095,3.6742
SZ000976,2014-02-28,12.1984,12.3821,12.0514,12.3454,3480100,11580833.00,0.00593234,0.005932,3.6742
SZ000976,2014-03-03,12.3086,12.7495,12.2351,12.7128,4317000,14794185.00,0.00735896,0.007359,3.6742
SZ000976,2014-03-04,12.6026,12.7128,12.5291,12.5658,2774800,9529707.00,0.00473005,0.004730,3.6742
SZ000976,2014-03-05,12.5658,13.0067,12.5291,12.7128,4173800,14522806.00,0.00711485,0.007115,3.6742
SZ000976,2014-03-06,12.7863,12.7863,12.5291,12.6761,2868700,9850681.00,0.00489012,0.004890,3.6742
SZ000976,2014-03-07,12.7128,12.8230,12.5658,12.6761,3047600,10516884.00,0.00519508,0.005195,3.6742
SZ000976,2014-03-10,12.5658,12.6393,12.0882,12.6393,5353200,18105614.00,0.00912531,0.009125,3.6742
SZ000976,2014-03-11,12.5658,12.8965,12.4189,12.5291,4690400,16106563.00,0.00799547,0.007995,3.6742
SZ000976,2014-03-12,12.4923,12.6026,12.2351,12.3454,3915200,13191759.00,0.00667403,0.006674,3.6742
SZ000976,2014-03-13,12.2719,12.4923,12.2351,12.3454,3380200,11365971.00,0.00576205,0.005762,3.6742
SZ000976,2014-03-14,12.3454,12.4556,12.2351,12.4556,2735800,9204388.00,0.00466357,0.004663,3.6742
SZ000976,2014-03-17,12.4923,12.6393,12.3821,12.5658,1998800,6828824.00,0.00340725,0.003407,3.6742
SZ000976,2014-03-18,12.5658,12.7495,12.4923,12.7128,2718900,9340425.00,0.00463476,0.004635,3.6742
SZ000976,2014-03-19,12.7863,13.0435,12.6393,12.9332,6457700,22678810.00,0.01100810,0.011008,3.6742
SZ000976,2014-03-20,12.9332,12.9700,12.5658,12.6393,4110000,14298620.00,0.00700610,0.007006,3.6742
SZ000976,2014-03-21,12.6393,13.8885,12.5658,13.3007,17604300,64391464.00,0.03000911,0.030009,3.6742
SZ000976,2014-03-24,13.1537,13.4844,13.0435,13.2639,7357700,26507510.00,0.01254228,0.012542,3.6742
SZ000976,2014-03-25,13.3007,13.4109,13.0802,13.2272,4609100,16554178.00,0.00785689,0.007857,3.6742
SZ000976,2014-03-26,13.1537,13.2639,12.9700,13.1537,4725100,16844590.00,0.00805463,0.008054,3.6742
SZ000976,2014-03-27,13.1904,13.3374,13.0067,13.0802,4491200,16138245.00,0.00765591,0.007656,3.6742
SZ000976,2014-03-28,13.0435,13.3742,12.8230,13.3007,6402200,22851646.00,0.01091349,0.010913,3.6742
SZ000976,2014-03-31,13.3007,13.4476,13.1170,13.3007,3442100,12425913.00,0.00586756,0.005867,3.6742
SZ000976,2014-04-01,13.3374,13.4109,13.0067,13.2272,3579700,12792137.00,0.00610212,0.006102,3.6742
SZ000976,2014-04-02,13.1904,13.2639,13.0435,13.1904,2844900,10163494.00,0.00484955,0.004849,3.6742
SZ000976,2014-04-03,13.1904,13.3007,13.0435,13.1537,2733300,9776066.00,0.00465931,0.004659,3.6742
SZ000976,2014-04-04,13.1537,13.3742,12.9332,13.1537,4085900,14655795.00,0.00696502,0.006965,3.6742
SZ000976,2014-04-08,13.1537,13.2272,12.9700,13.1537,3809500,13583498.00,0.00649385,0.006494,3.6742
SZ000976,2014-04-09,13.1537,13.4109,13.0802,13.3374,5886600,21285748.00,0.01003457,0.010034,3.6742
SZ000976,2014-04-10,13.3374,13.8518,13.3374,13.5579,9112300,33901452.00,0.01553325,0.015533,3.6742
SZ000976,2014-04-11,13.5211,13.9620,13.4109,13.8151,6802300,25395972.00,0.01159552,0.011595,3.6742
SZ000976,2014-04-14,13.8518,13.9988,13.6681,13.7783,5532700,20800308.00,0.00943130,0.009431,3.6742
SZ000976,2014-04-15,13.7048,13.7048,13.4109,13.5946,4314200,15903710.00,0.00735419,0.007354,3.6742
SZ000976,2014-04-16,13.6314,13.9988,13.4844,13.9620,4654200,17486200.00,0.00793377,0.007934,3.6742
SZ000976,2014-04-17,13.9253,14.4029,13.8518,14.1090,6763100,26035644.00,0.01152869,0.011528,3.6742
SZ000976,2014-04-18,13.9620,14.4397,13.9620,14.2560,5252600,20304844.00,0.00895383,0.008954,3.6742
SZ000976,2014-04-21,14.0355,14.2927,13.8518,13.8885,5321500,20317860.00,0.00907128,0.009071,3.6742
SZ000976,2014-04-22,13.9253,13.9988,13.4476,13.7416,5542100,20583222.00,0.00944732,0.009447,3.6742
SZ000976,2014-04-23,13.6681,13.8151,13.4109,13.5211,2669100,9885484.00,0.00454987,0.004550,3.6742
SZ000976,2014-04-24,13.5211,13.7416,13.4476,13.7048,2912500,10776607.00,0.00496478,0.004965,3.6742
SZ000976,2014-04-25,13.7048,13.7048,12.9332,12.9332,4435000,16045961.00,0.00756011,0.007560,3.6742
SZ000976,2014-04-28,12.8230,12.8598,12.1617,12.4189,5081000,17302976.00,0.00866131,0.008661,3.6742
SZ000976,2014-04-29,12.2351,12.7128,12.2351,12.5658,3075200,10372258.00,0.00524213,0.005242,3.6742
SZ000976,2014-04-30,12.4556,13.4844,12.4556,13.3374,3024300,10664325.00,0.00515536,0.005155,3.6742
SZ000976,2014-05-05,13.1904,13.3374,12.9700,13.1904,2198900,7870327.00,0.00374835,0.003748,3.6742
SZ000976,2014-05-06,13.1904,13.4109,13.0802,13.3374,3067200,11094953.00,0.00522849,0.005228,3.6742
SZ000976,2014-05-07,13.3742,13.5946,13.1170,13.3374,2409000,8754897.00,0.00410649,0.004106,3.6742
SZ000976,2014-05-08,13.2272,14.0355,13.2272,13.6314,4798600,17879126.00,0.00817992,0.008180,3.6742
SZ000976,2014-05-09,13.7048,13.7048,13.3007,13.5946,1879300,6892515.00,0.00320354,0.003203,3.6742
SZ000976,2014-05-12,13.5579,14.0355,13.5579,13.7783,4371100,16452021.00,0.00745118,0.007451,3.6742
SZ000976,2014-05-13,13.7783,13.8518,13.5211,13.7416,4103300,15281330.00,0.00699468,0.006995,3.6742
SZ000976,2014-05-14,13.6681,13.7416,13.4476,13.5579,2854400,10539451.00,0.00486574,0.004866,3.6742
SZ000976,2014-05-15,13.5211,13.6681,13.3742,13.4476,2471200,9086715.00,0.00421252,0.004212,3.6742
SZ000976,2014-05-16,13.3374,13.4844,13.2272,13.3742,2218900,8039736.00,0.00378244,0.003782,3.6742
SZ000976,2014-05-19,13.3374,13.3742,13.1170,13.3742,1258600,4530258.00,0.00214547,0.002145,3.6742
SZ000976,2014-05-20,13.3374,13.4844,13.2272,13.3742,1387600,5053921.00,0.00236537,0.002365,3.6742
SZ000976,2014-05-21,13.3007,13.5211,13.1537,13.4476,1357300,4933604.00,0.00231372,0.002314,3.6742
SZ000976,2014-05-22,13.4476,13.4844,13.2639,13.2639,1888200,6862698.00,0.00321871,0.003219,3.6742
SZ000976,2014-05-23,13.2272,13.4476,13.1904,13.4109,1716100,6212264.00,0.00292534,0.002925,3.6742
SZ000976,2014-05-26,13.3742,13.5211,13.2639,13.4476,1879000,6862037.00,0.00320303,0.003203,3.6742
SZ000976,2014-05-27,13.5579,13.5579,13.3742,13.4476,1321500,4842289.00,0.00225269,0.002253,3.6742
SZ000976,2014-05-28,13.4844,13.5579,13.3374,13.4844,1724800,6308770.00,0.00294017,0.002940,3.6742
SZ000976,2014-05-29,13.4844,13.9253,13.4476,13.7416,5503500,20615624.00,0.00938152,0.009381,3.6742
SZ000976,2014-05-30,13.7416,13.8885,13.5579,13.8885,5764800,21633064.00,0.00982695,0.009827,3.6742
SZ000976,2015-02-16,15.2848,15.2848,15.2848,15.2848,354100,1473105.00,0.00060362,0.000604,3.6742
SZ000976,2015-02-17,16.8279,16.8279,16.8279,16.8279,167700,768120.00,0.00028587,0.000286,3.6742
SZ000976,2015-02-25,18.5181,18.5181,18.5181,18.5181,203800,1027328.00,0.00034741,0.000347,3.6742
SZ000976,2015-02-26,20.3552,20.3552,20.3552,20.3552,465600,2579534.00,0.00079368,0.000794,3.6742
SZ000976,2015-02-27,22.3760,22.3760,22.3760,22.3760,442000,2692072.00,0.00075345,0.000753,3.6742
SZ000976,2015-03-02,24.6173,24.6173,24.6173,24.6173,3796700,25437616.00,0.00647203,0.006472,3.6742
SZ000976,2015-03-03,27.0790,27.0790,27.0790,27.0790,37446500,275980864.00,0.06383305,0.063832,3.6742
SZ000976,2015-03-04,28.3650,29.7980,28.3650,29.7980,57634100,461353760.00,0.09824577,0.098244,3.6742
SZ000976,2015-03-05,31.7821,32.7741,30.7533,32.7741,156591200,1361520768.00,0.26693264,0.266928,3.6742
SZ000976,2015-03-06,33.4355,35.8972,32.7741,32.9211,120292000,1115512832.00,0.20505534,0.205052,3.6742
SZ000976,2015-03-09,33.6927,33.8764,30.8268,32.1862,65446500,571924352.00,0.11157703,0.111561,3.6742
SZ000976,2015-03-11,30.5696,31.2309,30.5696,30.5696,53751700,447773792.00,0.09163905,0.091626,3.6742
SZ000976,2015-03-12,29.7980,30.4593,29.2836,30.0552,78636300,639804864.00,0.13406378,0.134045,3.6742
SZ000976,2015-03-13,30.1654,30.2389,29.5408,29.8715,27290900,221931040.00,0.04652713,0.046520,3.6742
SZ000976,2015-03-16,30.2389,30.2756,29.3203,30.0552,36772200,298932800.00,0.06269140,0.062682,3.6742
SZ000976,2015-03-17,30.0552,30.6063,29.4673,29.9082,40986800,333517504.00,0.06987670,0.069867,3.6742
SZ000976,2015-03-18,29.6877,30.2021,29.5408,29.9082,35970300,292422464.00,0.06132428,0.061316,3.6742
SZ000976,2015-03-19,29.7612,31.2309,29.4673,30.9370,45912000,381159808.00,0.07827347,0.078262,3.6742
SZ000976,2015-03-20,30.8635,31.3411,29.9449,30.4226,32043700,265502560.00,0.05462998,0.054622,3.6742
SZ000976,2015-03-23,30.1654,30.8635,30.0919,30.5696,25570400,211959840.00,0.04359392,0.043588,3.6742
SZ000976,2015-03-24,30.5696,30.7533,29.0264,29.6510,45735100,369865376.00,0.07797188,0.077961,3.6742
SZ000976,2015-03-25,29.6877,30.6430,29.2101,30.3124,27533500,223379424.00,0.04694073,0.046934,3.6742
SZ000976,2015-03-26,30.1654,30.5328,29.7612,30.3858,17900400,147057120.00,0.03051765,0.030513,3.6742
SZ000976,2015-03-27,30.5696,31.8923,30.3858,31.8923,33031200,283816672.00,0.05631353,0.056305,3.6742
SZ000976,2015-03-30,32.0025,32.8108,31.4514,32.1495,37076300,322421312.00,0.06320985,0.063201,3.6742
SZ000976,2015-03-31,32.2230,32.5536,31.6718,32.0025,23430300,204821552.00,0.03994535,0.039940,3.6742
SZ000976,2015-04-01,31.9290,32.2230,31.7821,31.9658,17832400,155161568.00,0.03040172,0.030397,3.6742
SZ000976,2015-04-02,32.0025,33.2517,31.8923,32.3699,27173700,241011424.00,0.04632732,0.046321,3.6742
SZ000976,2015-04-03,32.0760,32.2964,31.5249,32.2597,24762700,215133744.00,0.04221690,0.042211,3.6742
SZ000976,2015-04-07,32.1495,33.3252,32.1495,32.7006,22601000,201576464.00,0.03853151,0.038526,3.6742
SZ000976,2015-04-08,32.8843,33.6192,31.6351,32.7374,25996300,232161904.00,0.04432002,0.044314,3.6742
SZ000976,2015-04-09,32.8476,32.8843,31.0840,31.8188,21670600,187886912.00,0.03694531,0.036940,3.6742
SZ000976,2015-04-10,31.7453,32.0760,31.3779,31.8555,20232200,175132080.00,0.03449304,0.034488,3.6742
SZ000976,2015-04-13,32.0760,33.4355,31.8555,33.4355,30908300,276865248.00,0.05269428,0.052687,3.6742
SZ000976,2015-04-14,34.7582,34.7582,32.9578,33.3987,33087600,305598112.00,0.05640968,0.056402,3.6742
SZ000976,2015-04-15,33.2517,33.3620,31.8188,31.8555,20435700,180945376.00,0.03483998,0.034835,3.6742
SZ000976,2015-04-16,31.4146,32.8476,31.3779,32.1862,13996400,122185800.00,0.02386188,0.023858,3.6742
SZ000976,2015-04-17,32.2597,32.9578,32.2597,32.4067,16888800,149356768.00,0.02879302,0.028789,3.6742
SZ000976,2015-04-20,32.2597,33.8029,31.5983,32.9946,31707200,284779936.00,0.05405629,0.054049,3.6742
SZ000976,2015-04-21,32.9946,34.6480,32.7741,34.6480,15811300,147480608.00,0.02695603,0.026952,3.6742
SZ000976,2015-04-22,36.3748,36.3748,36.0074,36.3748,13502800,133584640.00,0.02302037,0.023017,3.6742
SZ000976,2015-04-23,38.2120,38.2120,38.2120,38.2120,2434900,25322948.00,0.00415116,0.004151,3.6742
SZ000976,2015-04-24,40.1226,40.1226,38.2120,39.9756,61144600,661778816.00,0.10424290,0.104228,3.6742
SZ000976,2015-04-27,40.0491,41.9597,38.7631,39.1673,33984400,369605216.00,0.05793860,0.057930,3.6742
SZ000976,2015-04-28,39.2407,39.9021,37.2199,37.2199,25351600,261413712.00,0.04322089,0.043215,3.6742
SZ000976,2015-04-29,36.7790,37.8813,36.5586,37.4771,14597700,148433376.00,0.02488702,0.024883,3.6742
SZ000976,2015-04-30,37.4771,39.3510,37.4771,39.3142,27013800,287070528.00,0.04605471,0.046048,3.6742
SZ000976,2015-05-04,39.2407,40.2328,38.5794,38.9101,20830400,223778464.00,0.03551289,0.035508,3.6742
SZ000976,2015-05-05,38.9468,39.4979,36.9627,36.9995,17761200,182550544.00,0.03028034,0.030276,3.6742
SZ000976,2015-05-06,37.1097,37.8445,35.5665,36.1177,15284700,152005840.00,0.02605825,0.026055,3.6742
SZ000976,2015-05-07,36.1911,37.0730,35.7502,36.6688,11953000,118436728.00,0.02037818,0.020375,3.6742
SZ000976,2015-05-08,36.9260,37.5873,36.4116,37.1097,9863500,99328664.00,0.01681587,0.016813,3.6742
SZ000976,2015-05-11,37.2934,38.9836,36.7423,38.6896,21516000,223972672.00,0.03668174,0.036676,3.6742
SZ000976,2015-05-12,38.6896,39.6449,38.5059,39.1673,16976200,180449728.00,0.02894202,0.028938,3.6742
SZ000976,2015-05-13,39.1673,39.2407,37.8813,38.2854,19808600,207641472.00,0.03377086,0.033766,3.6742
SZ000976,2015-05-14,38.3957,40.1960,38.1385,39.9389,29105600,313745504.00,0.04962093,0.049614,3.6742
SZ000976,2015-05-15,40.7472,41.9229,40.2695,41.9229,27808100,313370336.00,0.04740888,0.047402,3.6742
SZ000976,2015-05-18,43.6498,44.0172,42.7680,44.0172,5973800,71042688.00,0.01018448,0.010183,3.6742
SZ000976,2015-05-19,46.2218,46.2218,46.2218,46.2218,803700,10111162.00,0.00137019,0.001370,3.6742
SZ000976,2015-05-20,48.5366,48.5366,48.5366,48.5366,727400,9609218.00,0.00124011,0.001240,3.6742
SZ000976,2015-05-21,48.6468,49.5286,46.1116,46.9566,48542600,625537152.00,0.08275827,0.082746,3.6742
SZ000976,2015-05-22,46.9934,49.3081,46.9934,49.3081,17192300,224491712.00,0.02931044,0.029306,3.6742
SZ000976,2015-05-25,51.7331,51.7699,49.7123,51.7699,41177200,576319040.00,0.07020131,0.070191,3.6742
SZ000976,2015-05-26,51.6229,54.3418,51.2555,54.3418,23125300,336663968.00,0.03942537,0.039420,3.6742
SZ000976,2015-05-27,54.5623,56.9138,52.7252,53.5703,35845600,534119744.00,0.06111168,0.061103,3.6742
SZ000976,2015-05-28,52.1740,54.7460,50.8881,50.8881,35062100,501255488.00,0.05977592,0.059767,3.6742
SZ000976,2015-05-29,49.6021,51.2922,48.3528,49.1612,32907900,442961376.00,0.05610332,0.056095,3.6742
SZ000976,2015-06-01,49.3081,51.4392,49.2347,50.8146,21172400,289078400.00,0.03609595,0.036091,3.6742
SZ000976,2015-06-02,50.7411,51.6229,49.2714,50.1165,22471400,307787264.00,0.03831056,0.038305,3.6742
SZ000976,2015-06-03,50.2634,52.6150,49.4551,52.6150,31588800,444529568.00,0.05385444,0.053847,3.6742
SZ000976,2015-06-04,52.9089,53.9377,49.9695,51.0718,29520900,413633664.00,0.05032896,0.050322,3.6742
SZ000976,2015-06-05,51.1453,52.4680,50.5941,51.8066,24949200,350176032.00,0.04253486,0.042529,3.6742
SZ000976,2015-06-08,51.9903,53.6070,51.8066,52.1006,23985000,342566496.00,0.04089103,0.040885,3.6742
SZ000976,2015-06-09,52.1740,54.7093,51.8434,54.7093,31306600,462173472.00,0.05337333,0.053366,3.6742
SZ000976,2015-06-10,55.0767,57.4282,54.6725,57.4282,19635900,302178688.00,0.03347643,0.033472,3.6742
SZ000976,2015-06-11,59.5225,60.2941,59.5225,60.2941,12129300,198712176.00,0.02067874,0.020676,3.6742
SZ000976,2015-06-12,63.3070,63.3070,62.7191,63.3070,6890000,118694768.00,0.01174648,0.011745,3.6742
SZ000976,2015-06-15,65.6952,65.6952,60.1471,60.1471,41742500,693102336.00,0.07116506,0.071155,3.6742
SZ000976,2015-06-16,58.7877,58.7877,57.1343,57.1343,12344200,192316000.00,0.02104512,0.021042,3.6742
SZ000976,2015-06-17,54.2684,56.8771,54.2684,55.0767,28426900,423224768.00,0.04846385,0.048457,3.6742
SZ000976,2015-06-18,55.1869,57.4649,52.8354,53.4968,20795900,316020384.00,0.03545407,0.035449,3.6742
SZ000976,2015-06-19,52.5415,52.5415,50.8146,50.8146,14229400,197818432.00,0.02425912,0.024256,3.6742
SZ000976,2015-06-23,48.4998,50.2634,48.2794,48.2794,18328800,241575328.00,0.03124801,0.031244,3.6742
SZ000976,2015-06-24,49.2347,49.9695,47.4343,48.5733,20180100,267845568.00,0.03440422,0.034399,3.6742
SZ000976,2015-06-25,49.5653,50.9983,48.3161,50.3369,27593700,375356160.00,0.04704336,0.047037,3.6742
SZ000976,2015-06-26,48.8672,50.4839,47.8385,47.8385,26653400,352933376.00,0.04544028,0.045434,3.6742
SZ000976,2015-06-29,48.2426,48.8672,45.4502,45.4502,12011800,150852736.00,0.02047842,0.020475,3.6742
SZ000976,2015-06-30,43.1722,44.3479,43.1722,43.3191,29914200,352887040.00,0.05099948,0.050992,3.6742
SZ000976,2015-07-01,43.0619,43.0987,41.1513,41.1513,20103400,229243104.00,0.03427346,0.034269,3.6742
SZ000976,2015-07-02,39.0938,39.0938,39.0938,39.0938,1865100,19844664.00,0.00317973,0.003179,3.6742
SZ000976,2015-07-03,37.1464,37.1464,37.1464,37.1464,498600,5040846.00,0.00085004,0.000850,3.6742
SZ000976,2015-07-06,35.6767,38.7631,35.2726,35.2726,10134800,100181264.00,0.01727840,0.017276,3.6742
SZ000976,2015-07-07,33.5089,33.5089,33.5089,33.5089,118800,1083456.00,0.00020254,0.000203,3.6742
SZ000976,2015-07-08,31.8188,31.8188,31.8188,31.8188,56600,490156.00,0.00009649,0.000096,3.6742
SZ000976,2015-07-09,30.2389,33.3987,30.2389,33.0680,61204500,528489984.00,0.10434502,0.104330,3.6742
SZ000976,2015-07-10,31.4146,34.6847,31.4146,34.0968,69767400,638938880.00,0.11894356,0.118927,3.6742
SZ000976,2015-07-13,33.2517,35.2726,32.4067,33.6192,66663600,608772032.00,0.11365202,0.113636,3.6742
SZ000976,2015-07-14,32.8108,34.4642,31.9290,33.6559,52619100,476081408.00,0.08970813,0.089695,3.6742
SZ000976,2015-07-15,32.7006,33.2885,31.9658,31.9658,38754100,340044320.00,0.06607026,0.066061,3.6742
SZ000976,2015-07-16,30.3858,31.9658,30.3858,31.0840,29325800,247639424.00,0.04999634,0.049989,3.6742
SZ000976,2015-07-17,30.8635,32.2597,30.4961,32.1495,33290300,286526880.00,0.05675526,0.056747,3.6742
SZ000976,2015-07-20,32.1495,33.4722,31.5249,33.0313,42862600,378324736.00,0.07307467,0.073064,3.6742
SZ000976,2015-07-21,32.6271,33.9499,32.0025,33.1048,35363500,317377280.00,0.06028977,0.060281,3.6742
SZ000976,2015-07-22,33.0680,34.3540,32.9946,33.7661,39153600,358500960.00,0.06675135,0.066742,3.6742
SZ000976,2015-07-23,33.9131,35.4563,33.5089,35.4563,44523700,418576640.00,0.07590662,0.075896,3.6742
SZ000976,2015-07-24,36.9260,37.2199,34.0968,34.3908,53324200,527716608.00,0.09091022,0.090897,3.6742
SZ000976,2015-07-27,33.0680,33.6559,32.6639,32.6639,26631200,238736576.00,0.04540243,0.045396,3.6742
SZ000976,2015-07-28,31.0472,32.1862,31.0472,31.4881,50816900,431931584.00,0.08663563,0.086623,3.6742
SZ000976,2015-07-29,32.0025,32.5169,31.0840,32.2597,23731900,204815920.00,0.04045954,0.040454,3.6742
SZ000976,2015-07-30,32.1495,33.5824,31.6351,31.8188,27073200,240370624.00,0.04615598,0.046149,3.6742
SZ000976,2015-07-31,31.1942,32.4802,31.0472,31.3411,15827100,136722608.00,0.02698297,0.026979,3.6742
SZ000976,2015-08-03,31.2309,31.3411,29.7612,30.0552,28118400,230928736.00,0.04793790,0.047931,3.6742
SZ000976,2015-08-04,30.1287,31.5249,29.7980,31.3779,19801300,164757264.00,0.03375842,0.033754,3.6742
SZ000976,2015-08-05,31.2309,31.6718,30.8635,30.9370,14946000,126920824.00,0.02548082,0.025477,3.6742
SZ000976,2015-08-06,30.1287,31.2309,29.9817,30.7165,10539600,88118464.00,0.01796853,0.017966,3.6742
SZ000976,2015-08-07,30.8635,31.7821,30.8268,31.4146,17592400,149674864.00,0.02999256,0.029988,3.6742
SZ000976,2015-08-10,31.5983,32.6271,31.3411,32.3332,36999600,323425216.00,0.06307909,0.063070,3.6742
SZ000976,2015-08-11,32.4434,32.9946,32.1495,32.8476,27594200,244689472.00,0.04704421,0.047037,3.6742
SZ000976,2015-08-12,32.7006,33.5457,32.4067,33.1415,28057400,252530064.00,0.04783390,0.047827,3.6742
SZ000976,2015-08-13,32.6639,33.7294,32.5904,33.6192,22169600,200827776.00,0.03779603,0.037791,3.6742
SZ000976,2015-08-14,33.8029,33.9131,33.1415,33.4355,21435000,195419328.00,0.03654365,0.036538,3.6742
SZ000976,2015-08-17,33.3987,33.5824,32.7374,33.3987,17124500,154749408.00,0.02919485,0.029191,3.6742
SZ000976,2015-08-18,33.3987,33.5824,31.7453,31.7453,24150900,213804512.00,0.04117387,0.041168,3.6742
SZ000976,2015-08-19,31.9658,33.3252,31.4146,33.2517,35095200,313921248.00,0.05983236,0.059824,3.6742
SZ000976,2015-08-20,32.8108,33.1415,31.5983,31.6718,18485400,163302032.00,0.03151499,0.031510,3.6742
SZ000976,2015-08-21,31.2677,31.3779,30.0919,30.0919,17928500,148359744.00,0.03056556,0.030561,3.6742
SZ000976,2015-08-24,28.5855,28.9162,28.5855,28.5855,3363600,26189040.00,0.00573445,0.005734,3.6742
SZ000976,2015-08-25,27.1525,27.1525,27.1525,27.1525,844400,6240116.00,0.00143958,0.001439,3.6742
SZ000976,2015-08-26,25.7931,26.4544,25.7931,25.7931,20944400,147504800.00,0.03570718,0.035702,3.6742
SZ000976,2015-08-27,24.6173,25.6828,24.5071,25.6461,26130600,177961568.00,0.04454890,0.044543,3.6742
SZ000976,2015-08-28,25.8298,26.5646,25.3522,26.5279,26053000,184414064.00,0.04441661,0.044410,3.6742
SZ000976,2015-08-31,26.1237,26.4177,25.7563,26.4177,16203100,115059464.00,0.02762395,0.027620,3.6742
SZ000976,2015-09-01,26.9688,26.9688,25.6093,25.7563,15724700,111802520.00,0.02680835,0.026805,3.6742
SZ000976,2015-09-02,24.5438,25.6461,24.4703,24.5071,14400300,96700992.00,0.02455043,0.024547,3.6742
SZ000976,2015-09-07,24.6173,25.0950,24.2866,24.3969,8634200,58119144.00,0.01472007,0.014718,3.6742
SZ000976,2015-09-08,24.3601,24.9847,23.5150,24.7643,10636800,70369320.00,0.01813421,0.018132,3.6742
SZ000976,2015-09-09,24.9112,25.3154,24.4336,25.3154,22703500,154499024.00,0.03870619,0.038701,3.6742
SZ000976,2015-09-10,25.0215,25.1684,24.6540,24.7275,12034300,81624080.00,0.02051675,0.020514,3.6742
SZ000976,2015-09-11,24.6173,25.9768,24.6173,25.9768,15537900,107396872.00,0.02648988,0.026486,3.6742
SZ000976,2015-09-14,26.6381,26.7484,24.6908,24.6908,17567500,122464784.00,0.02995005,0.029946,3.6742
SZ000976,2015-09-15,23.4416,23.7355,23.4416,23.4416,9033500,57777360.00,0.01540081,0.015399,3.6742
SZ000976,2015-09-16,22.8904,24.6173,22.2658,24.0294,19395800,122766624.00,0.03306704,0.033062,3.6742
SZ000976,2015-09-17,23.8457,24.3601,23.0741,23.0741,19046900,123149072.00,0.03247222,0.032468,3.6742
SZ000976,2015-09-18,23.1109,23.6253,22.9639,23.3313,8623000,54542340.00,0.01470097,0.014699,3.6742
SZ000976,2015-09-21,23.0006,23.7722,22.7802,23.6987,8298000,53103552.00,0.01414689,0.014145,3.6742
SZ000976,2015-09-22,23.8825,24.1764,23.5150,23.8090,12483500,81100856.00,0.02128257,0.021280,3.6742
SZ000976,2015-09-23,23.5150,23.9559,23.3681,23.6987,7239300,46733508.00,0.01234196,0.012340,3.6742
SZ000976,2015-09-24,23.7355,24.2131,23.6987,24.1764,8362500,54694464.00,0.01425686,0.014255,3.6742
SZ000976,2015-09-25,24.1029,24.5438,23.4048,23.4783,8641700,56596184.00,0.01473285,0.014731,3.6742
SZ000976,2015-09-28,23.3313,23.5885,23.0741,23.4783,4526900,28793438.00,0.00771771,0.007717,3.6742
SZ000976,2015-09-29,23.0741,23.4048,22.8169,22.8169,5733600,36032212.00,0.00977496,0.009774,3.6742
SZ000976,2015-09-30,22.8169,23.2946,22.7802,22.8537,4499300,28146192.00,0.00767066,0.007670,3.6742
SZ000976,2015-10-08,23.4048,23.5150,22.9272,23.2578,10990200,69453400.00,0.01873671,0.018734,3.6742
SZ000976,2015-10-09,23.1844,23.4416,23.1109,23.3681,8510900,53904680.00,0.01450986,0.014508,3.6742
SZ000976,2015-10-12,23.7355,24.5438,23.5150,24.5438,40675300,268787136.00,0.06934552,0.069336,3.6742
SZ000976,2015-10-13,24.6173,25.3154,24.4703,25.0215,24152700,163675328.00,0.04117687,0.041171,3.6742
SZ000976,2015-10-14,25.0582,25.3889,24.6173,24.7275,18430500,125055168.00,0.03142134,0.031417,3.6742
SZ000976,2015-10-15,24.5806,25.5726,24.5806,25.4991,20645100,141934224.00,0.03519692,0.035192,3.6742
SZ000976,2015-10-16,25.6093,26.7851,25.2052,26.7851,22592100,158693488.00,0.03851627,0.038511,3.6742
SZ000976,2015-10-19,27.2628,27.5199,25.7563,26.1237,23981100,174512560.00,0.04088432,0.040879,3.6742
SZ000976,2015-10-20,26.1605,26.6381,26.0503,26.5646,12437800,89281984.00,0.02120465,0.021202,3.6742
SZ000976,2015-10-21,26.4912,26.8218,25.2419,25.2419,16145400,114086912.00,0.02752558,0.027522,3.6742
SZ000976,2015-10-22,24.8010,25.3522,23.9927,25.1684,19315300,129846344.00,0.03292980,0.032925,3.6742
SZ000976,2015-10-23,25.1317,26.4177,24.6173,26.2340,18804100,130206504.00,0.03205828,0.032054,3.6742
SZ000976,2015-10-26,26.6749,27.5567,25.8665,27.5567,19868300,145010000.00,0.03387259,0.033868,3.6742
SZ000976,2015-10-27,27.7404,28.9529,27.6302,28.8059,38951300,303221920.00,0.06640635,0.066397,3.6742
SZ000976,2015-10-28,28.6590,29.9449,28.2915,29.2468,28140900,223295040.00,0.04797618,0.047969,3.6742
SZ000976,2015-10-29,29.4673,30.0184,28.5487,29.7612,19637200,156621744.00,0.03347859,0.033474,3.6742
SZ000976,2015-10-30,29.7612,31.2677,29.4305,30.6063,21402100,178519872.00,0.03648749,0.036482,3.6742
SZ000976,2015-11-02,29.4305,31.7821,29.2836,30.6430,16352200,136046144.00,0.02787814,0.027874,3.6742
SZ000976,2015-11-03,30.8268,31.3411,29.4673,29.6143,14171800,116218568.00,0.02416087,0.024157,3.6742
SZ000976,2015-11-04,29.7612,30.9737,29.6877,30.8635,16199600,133530400.00,0.02761798,0.027614,3.6742
SZ000976,2015-11-05,30.6798,31.2309,30.2021,30.3124,12757900,106211880.00,0.02175038,0.021747,3.6742
SZ000976,2015-11-06,30.3124,31.8188,30.2021,31.8188,17430700,148638992.00,0.02971683,0.029713,3.6742
SZ000976,2015-11-09,31.8188,33.3987,31.5249,33.3620,23481400,209269008.00,0.04003240,0.040027,3.6742
SZ000976,2015-11-10,33.2517,34.9786,32.9946,34.0233,20424800,188942496.00,0.03482134,0.034816,3.6742
SZ000976,2015-11-11,33.8029,35.7135,33.4722,35.7135,22964900,216992976.00,0.03915184,0.039146,3.6742
SZ000976,2015-11-12,37.5139,37.5139,35.3093,36.1911,47402400,473633088.00,0.08081425,0.080803,3.6742
SZ000976,2015-11-13,36.3748,36.4116,34.3908,34.4275,27489200,261158432.00,0.04686512,0.046859,3.6742
SZ000976,2015-11-16,33.4355,34.8317,32.9946,34.5377,14300000,132096424.00,0.02437944,0.024376,3.6742
SZ000976,2015-11-17,34.8317,35.5298,34.4275,34.5745,17856400,168971216.00,0.03044259,0.030438,3.6742
SZ000976,2015-11-18,34.6112,35.3461,34.2438,34.4275,11027900,104481864.00,0.01880098,0.018798,3.6742
SZ000976,2015-11-19,34.4642,34.9052,34.1703,34.9052,9997000,93867376.00,0.01704344,0.017041,3.6742
SZ000976,2015-11-20,34.9419,35.6400,34.6480,35.2726,12812600,123076400.00,0.02184363,0.021841,3.6742
SZ000976,2015-11-23,35.2726,35.3093,33.5089,33.5089,19322500,179753296.00,0.03294208,0.032937,3.6742
SZ000976,2015-11-24,33.0680,33.1048,32.0025,32.7374,16197400,143437968.00,0.02761423,0.027610,3.6742
SZ000976,2015-11-25,32.7374,33.4355,32.3332,33.2885,10815800,97427848.00,0.01843938,0.018437,3.6742
SZ000976,2015-11-26,33.3252,34.4642,32.8843,34.4642,11885200,108012544.00,0.02026255,0.020260,3.6742
SZ000976,2015-11-27,34.4642,36.1911,33.7294,34.8317,30514900,293755040.00,0.05202350,0.052016,3.6742
SZ000976,2015-11-30,34.8317,35.6033,33.1048,34.3540,17365000,160119968.00,0.02960482,0.029601,3.6742
SZ000976,2015-12-01,34.3540,35.1991,34.0233,34.5377,10200800,96171376.00,0.01739089,0.017388,3.6742
SZ000976,2015-12-02,34.6112,34.9052,33.1048,33.7294,8011800,74221744.00,0.01365896,0.013657,3.6742
SZ000976,2015-12-03,33.9866,34.7214,33.7661,34.5745,6508900,60953296.00,0.01109674,0.011095,3.6742
SZ000976,2015-12-04,34.5010,35.2726,34.3173,35.2726,12201400,115996224.00,0.02080163,0.020799,3.6742
SZ000976,2015-12-07,35.9339,37.0362,34.9052,35.0889,19201100,188249760.00,0.03273511,0.032730,3.6742
SZ000976,2015-12-08,34.9052,36.7055,34.7582,36.2646,19008600,184755424.00,0.03240692,0.032402,3.6742
SZ000976,2015-12-09,36.2646,38.0650,35.8972,38.0650,24786900,250361744.00,0.04225809,0.042252,3.6742
SZ000976,2015-12-10,38.2487,39.9756,38.1385,39.9756,27112300,289065984.00,0.04622256,0.046216,3.6742
SZ000976,2015-12-11,40.6002,40.8942,37.9915,37.9915,31848100,341027552.00,0.05429642,0.054289,3.6742
SZ000976,2015-12-14,37.1832,37.6976,36.3014,37.3669,15180800,152993776.00,0.02588107,0.025877,3.6742
SZ000976,2015-12-15,37.2934,38.9101,37.2934,38.4324,9830200,102558880.00,0.01675907,0.016757,3.6742
SZ000976,2015-12-16,38.3957,38.9468,37.7343,37.8445,11204400,116526352.00,0.01910189,0.019099,3.6742
SZ000976,2015-12-17,37.9180,38.5059,37.7343,38.2854,11939300,123781440.00,0.02035478,0.020352,3.6742
SZ000976,2015-12-18,38.1385,38.9468,38.1385,38.4692,9394700,98497272.00,0.01601661,0.016014,3.6742
SZ000976,2015-12-21,38.3589,40.1593,38.2487,39.9021,13696600,145275376.00,0.02335073,0.023347,3.6742
SZ000976,2015-12-22,40.4165,41.8862,39.7551,41.8862,21306700,237184304.00,0.03632485,0.036320,3.6742
SZ000976,2015-12-23,42.2536,42.2536,40.0491,40.4900,19451300,218450832.00,0.03316166,0.033157,3.6742
SZ000976,2015-12-24,40.2328,40.3798,38.9468,39.7551,12190000,131358200.00,0.02078219,0.020779,3.6742
SZ000976,2015-12-25,39.7919,41.7392,39.6817,41.7392,16643100,185967952.00,0.02837408,0.028370,3.6742
SZ000976,2015-12-28,41.7392,43.3559,41.0044,41.0044,26885200,307649856.00,0.04583539,0.045829,3.6742
SZ000976,2015-12-29,40.4165,41.8862,40.2695,40.9309,12653800,141772256.00,0.02157290,0.021570,3.6742
SZ000976,2015-12-30,41.3351,41.8127,41.0044,41.3718,10022200,112926776.00,0.01708641,0.017084,3.6742
SZ000976,2015-12-31,41.3718,41.8862,40.4532,40.7104,10476900,117594760.00,0.01786160,0.017859,3.6742
SZ000976,2016-01-04,42.3638,42.3638,38.6896,38.7631,18801800,207876704.00,0.03205436,0.032050,3.6742
SZ000976,2016-01-05,36.8158,38.4692,36.8158,36.8158,20605200,209463504.00,0.03512889,0.035124,3.6742
SZ000976,2016-01-06,37.2934,38.6529,37.1097,38.6161,16373300,168677552.00,0.02791411,0.027910,3.6742
SZ000976,2016-01-07,38.2120,38.2854,36.6688,36.6688,4216400,42685508.00,0.00718835,0.007187,3.6742
SZ000976,2016-01-08,36.7055,37.4036,34.8317,35.0154,20035900,193556528.00,0.03415832,0.034153,3.6742
SZ000976,2016-01-11,34.7214,34.7214,33.2517,33.2517,8147000,74293752.00,0.01388946,0.013888,3.6742
SZ000976,2016-01-12,31.9658,32.5536,31.5983,31.6718,15080100,130179304.00,0.02570940,0.025706,3.6742
SZ000976,2016-01-13,31.6351,32.0393,30.0919,30.0919,9810800,82556064.00,0.01672600,0.016724,3.6742
SZ000976,2016-01-14,28.5855,30.2756,28.5855,29.3203,14548800,114906440.00,0.02480361,0.024800,3.6742
SZ000976,2016-01-15,29.3571,30.5696,27.8506,28.0343,11826000,93748720.00,0.02016162,0.020159,3.6742
SZ000976,2016-01-18,27.6302,29.0264,26.7116,28.5120,10010200,75880640.00,0.01706595,0.017064,3.6742
SZ000976,2016-01-19,28.3283,29.9449,28.2915,29.9449,8635300,69144568.00,0.01472194,0.014720,3.6742
SZ000976,2016-01-20,30.4961,31.4514,30.1654,31.3779,18040700,153049344.00,0.03075679,0.030752,3.6742
SZ000976,2016-01-21,30.9002,32.8108,30.4226,30.4226,14386600,123566032.00,0.02452708,0.024524,3.6742
SZ000976,2016-01-22,30.8635,31.9290,30.2021,31.9290,11707700,99607168.00,0.01995994,0.019957,3.6742
SZ000976,2016-01-25,32.6271,33.3252,32.1127,32.8476,10682300,95352776.00,0.01821178,0.018209,3.6742
SZ000976,2016-01-26,32.8476,32.8476,31.1942,31.1942,8836000,76406528.00,0.01506411,0.015062,3.6742
SZ000976,2016-01-27,31.0472,31.0472,29.6510,29.6877,10649800,86289184.00,0.01815637,0.018154,3.6742
SZ000976,2016-01-28,29.3571,30.2756,28.2181,28.2181,8334700,66200300.00,0.01420946,0.014207,3.6742
SZ000976,2016-01-29,28.9896,29.6143,27.5199,29.6143,8979500,70372560.00,0.01530875,0.015307,3.6742
SZ000976,2016-02-01,29.6510,30.6063,29.2836,30.5328,8965100,72803864.00,0.01528454,0.015282,3.6742
SZ000976,2016-02-02,30.2389,31.8555,29.9449,31.1942,7768700,65925320.00,0.01324481,0.013243,3.6742
SZ000976,2016-02-03,31.5616,32.7374,31.2309,32.7374,13125200,115094320.00,0.02237707,0.008225,3.6742
SZ000976,2016-02-04,33.6192,33.9499,31.0840,32.7741,12551100,112868080.00,0.02139829,0.007866,3.6742
SZ000976,2016-02-05,33.3620,34.4275,33.1415,34.4275,13501500,126309568.00,0.02301862,0.008461,3.6742
SZ000976,2016-02-15,33.2517,34.4275,32.7006,34.2070,14760000,133031872.00,0.02516423,0.009250,3.6742
SZ000976,2016-02-16,33.8764,35.9339,33.8764,35.9339,12438000,119380856.00,0.02120547,0.007795,3.6742
SZ000976,2016-02-17,36.2279,37.0730,35.3461,36.8525,15340200,151609296.00,0.02615341,0.009614,3.6742
SZ000976,2016-02-18,35.6033,36.6688,35.0154,35.0154,27358900,264241344.00,0.04664402,0.017146,3.6742
SZ000976,2016-02-19,34.6480,36.7790,33.7294,36.7790,19624000,189079792.00,0.03345683,0.012298,3.6742
SZ000976,2016-02-22,37.1464,38.6161,36.4851,38.2854,20461300,210357696.00,0.03488434,0.012823,3.6742
SZ000976,2016-02-23,37.8445,38.7998,36.9260,38.4692,19704600,203739200.00,0.03359425,0.012349,3.6742
SZ000976,2016-02-25,37.1097,37.1097,34.6112,34.6112,24640100,236762720.00,0.04200875,0.015442,3.6742
SZ000976,2016-02-26,32.6639,35.5665,31.1574,32.5536,25146200,225876112.00,0.04287160,0.015759,3.6742
SZ000976,2016-02-29,31.5616,31.8923,29.2836,29.2836,15596300,126528064.00,0.02659003,0.009774,3.6742
SZ000976,2016-03-01,29.3203,29.7612,28.1813,29.4305,11509400,91296864.00,0.01962230,0.007213,3.6742
SZ000976,2016-03-02,29.0999,30.7900,29.0999,30.3858,10806700,88387296.00,0.01842427,0.006772,3.6742
SZ000976,2016-03-03,30.4593,31.1574,29.7612,30.2756,15359500,126984720.00,0.02618631,0.009626,3.6742
SZ000976,2016-03-04,29.8715,30.5328,27.2628,27.9609,14669700,115662552.00,0.02501028,0.009193,3.6742
SZ000976,2016-03-07,27.5199,29.9082,27.5199,29.0264,9486700,74862504.00,0.01617381,0.005945,3.6742
SZ000976,2016-03-08,29.2836,29.2836,27.7404,28.8427,8784900,67968480.00,0.01497732,0.005505,3.6742
SZ000976,2016-03-09,28.4752,29.2101,27.9976,28.5487,6248500,48921784.00,0.01065303,0.003916,3.6742
SZ000976,2016-03-10,28.6590,28.8427,27.8506,27.9609,6048100,46656236.00,0.01031137,0.003790,3.6742
SZ000976,2016-03-11,28.1446,29.3203,27.5567,28.5855,7225900,56238340.00,0.01231939,0.004528,3.6742
SZ000976,2016-03-14,28.6222,29.6510,28.6222,29.1366,10507200,83961296.00,0.01791366,0.006585,3.6742
SZ000976,2016-03-15,29.0631,29.4305,28.5855,28.6957,5565900,43826992.00,0.00948927,0.003488,3.6742
SZ000976,2016-03-16,28.8427,28.9529,27.9241,28.1446,4671200,36177896.00,0.00796390,0.002927,3.6742
SZ000976,2016-03-17,28.4752,29.2101,28.1078,28.8427,7435500,58077720.00,0.01267674,0.004660,3.6742
SZ000976,2016-03-18,28.9529,30.3858,28.8794,30.0919,14443500,117708744.00,0.02462463,0.009052,3.6742
SZ000976,2016-03-21,30.7900,30.7900,30.0552,30.6798,13102900,108357632.00,0.02233905,0.008211,3.6742
SZ000976,2016-03-22,30.4961,30.4961,30.1287,30.2021,7756600,63901648.00,0.01322418,0.004861,3.6742
SZ000976,2016-03-23,30.0552,33.2150,29.8347,33.2150,16086600,138187280.00,0.02742594,0.010081,3.6742
SZ000976,2016-03-24,33.2150,34.1703,31.8923,32.5904,21016900,189719360.00,0.03583158,0.013171,3.6742
SZ000976,2016-03-25,32.5536,32.8843,31.3411,31.6351,9943300,86494488.00,0.01695227,0.006231,3.6742
SZ000976,2016-03-28,31.8923,33.5457,31.8923,32.4434,11230400,99690320.00,0.01914664,0.007038,3.6742
SZ000976,2016-03-29,32.2597,32.6271,31.1942,31.9290,7524900,65637232.00,0.01282915,0.004716,3.6742
SZ000976,2016-03-30,31.9290,32.7741,31.9290,32.5169,7603300,67285912.00,0.01296282,0.004765,3.6742
SZ000976,2016-03-31,32.7006,33.0680,32.3699,32.5169,8418000,74793592.00,0.01435179,0.005276,3.6742
SZ000976,2016-04-01,32.3332,33.2517,31.9290,32.8843,9707400,86147760.00,0.01655008,0.006084,3.6742
SZ000976,2016-04-05,32.9211,33.6192,32.9211,33.2885,7515100,68257048.00,0.01281245,0.004710,3.6742
SZ000976,2016-04-06,32.9211,33.5457,32.7006,33.1783,7254300,65288220.00,0.01236781,0.004546,3.6742
SZ000976,2016-04-07,33.3620,33.6559,32.1495,32.1495,8569200,76338456.00,0.01460957,0.005370,3.6742
SZ000976,2016-04-08,32.0760,32.6639,31.8188,32.2597,5665400,49734424.00,0.00965890,0.003550,3.6742
SZ000976,2016-04-11,32.3699,33.2885,32.3332,32.9211,9912200,88461480.00,0.01689925,0.006212,3.6742
SZ000976,2016-04-12,32.7006,36.2279,32.5904,36.0809,26961200,255022352.00,0.04596598,0.016896,3.6742
SZ000976,2016-04-13,35.8237,36.5953,35.0889,35.5665,17688400,172837264.00,0.03015684,0.011085,3.6742
SZ000976,2016-04-14,35.6033,37.4404,35.3828,36.1177,15595900,154777664.00,0.02658935,0.009774,3.6742
SZ000976,2016-04-15,35.8237,35.8605,34.4642,34.6847,13556900,129102984.00,0.02311307,0.008496,3.6742
SZ000976,2016-04-18,34.6112,36.3381,34.1703,35.7135,13171400,127873088.00,0.02245584,0.008254,3.6742
SZ000976,2016-04-19,35.4563,36.0074,34.7214,35.5298,6705400,64708984.00,0.01143199,0.004202,3.6742
SZ000976,2016-04-20,35.7135,36.3014,32.1495,32.6639,16478900,153066928.00,0.02809477,0.010327,3.6742
SZ000976,2016-04-21,32.7374,34.3540,31.8923,33.1048,12899900,116384144.00,0.02199296,0.008084,3.6742
SZ000976,2016-04-22,32.3699,32.9211,31.6718,32.1862,10595800,93020952.00,0.01806471,0.006640,3.6742
SZ000976,2016-04-25,32.1862,32.1862,30.7900,31.3044,5573200,47552776.00,0.00950171,0.003493,3.6742
SZ000976,2016-04-26,31.3779,31.9290,31.1207,31.9290,5191900,44535140.00,0.00885164,0.003254,3.6742
SZ000976,2016-04-27,32.0025,32.9211,31.8555,31.8923,7077500,62424172.00,0.01206639,0.004435,3.6742
SZ000976,2016-04-28,31.5983,32.1495,30.6430,31.4146,6620200,56399352.00,0.01128674,0.004149,3.6742
SZ000976,2016-04-29,31.3411,31.9658,31.0472,31.5616,4614900,39690940.00,0.00786791,0.002892,3.6742
SZ000976,2016-05-03,31.5616,32.8843,31.4881,32.4802,6994000,61818516.00,0.01192403,0.004383,3.6742
SZ000976,2016-05-04,32.3332,33.1783,32.2597,32.5904,5702300,50894052.00,0.00972182,0.003574,3.6742
SZ000976,2016-05-05,32.5904,32.8108,32.4434,32.6271,3362000,29852044.00,0.00573185,0.002107,3.6742
SZ000976,2016-05-06,32.7741,33.2517,31.4146,31.8188,6865100,60286040.00,0.01170427,0.004302,3.6742
SZ000976,2016-05-09,31.5249,32.1127,30.6430,30.8635,7408700,63155484.00,0.01263105,0.004643,3.6742
SZ000976,2016-05-10,30.7900,31.4146,30.6798,30.7165,3904700,32884744.00,0.00665710,0.002447,3.6742
SZ000976,2016-05-11,30.9370,31.5616,30.4226,30.5328,2611800,21956692.00,0.00445284,0.001637,3.6742
SZ000976,2016-05-12,30.5696,30.5696,29.5408,30.0184,4863700,39695876.00,0.00829209,0.003048,3.6742
SZ000976,2016-05-13,30.0184,31.2309,29.9449,30.0552,3368000,27852780.00,0.00574208,0.002111,3.6742
SZ000976,2016-05-16,30.1287,30.6430,29.9449,30.5328,2276600,18746548.00,0.00388136,0.001427,3.6742
SZ000976,2016-05-17,30.6798,30.7165,30.2021,30.3858,3983200,32949472.00,0.00679093,0.002496,3.6742
SZ000976,2016-05-18,30.1287,30.3858,29.6877,29.7612,4220200,34380604.00,0.00719499,0.002645,3.6742
SZ000976,2016-05-19,30.0552,30.4961,29.8347,30.2389,3302600,27204952.00,0.00563058,0.002070,3.6742
SZ000976,2016-05-20,30.2389,30.8635,29.7980,30.3858,3226200,26734814.00,0.00550033,0.002022,3.6742
SZ000976,2016-05-23,30.3491,31.0105,30.3491,30.6798,2994400,25035534.00,0.00510513,0.001877,3.6742
SZ000976,2016-05-24,30.6063,30.6798,30.2389,30.4961,2459400,20355196.00,0.00419302,0.001541,3.6742
SZ000976,2016-05-25,30.7165,30.8635,30.2389,30.3124,2578000,21371366.00,0.00439522,0.001616,3.6742
SZ000976,2016-05-26,30.2389,30.4961,29.5040,30.1654,2901800,23594138.00,0.00494726,0.001819,3.6742
SZ000976,2016-05-27,29.9449,30.3491,29.9449,29.9817,2269700,18623266.00,0.00386960,0.001422,3.6742
SZ000976,2016-05-30,30.0552,30.4226,29.7980,30.0184,1961900,16086281.00,0.00334483,0.001230,3.6742
SZ000976,2016-05-31,30.0184,31.3044,30.0184,31.1942,5375700,45084148.00,0.00916500,0.003369,3.6742
SZ000976,2016-06-01,31.2309,31.3044,30.9370,31.1207,3523700,29825726.00,0.00600753,0.002208,3.6742
SZ000976,2016-06-02,31.1207,31.4514,30.8635,31.0840,2822200,23850740.00,0.00481155,0.001769,3.6742
SZ000976,2016-06-03,31.1207,31.3779,30.9002,31.1574,3307500,28029720.00,0.00563894,0.002073,3.6742
SZ000976,2016-06-06,31.2309,32.8843,31.2309,32.1495,8820600,77324320.00,0.01503819,0.005528,3.6742
SZ000976,2016-06-07,31.9658,32.1127,31.4146,31.5983,4447900,38387408.00,0.00758320,0.002787,3.6742
SZ000976,2016-06-08,31.5983,31.7086,30.8635,31.2309,4084300,34707184.00,0.00696330,0.002560,3.6742
SZ000976,2016-06-13,31.0840,31.0840,29.2101,29.3938,5442100,44873208.00,0.00927820,0.003411,3.6742
SZ000976,2016-06-14,29.4673,30.3491,29.3938,30.3491,3690400,29895184.00,0.00629174,0.002313,3.6742
SZ000976,2016-06-15,30.0919,31.4146,29.7612,30.9002,5464200,45854840.00,0.00931588,0.003424,3.6742
SZ000976,2016-06-16,31.0840,31.3779,30.4226,30.4593,4470600,37403872.00,0.00762190,0.002802,3.6742
SZ000976,2016-06-17,30.3858,30.9370,30.3491,30.4226,3454600,28763322.00,0.00588973,0.002165,3.6742
SZ000976,2016-06-20,30.3124,30.3124,29.7245,29.8347,3944600,32120040.00,0.00672512,0.002472,3.6742
SZ000976,2016-06-21,30.0184,30.3124,29.4673,29.6877,3726700,30300812.00,0.00635363,0.002336,3.6742
SZ000976,2016-06-22,29.6877,30.0552,29.5040,29.9449,3141500,25481952.00,0.00535592,0.001969,3.6742
SZ000976,2016-06-23,29.9449,31.2309,29.7612,30.6063,4915000,40776040.00,0.00837955,0.003080,3.6742
SZ000976,2016-06-24,30.6798,31.6351,29.5040,31.3779,8797400,73584608.00,0.01499863,0.005513,3.6742
SZ000976,2016-06-27,31.0840,34.5010,30.9370,34.3540,12049200,107531896.00,0.02054260,0.007551,3.6742
SZ000976,2016-06-28,33.6192,35.6400,33.1048,34.4275,20809800,194454016.00,0.03547850,0.013041,3.6742
SZ000976,2016-06-29,33.9866,34.2438,33.0680,33.3987,9677400,88409160.00,0.01649894,0.006065,3.6742
SZ000976,2016-06-30,33.4355,33.8029,32.8108,32.9211,6004900,54108120.00,0.01023772,0.003763,3.6742
SZ000976,2016-07-01,32.8476,33.5824,32.3332,33.0680,4833100,43735536.00,0.00823992,0.003029,3.6742
SZ000976,2016-07-04,32.8108,33.4355,32.5536,33.2150,4579500,41349076.00,0.00780756,0.002870,3.6742
SZ000976,2016-07-05,33.1415,34.4275,33.1048,33.3987,8332700,76732784.00,0.01420637,0.005222,3.6742
SZ000976,2016-07-06,33.4355,33.6192,33.0313,33.0680,4639000,41926648.00,0.00790900,0.002907,3.6742
SZ000976,2016-07-07,33.1048,33.1048,32.0760,32.8108,6187900,55024528.00,0.01054971,0.003878,3.6742
SZ000976,2016-07-08,32.8108,33.0313,32.5169,32.6271,2797800,25006008.00,0.00476995,0.001753,3.6742
SZ000976,2016-07-11,32.6639,32.9946,32.3332,32.3332,4044900,35963048.00,0.00689612,0.002535,3.6742
SZ000976,2016-07-12,32.4067,32.8476,32.1862,32.7006,4680700,41420256.00,0.00798010,0.002933,3.6742
SZ000976,2016-07-13,32.7374,33.0313,32.5169,32.8843,6308600,56244264.00,0.01075549,0.003954,3.6742
SZ000976,2016-07-14,33.3252,34.0233,33.1783,33.5089,8506300,77779464.00,0.01450234,0.005331,3.6742
SZ000976,2016-07-15,33.2885,33.5089,32.6271,32.7374,4756400,42722812.00,0.00810916,0.002981,3.6742
SZ000976,2016-07-18,32.9578,33.8396,32.1862,33.7661,8927800,80771624.00,0.01522095,0.005595,3.6742
SZ000976,2016-07-19,33.8029,34.4642,33.5457,33.7294,10554500,97899544.00,0.01799430,0.006614,3.6742
SZ000976,2016-07-20,33.8029,33.9499,33.2517,33.8029,6775700,61954112.00,0.01155185,0.004246,3.6742
SZ000976,2016-07-21,33.8396,34.3908,33.3620,33.7661,7956500,73576912.00,0.01356499,0.004986,3.6742
SZ000976,2016-07-22,33.5824,34.1336,33.2150,33.6927,4772100,43574408.00,0.00813592,0.002991,3.6742
SZ000976,2016-07-25,33.6559,33.8764,33.2517,33.7294,3649700,33368132.00,0.00622235,0.002287,3.6742
SZ000976,2016-07-26,33.8029,33.8029,33.2517,33.6192,4075100,37114048.00,0.00694761,0.002554,3.6742
SZ000976,2016-07-27,33.6192,33.6927,31.4514,31.9290,7538500,66826312.00,0.01285234,0.004724,3.6742
SZ000976,2016-07-28,31.8923,32.3332,30.8268,30.8268,6969900,59621740.00,0.01188294,0.004368,3.6742
SZ000976,2016-07-29,30.9002,31.6718,30.8635,31.1574,4595800,39076984.00,0.00783535,0.002880,3.6742
SZ000976,2016-08-01,31.0472,31.2309,29.5775,30.1287,6921000,56629592.00,0.01179957,0.004337,3.6742
SZ000976,2016-08-02,30.1287,30.4593,29.8715,30.2389,2380400,19562744.00,0.00405833,0.001492,3.6742
SZ000976,2016-08-03,30.2021,30.2021,29.5775,29.9449,4413100,35873832.00,0.00752387,0.002766,3.6742
SZ000976,2016-08-04,30.0184,30.3124,29.8715,30.2021,2808700,23012468.00,0.00478853,0.001760,3.6742
SZ000976,2016-08-05,30.1654,30.8268,29.9817,30.1287,3630800,30059900.00,0.00619013,0.002275,3.6742
SZ000976,2016-08-08,29.9817,30.4593,29.9817,30.4226,2222100,18341564.00,0.00378844,0.001393,3.6742
SZ000976,2016-08-09,30.4593,31.2309,30.2021,31.0105,4300400,35867768.00,0.00733172,0.002695,3.6742
SZ000976,2016-08-10,31.0105,31.5249,30.7533,31.2309,3659300,30950892.00,0.00623872,0.002293,3.6742
SZ000976,2016-08-11,30.9737,31.2309,30.5328,30.6430,3601500,30255972.00,0.00614017,0.002257,3.6742
SZ000976,2016-08-12,30.6798,30.9370,30.4961,30.9002,2360500,19736520.00,0.00402440,0.001479,3.6742
SZ000976,2016-08-15,30.8268,31.4514,30.6430,31.1574,5314600,44982320.00,0.00906083,0.003331,3.6742
SZ000976,2016-08-16,31.0472,31.3411,30.8268,31.1942,4279700,36201628.00,0.00729643,0.002682,3.6742
SZ000976,2016-08-17,31.1574,31.1574,30.7900,30.9737,3369100,28369070.00,0.00574396,0.002111,3.6742
SZ000976,2016-08-18,31.0840,31.0840,30.7900,30.9002,3836400,32275364.00,0.00654065,0.002404,3.6742
SZ000976,2016-08-19,30.9002,31.0105,30.6430,30.8268,2923300,24530156.00,0.00498392,0.001832,3.6742
SZ000976,2016-08-22,31.0840,31.0840,30.7165,30.7165,4163500,34997804.00,0.00709881,0.002609,3.6742
SZ000976,2016-08-23,30.8268,30.8268,30.5328,30.6430,2548100,21254852.00,0.00434454,0.001597,3.6742
SZ000976,2016-08-24,30.7165,30.7900,30.2756,30.7900,3918700,32546168.00,0.00668142,0.002456,3.6742
SZ000976,2016-08-25,30.6063,30.6430,30.2021,30.3491,2698300,22345132.00,0.00460063,0.001691,3.6742
SZ000976,2016-08-26,30.4593,31.0472,30.4593,30.7533,4506800,37871936.00,0.00768414,0.002824,3.6742
SZ000976,2016-08-29,30.5696,31.6351,30.4961,31.1942,9045000,76682080.00,0.01542181,0.005668,3.6742
SZ000976,2016-08-30,31.3044,31.3411,30.8635,30.9370,2940800,24818928.00,0.00501409,0.001843,3.6742
SZ000976,2016-08-31,31.0840,31.5249,30.9737,31.0840,3618600,30700040.00,0.00616975,0.002268,3.6742
SZ000976,2016-09-01,31.1574,31.1942,30.5696,30.6063,3344300,28112380.00,0.00570206,0.002096,3.6742
SZ000976,2016-09-02,30.6430,32.2230,30.4593,31.8923,10223600,87144240.00,0.01743134,0.006407,3.6742
SZ000976,2016-09-05,31.8555,32.4802,31.5983,31.7821,8700300,75814920.00,0.01483410,0.005452,3.6742
SZ000976,2016-09-06,31.5249,32.8108,31.2677,32.5904,11244400,98397056.00,0.01917181,0.007047,3.6742
SZ000976,2016-09-07,32.5169,32.8108,32.1127,32.1495,5448400,48053148.00,0.00928958,0.003414,3.6742
SZ000976,2016-09-08,32.1495,32.5169,31.8188,31.8188,5159900,45064880.00,0.00879768,0.003234,3.6742
SZ000976,2016-09-09,31.8555,33.7661,31.7453,32.4434,10507300,93485120.00,0.01791505,0.006585,3.6742
SZ000976,2016-09-12,31.8923,32.1862,31.0472,31.1574,8199500,70507648.00,0.01398023,0.005139,3.6742
SZ000976,2016-09-13,31.1942,31.7086,31.1942,31.4881,4116300,35234124.00,0.00701833,0.002580,3.6742
SZ000976,2016-09-14,31.3779,32.5904,31.2677,32.4067,9335600,81806048.00,0.01591729,0.005851,3.6742
SZ000976,2016-09-19,32.4434,33.5089,32.4434,33.0680,11602100,104435544.00,0.01978170,0.007271,3.6742
SZ000976,2016-09-20,33.0680,33.6192,32.4434,32.9211,7232300,65119748.00,0.01233114,0.004532,3.6742
SZ000976,2016-09-21,32.8843,33.2885,32.4434,32.9578,5925300,53084968.00,0.01010270,0.003713,3.6742
SZ000976,2016-09-22,33.6192,34.9052,33.6192,34.0233,23939100,224002112.00,0.04081640,0.015002,3.6742
SZ000976,2016-09-23,34.0233,34.7582,33.8396,34.1336,10882700,101754480.00,0.01855511,0.006820,3.6742
SZ000976,2016-09-26,34.0233,35.0154,33.2517,33.4355,15066500,140011504.00,0.02568853,0.009442,3.6742
SZ000976,2016-09-27,33.6559,34.7214,33.0680,34.6480,11141300,102823672.00,0.01899603,0.006982,3.6742
SZ000976,2016-09-28,34.5377,35.1991,34.3540,34.5010,9871700,93673512.00,0.01683135,0.006187,3.6742
SZ000976,2016-09-29,34.6112,35.2726,34.3908,35.0521,8853000,84281576.00,0.01509445,0.005548,3.6742
SZ000976,2016-09-30,35.3093,35.5665,34.4275,34.5010,7786100,73746832.00,0.01327538,0.004879,3.6742
SZ000976,2016-10-10,34.9052,35.4563,34.2805,34.7214,9369800,88845232.00,0.01597560,0.005872,3.6742
SZ000976,2016-10-11,34.6480,34.9419,34.3540,34.6480,6493200,60963688.00,0.01107097,0.004069,3.6742
SZ000976,2016-10-12,34.5010,35.2358,34.3173,34.5377,7036000,66476984.00,0.01199645,0.004409,3.6742
SZ000976,2016-10-13,34.5377,34.5745,33.5089,33.8764,11501100,106011384.00,0.01960949,0.007208,3.6742
SZ000976,2016-10-14,33.8396,34.2438,33.5089,34.1703,5735400,52775216.00,0.00977891,0.003594,3.6742
SZ000976,2016-10-17,34.2438,34.3173,33.3620,33.5824,5210000,47983252.00,0.00888310,0.003265,3.6742
SZ000976,2016-10-18,33.5457,34.7214,33.4722,34.3540,8159600,75836680.00,0.01391220,0.005114,3.6742
SZ000976,2016-10-19,34.5377,35.0889,34.1703,34.2438,6101700,57537808.00,0.01040346,0.003824,3.6742
SZ000976,2016-10-20,34.0601,34.7214,34.0601,34.2805,3493100,32706168.00,0.00595577,0.002189,3.6742
SZ000976,2016-10-21,34.5010,34.7949,33.3620,34.7949,8023400,74620736.00,0.01367998,0.005028,3.6742
SZ000976,2016-10-24,34.7582,35.0889,34.5010,34.6480,6528200,61900780.00,0.01113065,0.004091,3.6742
SZ000976,2016-10-25,34.5377,35.4930,34.5377,35.0889,8968400,85770440.00,0.01529121,0.005620,3.6742
SZ000976,2016-10-26,35.0889,35.6400,34.8317,35.1256,7112100,68273152.00,0.01212620,0.004457,3.6742
SZ000976,2016-10-27,35.0889,35.4195,34.9052,35.2726,5062700,48519156.00,0.00863195,0.003173,3.6742
SZ000976,2016-10-28,35.4563,36.2279,34.7582,34.7582,9310000,90297560.00,0.01587364,0.005835,3.6742
SZ000976,2016-10-31,34.5745,35.2358,34.4642,34.9419,4626900,43835560.00,0.00788891,0.002900,3.6742
SZ000976,2016-11-01,34.9419,35.1624,34.7214,34.9052,3473300,33005336.00,0.00592201,0.002177,3.6742
SZ000976,2016-11-02,34.9419,35.1256,34.1336,34.5010,5914300,55595868.00,0.01008394,0.003706,3.6742
SZ000976,2016-11-03,34.4642,34.7214,34.1336,34.3173,4868900,45575336.00,0.00830152,0.003051,3.6742
SZ000976,2016-11-04,34.3173,35.1624,34.3173,34.4275,4386700,41379760.00,0.00747937,0.002749,3.6742
SZ000976,2016-11-07,34.4275,34.7214,33.9866,34.0968,5664100,53075120.00,0.00965735,0.003550,3.6742
SZ000976,2016-11-08,34.2805,34.6847,34.0968,34.2438,4209800,39252968.00,0.00717775,0.002638,3.6742
SZ000976,2016-11-09,34.2438,34.4642,33.3620,33.8764,4459000,41148184.00,0.00760264,0.002794,3.6742
SZ000976,2016-11-10,33.9131,34.3540,33.8029,34.2438,4396500,40805260.00,0.00749608,0.002755,3.6742
SZ000976,2016-11-11,34.2438,34.9786,34.0601,34.4642,5856300,55003408.00,0.00998505,0.003670,3.6742
SZ000976,2016-11-14,34.7582,34.7582,34.1336,34.2805,3810500,35660892.00,0.00649694,0.002388,3.6742
SZ000976,2016-11-15,34.3908,34.4642,33.8029,33.9499,4644500,42925932.00,0.00791892,0.002911,3.6742
SZ000976,2016-11-16,34.0233,34.2438,33.7661,33.8764,3602100,33263120.00,0.00614162,0.002257,3.6742
SZ000976,2016-11-17,33.8029,34.7214,33.8029,34.5377,7908200,73969656.00,0.01348356,0.004956,3.6742
SZ000976,2016-11-18,34.3908,37.9915,34.3908,37.9915,27557900,275310528.00,0.04698649,0.017270,3.6742
SZ000976,2016-11-21,39.2775,41.7760,38.5794,40.4532,68348200,753579842.00,0.11653436,0.042833,3.6742
SZ000976,2016-11-22,40.4532,41.8127,39.6817,41.1513,40560500,450117472.00,0.06915606,0.025419,3.6742
SZ000976,2016-11-23,40.4165,41.1146,39.9021,40.4900,22227400,244741792.00,0.03789794,0.013930,3.6742
SZ000976,2016-11-24,40.4900,41.6290,39.8654,40.8574,19155100,212701040.00,0.03265964,0.012004,3.6742
SZ000976,2016-11-25,40.8942,42.5108,40.0491,41.3718,20785700,232881392.00,0.03543982,0.013026,3.6742
SZ000976,2016-11-28,41.2983,43.2824,40.5635,42.8415,31338900,358734368.00,0.05343314,0.019640,3.6742
SZ000976,2016-11-29,41.8862,42.2904,40.7104,40.8207,24335600,273740512.00,0.04149244,0.015251,3.6742
SZ000976,2016-11-30,40.7104,41.9229,40.4532,41.1513,14978600,167431120.00,0.02553866,0.009387,3.6742
SZ000976,2016-12-01,40.8942,42.6945,39.1673,42.1434,43989300,495363552.00,0.07500219,0.027568,3.6742
SZ000976,2016-12-02,41.5188,42.8048,40.8942,42.4373,18569000,211731264.00,0.03166033,0.011637,3.6742
SZ000976,2016-12-05,41.7025,43.9438,41.0044,42.5108,21900600,256333424.00,0.03734074,0.013725,3.6742
SZ000976,2016-12-06,42.1066,42.9885,40.1593,40.3063,24760800,278005280.00,0.04221741,0.015517,3.6742
SZ000976,2016-12-07,40.2695,40.8207,38.8733,39.6817,28757000,309168448.00,0.04903097,0.018022,3.6742
SZ000976,2016-12-08,39.7551,40.2328,38.1752,38.5059,22314600,235886592.00,0.03804661,0.013984,3.6742
SZ000976,2016-12-09,38.7998,38.9468,37.9915,38.6529,17466400,182903568.00,0.02978039,0.010946,3.6742
SZ000976,2016-12-12,38.8366,39.2775,36.8525,37.3301,21471400,221119856.00,0.03660895,0.013456,3.6742
SZ000976,2016-12-13,37.3301,37.9548,37.1097,37.4036,13555100,138262880.00,0.02311158,0.008495,3.6742
SZ000976,2016-12-14,37.4404,37.5506,36.0809,36.0809,12647600,126441064.00,0.02156428,0.007926,3.6742
SZ000976,2016-12-15,36.2646,37.0362,35.7870,36.4483,18689600,184952368.00,0.03186595,0.011713,3.6742
SZ000976,2016-12-16,36.5586,37.0730,36.0074,36.8892,13737900,137046528.00,0.02342326,0.008609,3.6742
SZ000976,2016-12-19,36.6688,37.6976,36.5953,37.1464,14951600,151514336.00,0.02549263,0.009370,3.6742
SZ000976,2016-12-20,37.5873,38.5059,37.0362,37.1464,16161800,165580784.00,0.02755603,0.010128,3.6742
SZ000976,2016-12-21,37.0362,37.5139,36.4851,36.9627,9945700,100166576.00,0.01695752,0.006233,3.6742
SZ000976,2016-12-22,36.5953,37.2199,36.2279,36.3014,8361900,83169168.00,0.01425712,0.005240,3.6742
SZ000976,2016-12-23,36.3014,37.1832,36.0809,36.3748,10344100,103125568.00,0.01763679,0.006483,3.6742
SZ000976,2016-12-26,36.3381,36.3381,34.5377,35.6400,14563200,139726304.00,0.02483040,0.009127,3.6742
SZ000976,2016-12-27,35.5298,36.1544,35.3461,35.8237,8828500,86235216.00,0.01505268,0.005533,3.6742
SZ000976,2016-12-28,36.1544,36.8158,35.4930,35.6033,7512800,73871960.00,0.01280940,0.004708,3.6742
SZ000976,2016-12-29,35.3093,35.7502,34.8317,34.9419,10426700,100283112.00,0.01777763,0.006534,3.6742
SZ000976,2016-12-30,34.9419,36.3381,34.7214,35.8605,12549200,121092320.00,0.02139651,0.007864,3.6742
SZ000976,2017-01-03,35.8605,36.3014,34.5745,35.0521,26503900,253013984.00,0.04518941,0.016610,3.6742
SZ000976,2017-01-04,35.1256,35.6033,34.6112,35.5665,15946000,152708464.00,0.02718809,0.009993,3.6742
SZ000976,2017-01-05,35.7135,36.4116,35.6767,35.9339,14571100,142696704.00,0.02484387,0.009132,3.6742
SZ000976,2017-01-06,35.5665,37.2934,35.5665,37.1464,20190000,201499472.00,0.03442415,0.012653,3.6742
SZ000976,2017-01-09,37.1464,38.0283,36.9260,37.2567,17884000,181774864.00,0.03049240,0.011208,3.6742
SZ000976,2017-01-10,37.2934,38.0283,37.1832,37.5139,15739700,161000880.00,0.02683634,0.009864,3.6742
SZ000976,2017-01-11,37.1832,37.6241,36.4116,36.4116,10750700,107874384.00,0.01833005,0.006737,3.6742
SZ000976,2017-01-12,36.4851,36.6320,35.0889,35.2358,12355700,120410184.00,0.02106659,0.007743,3.6742
SZ000976,2017-01-13,35.7870,35.7870,34.6847,34.6847,12457500,118795736.00,0.02124016,0.007807,3.6742
SZ000976,2017-01-16,34.6480,34.6847,31.2309,32.4434,15136700,135811136.00,0.02580822,0.009486,3.6742
SZ000976,2017-01-17,32.1495,32.7006,30.8635,32.2964,9362300,81475944.00,0.01596281,0.005867,3.6742
SZ000976,2017-01-18,32.2964,32.5169,31.9658,32.2230,4557100,39910352.00,0.00776990,0.002856,3.6742
SZ000976,2017-01-19,32.3332,32.7741,32.0760,32.3699,6112000,54007048.00,0.01042102,0.003830,3.6742
SZ000976,2017-01-20,32.4802,33.5824,32.1862,33.5457,6963700,62255428.00,0.01187318,0.004364,3.6742
SZ000976,2017-01-23,33.3620,33.9866,33.1415,33.8029,6142100,56363308.00,0.01047234,0.003849,3.6742
SZ000976,2017-01-24,33.7661,33.9499,33.1415,33.1415,6372200,58117852.00,0.01086466,0.003993,3.6742
SZ000976,2017-01-25,33.3620,33.8764,33.1048,33.8764,3872400,35394280.00,0.00660248,0.002427,3.6742
SZ000976,2017-01-26,33.9131,34.3540,33.8764,34.0968,4709100,43757028.00,0.00802906,0.002951,3.6742
SZ000976,2017-02-03,34.0233,34.4275,33.9131,34.1703,4555500,42350784.00,0.00776717,0.002855,3.6742
SZ000976,2017-02-06,34.0233,34.4275,33.4722,34.3173,4364100,40448648.00,0.00744083,0.002735,3.6742
SZ000976,2017-02-07,34.3540,34.3540,33.7661,34.2438,4607800,42651184.00,0.00785634,0.002888,3.6742
SZ000976,2017-02-08,34.7214,37.1832,34.7214,35.1991,13737200,132926912.00,0.02342206,0.008609,3.6742
SZ000976,2017-02-09,35.3461,36.2646,34.9052,35.7870,11134900,107722712.00,0.01898512,0.006978,3.6742
SZ000976,2017-02-10,35.6033,36.3014,35.4563,35.6400,7443300,72616128.00,0.01269090,0.004665,3.6742
SZ000976,2017-02-13,35.3828,35.4563,34.9786,35.1256,6300600,60330360.00,0.01074259,0.003949,3.6742
SZ000976,2017-02-14,35.1991,35.3461,34.8317,35.0154,4635400,44195312.00,0.00790340,0.002905,3.6742
SZ000976,2017-02-15,35.2358,35.7135,34.6480,34.7582,7990200,76684040.00,0.01362337,0.005007,3.6742
SZ000976,2017-02-16,34.8317,35.3093,34.6847,34.9052,6430800,61308628.00,0.01096458,0.004030,3.6742
SZ000976,2017-02-17,35.0889,35.7135,34.5745,35.6033,9745300,93449792.00,0.01661583,0.006107,3.6742
SZ000976,2017-02-20,35.8605,35.8972,35.3828,35.6033,7420000,71800704.00,0.01265117,0.004650,3.6742
SZ000976,2017-02-21,35.6033,35.9707,35.4195,35.7502,7710800,74946232.00,0.01314699,0.004832,3.6742
SZ000976,2017-02-22,35.9339,35.9339,34.9786,35.4195,6952100,66950860.00,0.01185340,0.004357,3.6742
SZ000976,2017-02-23,35.3461,35.6767,34.8317,34.9786,6326300,60488216.00,0.01078640,0.003965,3.6742
SZ000976,2017-02-24,34.9052,36.0809,34.6847,35.6767,9717900,93705312.00,0.01656912,0.006090,3.6742
SZ000976,2017-02-27,35.7135,35.8972,35.0889,35.1256,4589100,44177352.00,0.00782446,0.002876,3.6742
SZ000976,2017-02-28,35.1624,35.4563,34.8684,35.1624,3490900,33339156.00,0.00595202,0.002188,3.6742
SZ000976,2017-03-01,34.9052,35.1991,34.8317,35.1256,6274000,59765720.00,0.01069723,0.003932,3.6742
SZ000976,2017-03-02,34.9419,35.1256,34.3540,34.3540,6584900,62163664.00,0.01122732,0.004127,3.6742
SZ000976,2017-03-03,34.3540,34.5745,33.7661,33.9866,6054500,56318036.00,0.01032298,0.003794,3.6742
SZ000976,2017-03-06,34.0968,34.8317,33.9866,34.6480,5425900,51050780.00,0.00925121,0.003400,3.6742
SZ000976,2017-03-07,34.9052,35.8237,34.9052,35.5298,12432100,120112952.00,0.02119685,0.007791,3.6742
SZ000976,2017-03-08,35.4195,35.8972,35.1991,35.5665,7525600,72801120.00,0.01283122,0.004716,3.6742
SZ000976,2017-03-09,35.6767,36.8158,35.4563,36.5218,23473000,231373696.00,0.04002170,0.014710,3.6742
SZ000976,2017-03-10,36.7423,37.0730,36.3014,36.3748,11064600,110188232.00,0.01886525,0.006934,3.6742
SZ000976,2017-03-13,36.5218,36.7423,36.0074,36.1911,12650300,124787096.00,0.02156889,0.007928,3.6742
SZ000976,2017-03-14,36.4483,36.9260,36.0809,36.1911,10213400,101507464.00,0.01741395,0.006401,3.6742
SZ000976,2017-03-15,35.8605,36.3748,35.7502,36.2646,7833300,76713200.00,0.01335585,0.004909,3.6742
SZ000976,2017-03-16,36.2646,36.7423,36.1911,36.3014,8582100,85036560.00,0.01463257,0.005378,3.6742
SZ000976,2017-03-17,36.3014,37.2934,36.3014,36.8158,17848600,179111600.00,0.03043204,0.011186,3.6742
SZ000976,2017-03-20,36.8158,37.8078,36.5586,37.5139,21740200,220963072.00,0.03706726,0.013624,3.6742
SZ000976,2017-03-21,37.5139,37.7711,36.9995,37.5506,13362200,136012080.00,0.02278268,0.008374,3.6742
SZ000976,2017-03-22,37.4036,37.4771,36.5218,36.7790,10648500,106902688.00,0.01815580,0.006673,3.6742
SZ000976,2017-03-23,36.6320,36.9995,36.0809,36.4116,7659100,76109256.00,0.01305884,0.004800,3.6742
SZ000976,2017-03-24,36.5586,37.4771,36.2279,36.8892,13298500,133409768.00,0.02267407,0.008334,3.6742
SZ000976,2017-03-27,36.5953,36.8158,36.0442,36.0809,8919000,88301400.00,0.01520698,0.005589,3.6742
SZ000976,2017-03-28,36.0809,36.5218,35.6400,35.6767,9526200,93321184.00,0.01624227,0.005970,3.6742
SZ000976,2017-03-29,35.6400,35.8605,35.0889,35.1624,9754000,94041344.00,0.01663067,0.006113,3.6742
SZ000976,2017-03-30,35.1624,35.3828,34.0233,34.3173,11687500,110154048.00,0.01992730,0.007324,3.6742
SZ000976,2017-03-31,34.6112,34.6112,34.0233,34.4642,8403600,78390248.00,0.01432822,0.005266,3.6742
SZ000976,2017-04-05,34.4642,35.8972,34.3173,35.6767,13714700,131942464.00,0.02338370,0.008595,3.6742
SZ000976,2017-04-06,35.7135,37.8445,35.4930,37.4036,26383800,265293248.00,0.04498464,0.016535,3.6742
SZ000976,2017-04-07,37.0362,37.4036,36.3748,36.9995,15645800,156706160.00,0.02667624,0.009805,3.6742
SZ000976,2017-04-10,36.7423,37.2934,36.4851,36.6688,11033000,110698576.00,0.01881137,0.006914,3.6742
SZ000976,2017-04-11,37.1097,37.1464,35.7870,36.7055,13516600,134011016.00,0.02304594,0.008471,3.6742
SZ000976,2017-04-12,36.7423,37.0730,36.0809,36.0809,9591600,95425192.00,0.01635377,0.006011,3.6742
SZ000976,2017-04-13,36.0442,36.3748,35.6400,35.8237,5403400,52902900.00,0.00921285,0.003386,3.6742
SZ000976,2017-04-14,35.7502,36.3014,35.5298,35.7135,5773400,56325320.00,0.00984370,0.003618,3.6742
SZ000976,2017-04-17,35.6400,35.9339,32.1495,35.0889,9924206,94226936.00,0.01692087,0.006219,3.6742
SZ000976,2017-04-18,34.9419,35.0521,33.6927,33.9866,12326056,114945416.00,0.02101605,0.007725,3.6742
SZ000976,2017-04-19,33.9866,33.9866,30.8635,32.2230,15206020,134190440.00,0.02592642,0.009530,3.6742
SZ000976,2017-04-20,32.0393,32.7741,31.5249,32.0760,6562413,57426500.00,0.01118898,0.004113,3.6742
SZ000976,2017-04-21,32.0760,32.5904,31.4881,31.5983,5681761,49296176.00,0.00968746,0.003561,3.6742
SZ000976,2017-04-24,31.5983,32.2597,31.2677,31.8555,7262479,62653452.00,0.01238214,0.004551,3.6742
SZ000976,2017-04-25,31.7086,32.3332,31.6718,31.9658,4513962,39201752.00,0.00769606,0.002829,3.6742
SZ000976,2017-04-26,32.1495,32.2597,31.2677,31.4146,4269308,36730920.00,0.00727894,0.002676,3.6742
SZ000976,2017-04-27,31.4514,31.5983,29.3203,31.5983,14504276,119714784.00,0.02472901,0.009090,3.6742
SZ000976,2017-04-28,31.5983,32.3332,30.7533,32.2597,9556902,81961152.00,0.01629400,0.005989,3.6742
SZ000976,2017-05-02,32.2964,32.4067,31.4146,31.5249,4105728,35643872.00,0.00700005,0.002573,3.6742
SZ000976,2017-05-03,31.5249,31.8923,31.3044,31.5249,3476299,29849428.00,0.00592690,0.002179,3.6742
SZ000976,2017-05-04,31.5249,31.5616,30.8635,30.9370,3774712,32097268.00,0.00643568,0.002366,3.6742
SZ000976,2017-05-05,30.6063,31.0105,30.3491,30.3491,3834716,31999918.00,0.00653798,0.002403,3.6742
SZ000976,2017-05-08,30.8268,31.3044,30.2756,30.3491,6850646,57390652.00,0.01167998,0.004293,3.6742
SZ000976,2017-05-09,30.3124,30.4593,29.6877,30.3491,3966953,32543692.00,0.00676344,0.002486,3.6742
SZ000976,2017-05-10,30.3491,30.6798,29.4673,29.5775,4480109,36699332.00,0.00763834,0.002808,3.6742
SZ000976,2017-05-11,29.5775,30.1287,29.3571,29.8347,7677601,61981128.00,0.01308990,0.004812,3.6742
SZ000976,2017-05-12,30.5328,31.3779,30.3124,30.8635,7759379,64827008.00,0.01322932,0.004863,3.6742
SZ000976,2017-05-15,31.0472,31.2309,30.5328,30.5696,3551500,29684346.00,0.00605512,0.002226,3.6742
SZ000976,2017-05-16,30.5328,31.3044,30.4226,31.2677,4580513,38467072.00,0.00780953,0.002871,3.6742
SZ000976,2017-05-17,31.3411,31.5249,31.0105,31.0840,3793785,32226042.00,0.00646820,0.002378,3.6742
SZ000976,2017-05-18,30.9002,31.0105,30.2756,30.2756,3620500,30157980.00,0.00617276,0.002269,3.6742
SZ000976,2017-05-19,30.3124,30.6430,30.1287,30.2756,2881156,23805892.00,0.00491222,0.001806,3.6742
SZ000976,2017-05-22,30.2756,30.4961,29.9082,30.0184,2350648,19289956.00,0.00400773,0.001473,3.6742
SZ000976,2017-05-23,30.1287,30.1654,29.5408,29.5408,3241322,26280196.00,0.00552628,0.002031,3.6742
SZ000976,2017-05-24,29.5408,29.8347,28.4752,29.7612,3756295,29986746.00,0.00640428,0.002354,3.6742
SZ000976,2017-05-25,29.6510,30.3858,29.5775,30.2389,3782807,30849826.00,0.00644948,0.002371,3.6742
SZ000976,2017-05-26,30.2021,31.1574,29.9449,30.7165,4237102,35551048.00,0.00722403,0.002655,3.6742
SZ000976,2017-05-31,30.9737,31.4146,30.8635,30.8635,3543788,30013762.00,0.00604197,0.002221,3.6742
SZ000976,2017-06-01,30.8635,31.2677,30.3124,30.3124,3784185,31694416.00,0.00645183,0.002372,3.6742
SZ000976,2017-06-02,30.3124,30.5328,29.3571,30.1287,5099990,41410104.00,0.00869521,0.003196,3.6742
SZ000976,2017-06-05,30.4593,30.5696,29.8347,29.9817,2849243,23304028.00,0.00485781,0.001786,3.6742
SZ000976,2017-06-06,29.9817,30.1287,29.7245,30.0552,2028010,16495375.00,0.00345765,0.001271,3.6742
SZ000976,2017-06-07,30.3124,30.8268,30.0552,30.7900,3127243,25936600.00,0.00533178,0.001960,3.6742
SZ000976,2017-06-08,30.7900,31.0840,30.4593,30.5328,3090679,25867696.00,0.00526944,0.001937,3.6742
SZ000976,2017-06-09,30.5328,30.7533,30.0919,30.4226,2532005,20907024.00,0.00431693,0.001587,3.6742
SZ000976,2017-06-12,30.1654,30.5696,30.0552,30.2021,2077394,17120830.00,0.00354184,0.001302,3.6742
SZ000976,2017-06-13,30.1654,30.8635,30.0552,30.7533,3950257,32937288.00,0.00673498,0.002476,3.6742
SZ000976,2017-06-14,30.7533,30.7533,30.3124,30.4961,2034902,16912756.00,0.00346940,0.001275,3.6742
SZ000976,2017-06-15,30.4961,30.8635,30.4226,30.7533,2940200,24577722.00,0.00501288,0.001843,3.6742
SZ000976,2017-06-16,30.7533,31.5249,30.5328,31.1574,5454845,46259756.00,0.00930022,0.003419,3.6742
SZ000976,2017-06-19,31.4146,32.0760,31.0472,31.9290,6999189,60618116.00,0.01193324,0.004386,3.6742
SZ000976,2017-06-20,31.9290,32.2597,31.4146,31.5983,4430701,38308944.00,0.00755411,0.002777,3.6742
SZ000976,2017-06-21,31.5983,32.1127,31.5983,31.8188,4020426,34855884.00,0.00685461,0.002520,3.6742
SZ000976,2017-06-22,31.8188,32.1862,31.3779,31.3779,3379356,29191620.00,0.00576162,0.002118,3.6742
SZ000976,2017-06-23,31.3779,31.6718,30.7900,31.0840,3526005,29848056.00,0.00601165,0.002210,3.6742
SZ000976,2017-06-26,31.0840,32.0393,30.9370,31.8555,3985076,34403016.00,0.00679434,0.002497,3.6742
SZ000976,2017-06-27,31.8923,32.0025,31.4146,31.7821,4801863,41482760.00,0.00818692,0.003009,3.6742
SZ000976,2017-06-28,31.9290,31.9290,31.1574,31.3411,2739766,23408180.00,0.00467115,0.001717,3.6742
SZ000976,2017-06-29,31.1574,31.5616,31.1574,31.3779,2632315,22506520.00,0.00448796,0.001650,3.6742
SZ000976,2017-06-30,31.3779,31.8923,31.0840,31.7821,4772506,41280148.00,0.00813687,0.002991,3.6742
SZ000976,2017-07-03,31.7821,32.5169,31.7086,31.8555,2022512,17550742.00,0.00344827,0.001267,3.6742
SZ000976,2017-07-04,31.8555,31.9290,31.3411,31.3779,2225400,19123226.00,0.00379419,0.001395,3.6742
SZ000976,2017-07-05,31.3044,31.5983,31.1207,31.4514,2101416,17973768.00,0.00358280,0.001317,3.6742
SZ000976,2017-07-06,31.3411,31.7086,31.2309,31.3779,2762300,23637320.00,0.00470957,0.001731,3.6742
SZ000976,2017-07-07,31.2309,32.1495,31.1574,32.1127,6469750,55949812.00,0.01103058,0.004055,3.6742
SZ000976,2017-07-10,32.0025,32.0025,31.3779,31.4514,4758390,40965776.00,0.00811280,0.002982,3.6742
SZ000976,2017-07-11,31.4146,31.4514,29.8347,29.9817,9880769,82347784.00,0.01684618,0.006192,3.6742
SZ000976,2017-07-12,29.9449,30.3858,29.5408,30.1287,5811357,47242356.00,0.00990805,0.003642,3.6742
SZ000976,2017-07-13,30.1654,30.1654,29.8347,30.1287,3044990,24839946.00,0.00519154,0.001908,3.6742
SZ000976,2017-07-14,29.9817,30.3858,29.8715,30.1287,2666634,21822782.00,0.00454647,0.001671,3.6742
SZ000976,2017-07-17,30.2389,30.4226,28.5120,29.8715,5839147,47195504.00,0.00995543,0.003659,3.6742
SZ000976,2017-07-18,29.7980,30.0552,29.5408,29.9082,3015452,24438412.00,0.00514118,0.001890,3.6742
SZ000976,2017-07-19,29.7612,29.9817,29.5775,29.8715,3382200,27419216.00,0.00576647,0.002120,3.6742
SZ000976,2017-07-20,30.1287,30.1287,29.6510,29.6877,5353193,43453112.00,0.00912691,0.003355,3.6742
SZ000976,2017-07-21,29.6877,29.9449,28.8794,29.9449,8249724,65709228.00,0.01406533,0.005170,3.6742
SZ000976,2017-07-24,29.6143,29.7612,29.3203,29.7245,5244303,42085252.00,0.00894125,0.003287,3.6742
SZ000976,2017-07-25,29.5775,29.8715,29.2101,29.8715,4913076,39402940.00,0.00837653,0.003079,3.6742
SZ000976,2017-07-26,29.6877,30.0184,29.5408,29.9449,3676963,29860582.00,0.00626902,0.002304,3.6742
SZ000976,2017-07-27,29.7612,30.4226,29.7612,30.1287,3807883,31350240.00,0.00649224,0.002386,3.6742
SZ000976,2017-07-28,30.0552,30.4226,29.9449,30.3124,3323601,27337324.00,0.00566656,0.002083,3.6742
SZ000976,2017-07-31,30.2389,30.2389,29.9449,30.0184,4733320,38733932.00,0.00807006,0.002966,3.6742
SZ000976,2017-08-01,29.9449,30.3124,29.4673,29.9449,4649403,37659832.00,0.00792698,0.002914,3.6742
SZ000976,2017-08-02,29.9082,29.9449,29.1734,29.6510,5795300,46478512.00,0.00988067,0.003632,3.6742
SZ000976,2017-08-03,29.3571,29.6877,29.0999,29.6143,6218779,49685880.00,0.01060268,0.003897,3.6742
SZ000976,2017-08-04,29.5040,29.6143,29.2101,29.6143,3802801,30441890.00,0.00648357,0.002383,3.6742
SZ000976,2017-08-07,29.5040,29.6877,29.2468,29.4673,2199362,17631286.00,0.00374979,0.001378,3.6742
SZ000976,2017-08-08,29.4673,29.4673,29.2836,29.4305,3207048,25619380.00,0.00546784,0.002010,3.6742
SZ000976,2017-08-09,29.4305,29.6143,29.3203,29.5775,3647402,29265312.00,0.00621862,0.002286,3.6742
SZ000976,2017-08-10,29.5408,31.0472,29.3938,30.2756,11824857,97269712.00,0.02016074,0.007411,3.6742
SZ000976,2017-08-11,30.0552,30.3491,29.7245,30.0184,6440428,52555132.00,0.01098058,0.004036,3.6742
SZ000976,2017-08-14,29.7612,30.5696,29.7612,30.2756,6506603,53636912.00,0.01109341,0.004078,3.6742
SZ000976,2017-08-15,30.3491,30.4226,30.0184,30.2389,4641600,38183648.00,0.00791368,0.002909,3.6742
SZ000976,2017-08-16,30.2389,30.3491,29.8715,29.9817,3782200,30884054.00,0.00644845,0.002370,3.6742
SZ000976,2017-08-17,29.7980,30.0552,29.6877,29.9082,3657852,29719638.00,0.00623644,0.002292,3.6742
SZ000976,2017-08-18,29.7612,29.8715,29.5775,29.6143,2884529,23295608.00,0.00491797,0.001808,3.6742
SZ000976,2017-08-21,29.6143,29.7980,29.6143,29.7612,2066973,16716863.00,0.00352408,0.001295,3.6742
SZ000976,2017-08-22,30.1287,31.0840,30.1287,30.2389,14625728,121592456.00,0.02493608,0.009166,3.6742
SZ000976,2017-08-23,29.4305,31.0840,29.4305,30.9002,14032192,116917640.00,0.02392413,0.008794,3.6742
SZ000976,2017-08-24,30.8635,31.8188,30.6063,30.6798,10030101,85088744.00,0.01710078,0.006286,3.6742
SZ000976,2017-08-25,30.4961,31.0472,30.4961,30.9370,5234868,43942764.00,0.00892517,0.003281,3.6742
SZ000976,2017-08-28,30.8635,31.3411,30.6798,30.8635,6558467,55144796.00,0.01118183,0.004110,3.6742
SZ000976,2017-08-29,30.8268,31.0840,30.7165,30.7900,3858719,32397794.00,0.00657891,0.002418,3.6742
SZ000976,2017-08-30,30.7900,31.5249,30.7165,31.3779,8507457,71969712.00,0.01450476,0.005332,3.6742
SZ000976,2017-08-31,31.3044,32.3699,31.3044,32.2964,12892234,112143088.00,0.02198056,0.008079,3.6742
SZ000976,2017-09-01,32.2230,33.3620,31.9290,33.2517,12794814,113687104.00,0.02181447,0.008018,3.6742
SZ000976,2017-09-04,33.0680,33.6192,32.6639,32.7374,11299769,101935880.00,0.01926550,0.007081,3.6742
SZ000976,2017-09-05,32.9211,33.3620,32.6271,32.7741,6314256,56555600.00,0.01076547,0.003957,3.6742
SZ000976,2017-09-06,32.7374,35.1991,32.7374,34.3540,16715740,154264752.00,0.02849944,0.010476,3.6742
SZ000976,2017-09-07,34.3173,34.7582,33.6559,34.0968,9709866,90384560.00,0.01655480,0.006085,3.6742
SZ000976,2017-09-08,33.9499,34.8317,33.3620,33.9499,12545702,116112256.00,0.02138975,0.007862,3.6742
SZ000976,2017-09-11,33.8764,33.9866,33.0680,33.6927,8931901,81183552.00,0.01522841,0.005598,3.6742
SZ000976,2017-09-12,33.6927,34.3908,33.2517,33.6559,8737301,80480456.00,0.01489663,0.005476,3.6742
SZ000976,2017-09-13,33.6927,34.0601,33.3987,33.6559,7263701,66602460.00,0.01238422,0.004552,3.6742
SZ000976,2017-09-14,33.6559,33.8764,33.2517,33.2885,5148500,46992248.00,0.00877792,0.003227,3.6742
SZ000976,2017-09-15,33.3252,33.5089,33.1048,33.3987,4021863,36446376.00,0.00685706,0.002520,3.6742
SZ000976,2017-09-18,33.4355,34.3540,33.4355,34.1336,6100986,56389644.00,0.01040185,0.003823,3.6742
SZ000976,2017-09-19,34.1336,34.8684,34.0968,34.2805,6980125,65347724.00,0.01190074,0.004374,3.6742
SZ000976,2017-09-20,34.2438,35.3461,34.1703,35.0521,13455274,127776688.00,0.02294052,0.008432,3.6742
SZ000976,2017-09-21,35.0521,35.0521,34.2805,34.4642,6590459,61822568.00,0.01123638,0.004130,3.6742
SZ000976,2017-09-22,34.1336,34.5377,33.8029,34.4642,4844381,45026128.00,0.00825941,0.003036,3.6742
SZ000976,2017-09-25,34.4275,34.5010,33.7294,34.1703,7466300,69341520.00,0.01272964,0.004679,3.6742
SZ000976,2017-09-26,34.1703,34.3540,33.8029,34.2070,3465668,32039588.00,0.00590878,0.002172,3.6742
SZ000976,2017-09-27,33.9131,34.7214,33.8764,34.4275,4165401,39079084.00,0.00710178,0.002610,3.6742
SZ000976,2017-09-28,34.5010,34.5010,33.9131,34.0968,4533600,42047132.00,0.00772954,0.002841,3.6742
SZ000976,2017-09-29,34.0968,34.5010,33.9866,34.1703,3543068,33019976.00,0.00604074,0.002220,3.6742
SZ000976,2017-10-09,34.7214,34.7949,34.2070,34.5745,5018873,47239712.00,0.00855691,0.003145,3.6742
SZ000976,2017-10-10,34.8317,34.9052,34.1336,34.4275,6776221,63326504.00,0.01155309,0.004247,3.6742
SZ000976,2017-10-11,34.4275,34.6112,33.4722,34.1336,8206998,75760088.00,0.01399249,0.005143,3.6742
SZ000976,2017-10-12,34.0968,34.5010,33.9131,34.2805,4796596,44676200.00,0.00817794,0.003006,3.6742
SZ000976,2017-10-13,34.3908,34.5745,34.0233,34.3908,3621000,33754600.00,0.00617361,0.002269,3.6742
SZ000976,2017-10-16,34.3908,34.7582,33.0680,33.6927,7076265,65170364.00,0.01206465,0.004435,3.6742
SZ000976,2017-10-17,33.5824,33.5824,33.0680,33.3252,4908738,44478512.00,0.00836913,0.003076,3.6742
SZ000976,2017-10-18,33.6927,33.6927,32.7006,33.0680,6948275,62561860.00,0.01184643,0.004354,3.6742
SZ000976,2017-10-19,32.8476,33.6192,32.5536,32.5536,4084120,36748056.00,0.00696320,0.002559,3.6742
SZ000976,2017-10-20,32.3332,33.3620,32.3332,32.6271,5483570,49062780.00,0.00934919,0.003437,3.6742
SZ000976,2017-10-23,33.0313,33.0313,32.1495,32.6271,4980989,44026444.00,0.00849232,0.003122,3.6742
SZ000976,2017-10-24,32.7741,32.7741,32.1127,32.3699,2732648,24080486.00,0.00465902,0.001713,3.6742
SZ000976,2017-10-25,32.3332,33.3987,32.3332,33.2150,6379223,57395196.00,0.01087623,0.003998,3.6742
SZ000976,2017-10-26,33.2150,34.7214,33.0680,34.1703,12928000,120115416.00,0.02204154,0.008102,3.6742
SZ000976,2017-10-27,34.1336,37.5873,33.8029,34.5010,17465464,165318144.00,0.02977768,0.010945,3.6742
SZ000976,2017-10-30,34.1703,34.8317,33.1783,33.8029,13143797,122179584.00,0.02240947,0.008237,3.6742
SZ000976,2017-10-31,33.7294,35.1991,33.6192,34.7582,12638715,119618656.00,0.02154833,0.007921,3.6742
SZ000976,2017-11-01,34.5377,35.7502,34.5377,35.0521,13070071,125581320.00,0.02228377,0.008191,3.6742
SZ000976,2017-11-02,35.0521,35.2726,34.2438,34.3540,8081521,76323600.00,0.01377856,0.005065,3.6742
SZ000976,2017-11-03,34.3540,35.4930,34.1703,35.0521,10528217,100127832.00,0.01795004,0.006598,3.6742
SZ000976,2017-11-06,35.0521,35.7870,34.7582,35.6033,9911737,95331640.00,0.01689898,0.006212,3.6742
SZ000976,2017-11-07,35.6400,35.8237,35.1991,35.5298,7077066,68375128.00,0.01206602,0.004435,3.6742
SZ000976,2017-11-08,35.3093,35.4563,34.1703,34.3908,10357282,97596016.00,0.01765861,0.006491,3.6742
SZ000976,2017-11-09,34.5010,34.6847,33.9499,34.3173,6493328,60644376.00,0.01107077,0.004069,3.6742
SZ000976,2017-11-10,34.0233,35.8605,33.9866,35.4563,16512516,158510064.00,0.02815295,0.010348,3.6742
SZ000976,2017-11-13,35.4563,35.9339,34.6480,34.6847,10054021,95578408.00,0.01714156,0.006301,3.6742
SZ000976,2017-11-14,34.7582,34.7949,33.3620,33.4722,12043582,111591504.00,0.02053366,0.007548,3.6742
SZ000976,2017-11-15,33.4722,34.0601,33.1783,33.3620,8192591,74849824.00,0.01396793,0.005134,3.6742
SZ000976,2017-11-16,33.3620,33.7294,32.9946,33.6192,4386481,39885872.00,0.00747871,0.002749,3.6742
SZ000976,2017-11-17,33.6192,33.6927,31.1942,31.6718,8061501,71537560.00,0.01374442,0.005052,3.6742
SZ000976,2017-11-20,31.6351,32.0393,30.4226,31.4146,6574300,55331444.00,0.01120883,0.004120,3.6742
SZ000976,2017-11-21,31.0840,32.1127,31.0472,31.7086,4715000,40566488.00,0.00803882,0.002955,3.6742
SZ000976,2017-11-22,31.5616,32.4802,31.5616,32.2230,4305858,37662084.00,0.00734126,0.002698,3.6742
SZ000976,2017-11-23,32.2597,32.5904,31.0472,31.2677,4789001,41335856.00,0.00816499,0.003001,3.6742
SZ000976,2017-11-24,31.2677,31.5249,31.1207,31.3779,1991268,16976154.00,0.00339500,0.001248,3.6742
SZ000976,2017-11-27,31.5983,31.6351,30.6430,31.1942,3216101,27292012.00,0.00548328,0.002016,3.6742
SZ000976,2017-11-28,30.9370,31.3779,30.4593,31.0472,4729309,39745888.00,0.00806322,0.002964,3.6742
SZ000976,2017-11-29,30.7900,31.1942,29.3938,30.4226,3468256,28622774.00,0.00591319,0.002174,3.6742
SZ000976,2017-11-30,30.3124,30.6430,30.1654,30.6063,1748700,14506654.00,0.00298144,0.001096,3.6742
SZ000976,2017-12-01,30.4226,30.7900,30.2389,30.6063,2328600,19349448.00,0.00397014,0.001459,3.6742
SZ000976,2017-12-04,30.7165,31.1574,30.4593,30.7900,2960001,24782676.00,0.00504664,0.001855,3.6742
SZ000976,2017-12-05,30.3124,31.0105,29.6877,30.6063,3890100,32253332.00,0.00663241,0.002438,3.6742
SZ000976,2017-12-06,30.4961,30.5328,29.7612,30.0184,2680793,21867980.00,0.00457061,0.001680,3.6742
SZ000976,2017-12-07,30.0552,30.2021,29.4673,29.4673,3018798,24428702.00,0.00514689,0.001892,3.6742
SZ000976,2017-12-08,29.7245,29.9817,29.4673,29.8715,2353100,19034872.00,0.00401191,0.001475,3.6742
SZ000976,2017-12-11,29.7245,31.1574,29.6143,30.8268,5015905,41672024.00,0.00855185,0.003143,3.6742
SZ000976,2017-12-12,30.7900,31.8923,30.6798,31.5983,6211125,52805508.00,0.01058963,0.003892,3.6742
SZ000976,2017-12-13,31.5983,32.1495,31.5249,31.6718,6115994,53100896.00,0.01042744,0.003833,3.6742
SZ000976,2017-12-14,31.8555,32.5904,31.4514,32.2230,4331952,37668868.00,0.00738574,0.002715,3.6742
SZ000976,2017-12-15,32.2597,32.2597,31.6718,31.7821,2667969,23157964.00,0.00454874,0.001672,3.6742
SZ000976,2017-12-18,31.7821,31.9658,31.2677,31.7453,2704500,23296026.00,0.00461103,0.001695,3.6742
SZ000976,2017-12-19,31.5983,31.8555,31.2309,31.5249,2145400,18408328.00,0.00365779,0.001345,3.6742
SZ000976,2017-12-20,31.6718,31.7453,31.2677,31.4514,2143195,18376428.00,0.00365403,0.001343,3.6742
SZ000976,2017-12-21,31.3044,31.5616,30.4226,30.4961,3641222,30540850.00,0.00620809,0.002282,3.6742
SZ000976,2017-12-22,30.5696,31.0472,30.4226,30.5328,2811550,23513990.00,0.00479354,0.001762,3.6742
SZ000976,2017-12-25,30.4593,30.8268,29.6877,29.8347,3974405,32489932.00,0.00677615,0.002491,3.6742
SZ000976,2017-12-26,30.6798,30.8268,29.6510,30.7900,4293058,35302664.00,0.00731943,0.002690,3.6742
SZ000976,2017-12-27,30.3858,30.7900,29.8347,29.9082,3947600,32404996.00,0.00673045,0.002474,3.6742
SZ000976,2017-12-28,30.0184,30.3491,29.6877,29.7245,5821211,47301732.00,0.00992485,0.003648,3.6742
SZ000976,2017-12-29,29.7980,30.4593,29.6510,29.9817,5890299,48059496.00,0.01004264,0.003691,3.6742
SZ000976,2018-01-02,29.9817,30.7900,29.9449,30.6798,6487701,53933540.00,0.01106118,0.004066,3.6742
SZ000976,2018-01-03,30.7533,31.7821,30.7165,31.2309,6880929,58512652.00,0.01173161,0.004312,3.6742
SZ000976,2018-01-04,31.1574,31.5983,30.9370,31.1574,4177669,35517324.00,0.00712270,0.002618,3.6742
SZ000976,2018-01-05,30.8635,31.4514,30.4961,30.7900,4030095,33926108.00,0.00687109,0.002526,3.6742
SZ000976,2018-01-08,30.3858,30.6430,29.9817,30.2389,4677869,38414628.00,0.00797551,0.002932,3.6742
SZ000976,2018-01-09,30.2389,30.6798,30.1287,30.5696,4179657,34703188.00,0.00712609,0.002619,3.6742
SZ000976,2018-01-10,30.5696,30.5696,29.7245,30.0919,4597715,37615656.00,0.00783886,0.002881,3.6742
SZ000976,2018-01-11,30.0919,30.3124,29.8347,30.2021,1859130,15216665.00,0.00316972,0.001165,3.6742
SZ000976,2018-01-12,29.9449,30.1287,29.7612,29.8715,2673944,21777630.00,0.00455893,0.001676,3.6742
SZ000976,2018-01-15,29.8715,30.1654,29.3938,29.7980,5333581,43105292.00,0.00909347,0.003343,3.6742
SZ000976,2018-01-16,29.7980,29.9449,29.5040,29.9449,2733227,22074184.00,0.00466000,0.001713,3.6742
SZ000976,2018-01-17,29.7980,30.3858,29.5040,30.2389,4146879,33715528.00,0.00707021,0.002599,3.6742
SZ000976,2018-01-18,30.0184,30.0184,29.5040,29.6143,5439302,43909908.00,0.00927372,0.003409,3.6742
SZ000976,2018-01-19,29.6143,29.7245,29.0999,29.5775,4967184,39721484.00,0.00846878,0.003113,3.6742
SZ000976,2018-01-22,29.3571,29.6877,29.2836,29.6143,2093200,16843288.00,0.00356879,0.001312,3.6742
SZ000976,2018-01-23,29.6143,29.6510,29.3203,29.3938,1977803,15850005.00,0.00337205,0.001239,3.6742
SZ000976,2018-01-24,29.3938,29.6510,29.1366,29.4673,4695801,37504000.00,0.00800609,0.002943,3.6742
SZ000976,2018-01-25,29.5408,29.6510,29.2836,29.4305,2958701,23716980.00,0.00504443,0.001854,3.6742
SZ000976,2018-01-26,29.2836,29.5408,29.1366,29.3938,5434290,43330016.00,0.00926517,0.003406,3.6742
SZ000976,2018-01-29,29.3938,29.5040,28.9529,29.4305,5122700,40849024.00,0.00873393,0.003210,3.6742
SZ000976,2018-01-30,29.1734,29.4673,29.1734,29.4305,3039201,24289034.00,0.00518167,0.001905,3.6742
SZ000976,2018-01-31,29.7245,30.0184,29.3203,29.5040,6285895,50487464.00,0.01071711,0.003939,3.6742
SZ000976,2018-02-01,29.4673,30.0552,29.2468,29.9817,10072044,81513200.00,0.01717229,0.006312,3.6742
SZ000976,2018-02-02,29.8715,30.3858,29.3938,29.9817,7535178,61173676.00,0.01284707,0.004722,3.6742
SZ000976,2018-02-05,29.5408,29.8347,29.2836,29.3938,5188566,41554812.00,0.00884623,0.003252,3.6742
SZ000976,2018-02-06,29.3938,29.3938,27.2260,28.2915,10571058,81430240.00,0.01802308,0.006625,3.6742
SZ000976,2018-02-07,28.6590,28.8427,27.7771,28.2548,4077591,31520012.00,0.00695207,0.002555,3.6742
SZ000976,2018-02-08,28.1813,29.0631,27.8506,28.6590,3425880,26755302.00,0.00584094,0.002147,3.6742
SZ000976,2018-02-09,28.6222,28.6957,26.8953,28.6590,5432292,41368772.00,0.00926177,0.003404,3.6742
SZ000976,2018-02-12,28.6590,29.4673,28.2915,29.2101,3913403,30845768.00,0.00667214,0.002453,3.6742
SZ000976,2018-02-13,29.2836,29.3571,28.9896,29.2836,2851802,22665188.00,0.00486217,0.001787,3.6742
SZ000976,2018-02-14,29.0264,29.5408,29.0264,29.5040,1755697,14030563.00,0.00299337,0.001100,3.6742
SZ000976,2018-02-22,29.6510,29.9817,29.3938,29.6510,3633702,29283962.00,0.00619527,0.002277,3.6742
SZ000976,2018-02-23,29.6510,30.1654,29.3938,30.1287,4683214,38046944.00,0.00798463,0.002935,3.6742
SZ000976,2018-02-26,30.0552,30.2389,29.9449,30.1654,5797607,47511156.00,0.00988461,0.003633,3.6742
SZ000976,2018-02-27,30.1654,30.6430,29.9082,30.5696,5990008,49424708.00,0.01021264,0.003754,3.6742
SZ000976,2018-02-28,30.4226,30.8268,30.2021,30.7533,3797410,31662940.00,0.00647438,0.002380,3.6742
SZ000976,2018-03-01,30.7165,30.7900,30.3124,30.7533,2692269,22492446.00,0.00459017,0.001687,3.6742
SZ000976,2018-03-02,29.5408,30.7165,29.5408,30.7165,5975699,48755264.00,0.01018824,0.003745,3.6742
SZ000976,2018-03-05,30.6798,30.8635,30.4226,30.8635,3716855,30961416.00,0.00633704,0.002329,3.6742
SZ000976,2018-03-06,31.2309,31.2309,30.5696,30.7533,2762087,23152018.00,0.00470921,0.001731,3.6742
SZ000976,2018-03-07,30.7533,30.8268,30.6063,30.7165,3478580,29098634.00,0.00593079,0.002180,3.6742
SZ000976,2018-03-08,30.6798,30.9002,30.6430,30.7533,3636332,30474382.00,0.00619975,0.002279,3.6742
SZ000976,2018-03-09,30.8268,30.8635,30.6798,30.7900,2564532,21495808.00,0.00437239,0.001607,3.6742
