代码,时间,开盘价,最高价,最低价,收盘价,成交量(股),成交额(元),流通盘换手率,全流通换手率,复权系数
SZ300041,2010-01-08,47.0000,48.0000,46.1000,46.3900,9147000,428241216.00,0.67257353,0.138595,1.0000
SZ300041,2010-01-11,46.0000,46.0000,42.7900,44.0200,3486600,154415728.00,0.25636765,0.052829,1.0000
SZ300041,2010-01-12,44.1000,45.2000,44.1000,44.8100,2326000,103758120.00,0.17102941,0.035243,1.0000
SZ300041,2010-01-13,44.0000,46.9900,43.6200,45.5300,3027800,137919120.00,0.22263235,0.045877,1.0000
SZ300041,2010-01-14,45.9000,47.2000,45.5000,46.5800,2708600,125740080.00,0.19916176,0.041041,1.0000
SZ300041,2010-01-15,46.4000,46.7900,45.0200,45.3000,1747100,79732968.00,0.12846324,0.026472,1.0000
SZ300041,2010-01-18,45.0100,45.5000,44.8100,45.3300,1296300,58457620.00,0.09531618,0.019642,1.0000
SZ300041,2010-01-19,45.4500,45.4500,44.2200,44.7400,1127400,50291580.00,0.08289706,0.017082,1.0000
SZ300041,2010-01-20,44.5000,44.7000,41.1900,41.5300,1990500,85307312.00,0.14636029,0.030160,1.0000
SZ300041,2010-01-21,41.9800,42.4300,41.6100,41.9000,820000,34441980.00,0.06029412,0.012425,1.0000
SZ300041,2010-01-22,41.5700,41.5700,39.9000,40.4000,1215000,49262944.00,0.08933824,0.018410,1.0000
SZ300041,2010-01-25,39.9900,40.4000,39.5200,40.0600,667000,26681934.00,0.04904412,0.010106,1.0000
SZ300041,2010-01-26,40.5800,40.9000,39.4100,39.6300,725900,29120050.00,0.05337500,0.010999,1.0000
SZ300041,2010-01-27,39.9900,40.1800,39.0800,39.2800,774900,30692924.00,0.05697794,0.011741,1.0000
SZ300041,2010-01-28,39.2800,39.4800,37.9200,38.2000,961200,37016092.00,0.07067647,0.014564,1.0000
SZ300041,2010-01-29,37.8900,38.6500,37.7100,38.1100,734000,28131408.00,0.05397059,0.011122,1.0000
SZ300041,2010-02-01,37.4900,37.9000,36.6700,37.2000,826000,30656636.00,0.06073529,0.012516,1.0000
SZ300041,2010-02-02,37.3900,37.8500,37.0000,37.1200,455700,17072120.00,0.03350735,0.006905,1.0000
SZ300041,2010-02-03,37.3200,37.4500,36.0000,37.3400,741000,27229116.00,0.05448529,0.011228,1.0000
SZ300041,2010-02-04,37.1800,38.1200,36.8800,37.8700,574600,21669248.00,0.04225000,0.008706,1.0000
SZ300041,2010-02-05,37.1200,38.2000,37.0100,37.5000,515300,19478022.00,0.03788971,0.007808,1.0000
SZ300041,2010-02-08,37.6600,38.6800,37.6600,38.0800,503000,19239578.00,0.03698529,0.007621,1.0000
SZ300041,2010-02-09,37.8100,38.3900,37.7000,37.8600,278700,10567415.00,0.02049265,0.004223,1.0000
SZ300041,2010-02-10,38.1900,39.1500,38.0000,38.9700,703800,27195680.00,0.05175000,0.010664,1.0000
SZ300041,2010-02-11,38.9800,39.7500,38.7000,39.2500,702300,27596102.00,0.05163971,0.010641,1.0000
SZ300041,2010-02-12,39.4800,40.1900,39.0800,40.1100,627900,24994354.00,0.04616912,0.009514,1.0000
SZ300041,2010-02-22,40.1000,40.3600,39.0200,39.0600,551300,21834242.00,0.04053676,0.008353,1.0000
SZ300041,2010-02-23,38.8100,39.4700,38.6100,39.4600,359400,14042755.00,0.02642647,0.005446,1.0000
SZ300041,2010-02-24,39.9400,41.5800,39.9000,41.2800,1040000,42568628.00,0.07647059,0.015758,1.0000
SZ300041,2010-02-25,41.6000,41.7000,40.9000,41.2900,962000,39749376.00,0.07073529,0.014576,1.0000
SZ300041,2010-02-26,41.0000,41.6400,40.7200,40.8800,753100,30958926.00,0.05537500,0.011411,1.0000
SZ300041,2010-03-01,41.0000,41.5000,40.9000,41.3400,615400,25396672.00,0.04525000,0.009325,1.0000
SZ300041,2010-03-02,41.5000,41.5800,40.7000,40.9700,554800,22747596.00,0.04079412,0.008406,1.0000
SZ300041,2010-03-03,41.0400,41.2000,40.7200,40.8700,568700,23281284.00,0.04181618,0.008617,1.0000
SZ300041,2010-03-04,40.7000,41.1000,39.2700,39.4200,843100,33970768.00,0.06199265,0.012775,1.0000
SZ300041,2010-03-05,39.5000,40.2400,39.4300,40.0100,436300,17421378.00,0.03208088,0.006611,1.0000
SZ300041,2010-03-08,40.0000,40.8900,39.8200,40.7800,482400,19512560.00,0.03547059,0.007309,1.0000
SZ300041,2010-03-09,40.7900,41.2900,40.0200,41.2800,461400,18814086.00,0.03392647,0.006991,1.0000
SZ300041,2010-03-10,41.4000,42.1100,41.1500,41.5800,1069300,44631940.00,0.07862500,0.016202,1.0000
SZ300041,2010-03-11,41.5000,43.6000,41.4000,43.3000,1842500,78569456.00,0.13547794,0.027918,1.0000
SZ300041,2010-03-12,43.2600,44.5000,42.8100,43.0000,1514200,66090884.00,0.11133824,0.022943,1.0000
SZ300041,2010-03-15,42.9000,43.5700,42.0300,42.3500,999500,42588312.00,0.07349265,0.015144,1.0000
SZ300041,2010-03-16,42.7300,42.7300,41.5100,41.9900,610800,25619550.00,0.04491176,0.009255,1.0000
SZ300041,2010-03-17,42.0900,42.9700,41.8000,42.9500,523200,22265928.00,0.03847059,0.007928,1.0000
SZ300041,2010-03-18,42.7500,43.2800,42.6300,43.0000,410300,17618348.00,0.03016912,0.006217,1.0000
SZ300041,2010-03-19,42.8100,43.6000,42.7200,43.0800,387300,16735893.00,0.02847794,0.005868,1.0000
SZ300041,2010-03-22,43.1300,43.1300,42.3900,42.8600,510500,21794178.00,0.03753676,0.007735,1.0000
SZ300041,2010-03-23,42.7500,42.9700,42.2600,42.8000,461100,19651276.00,0.03390441,0.006987,1.0000
SZ300041,2010-03-24,42.8000,44.2500,42.5100,44.1800,1102200,48341040.00,0.08104412,0.016701,1.0000
SZ300041,2010-03-25,44.3000,45.8800,44.0000,45.3000,1212300,54558532.00,0.08913971,0.018369,1.0000
SZ300041,2010-03-26,44.9000,45.1500,43.8300,44.4900,882800,39326552.00,0.06491176,0.013376,1.0000
SZ300041,2010-03-29,44.6500,44.9500,43.0000,44.1600,643700,28223792.00,0.04733088,0.009753,1.0000
SZ300041,2010-03-30,44.1000,45.4700,43.8200,45.4600,649000,29151772.00,0.04772059,0.009834,1.0000
SZ300041,2010-03-31,45.4500,46.4200,45.1000,45.6800,763200,35073592.00,0.05611765,0.011564,1.0000
SZ300041,2010-04-01,45.8000,48.3700,45.8000,46.8000,1354700,64089848.00,0.09961029,0.020526,1.0000
SZ300041,2010-04-02,46.0100,47.1200,45.9000,46.2500,586700,27234996.00,0.04313971,0.008890,1.0000
SZ300041,2010-04-06,46.2600,47.1900,46.0500,46.9000,1004300,46982936.00,0.07384559,0.015217,1.0000
SZ300041,2010-04-07,47.0000,50.3000,47.0000,49.5200,1597300,78905672.00,0.11744853,0.024202,1.0000
SZ300041,2010-04-08,49.4300,50.9900,49.0000,49.1800,3466000,172497152.00,0.20388235,0.052517,1.0000
SZ300041,2010-04-09,49.3000,51.7000,48.8000,51.6000,1854200,92982568.00,0.10907059,0.028095,1.0000
SZ300041,2010-04-12,52.0000,55.6500,50.8100,54.5500,2297500,121168904.00,0.13514706,0.034812,1.0000
SZ300041,2010-04-13,54.0000,55.0000,49.2900,50.6800,2507600,128382424.00,0.14750588,0.037995,1.0000
SZ300041,2010-04-14,50.9000,51.3400,48.7000,50.1400,1406400,70505464.00,0.08272941,0.021310,1.0000
SZ300041,2010-04-15,50.2000,50.2000,47.0000,47.3900,1732800,83236192.00,0.10192941,0.026255,1.0000
SZ300041,2010-04-16,47.1000,50.1800,47.0200,49.7800,1267900,62099152.00,0.07458235,0.019211,1.0000
SZ300041,2010-04-19,49.9800,51.7700,49.5200,49.9000,1790300,90486360.00,0.10531176,0.027127,1.0000
SZ300041,2010-04-20,49.3700,49.4900,45.0200,48.9900,1448200,68001752.00,0.08518824,0.021943,1.0000
SZ300041,2010-04-21,46.3500,51.5400,46.3500,51.1000,2459200,120684112.00,0.14465882,0.037262,1.0000
SZ300041,2010-04-22,50.5000,53.2500,50.2400,51.9900,1564900,80854888.00,0.09205294,0.023711,1.0000
SZ300041,2010-04-23,51.9900,52.1800,49.6000,50.9200,1105200,56128652.00,0.06501176,0.016746,1.0000
SZ300041,2010-04-26,50.9200,50.9200,48.5000,49.9500,1092900,53884200.00,0.06428824,0.016560,1.0000
SZ300041,2010-04-27,49.0400,52.0000,47.9000,48.8500,1406700,68993568.00,0.08274706,0.021314,1.0000
SZ300041,2010-04-28,49.9000,50.6500,48.0000,48.9600,700200,34698460.00,0.04118824,0.010609,1.0000
SZ300041,2010-04-29,49.2000,50.3000,47.0000,47.2100,989000,48977392.00,0.05817647,0.014985,1.0000
SZ300041,2010-04-30,47.2400,47.8800,45.6000,47.0000,1019600,47499632.00,0.05997647,0.015449,1.0000
SZ300041,2010-05-04,46.4800,48.3900,45.9700,47.6600,318100,15088340.00,0.01871176,0.004820,1.0000
SZ300041,2010-05-05,47.1000,50.1000,47.0000,49.8000,991400,48713448.00,0.05831765,0.015022,1.0000
SZ300041,2010-05-06,50.1500,51.1900,48.5000,49.1700,849000,42328080.00,0.04994118,0.012864,1.0000
SZ300041,2010-05-07,47.5000,50.3000,47.2800,49.0000,595900,29142620.00,0.03505294,0.009029,1.0000
SZ300041,2010-05-10,49.0000,49.9800,45.8500,46.9000,1327800,63276272.00,0.07810588,0.020119,1.0000
SZ300041,2010-05-11,47.6800,47.9700,45.9000,46.4100,531000,24880472.00,0.03123529,0.008046,1.0000
SZ300041,2010-05-12,45.9400,46.7000,45.5100,46.6500,545700,25095480.00,0.03210000,0.008268,1.0000
SZ300041,2010-05-13,46.7800,47.6000,45.5800,47.5200,798100,37177376.00,0.04694706,0.012093,1.0000
SZ300041,2010-05-14,46.5600,47.5000,45.9000,46.5000,765700,35581620.00,0.04504118,0.011602,1.0000
SZ300041,2010-05-17,46.0000,46.3000,43.9100,44.3000,850600,38338776.00,0.05003529,0.012888,1.0000
SZ300041,2010-05-18,44.0100,44.7800,43.0100,44.2000,764300,33468576.00,0.04495882,0.011581,1.0000
SZ300041,2010-05-19,44.2000,46.1800,44.1800,45.6500,1059600,47880272.00,0.06232941,0.016055,1.0000
SZ300041,2010-05-20,45.1600,46.3000,44.9100,46.2000,641200,29325556.00,0.03771765,0.009715,1.0000
SZ300041,2010-05-21,45.1000,47.9500,45.0000,47.6500,520000,24369274.00,0.03058824,0.007879,1.0000
SZ300041,2010-05-24,48.0000,49.6600,47.5800,48.7900,797200,39023016.00,0.04689412,0.012079,1.0000
SZ300041,2010-05-25,48.0000,49.5000,47.0000,48.2000,749100,36250880.00,0.04406471,0.011350,1.0000
SZ300041,2010-05-26,47.9400,48.7000,47.6000,48.4900,431400,20802712.00,0.02537647,0.006537,1.0000
SZ300041,2010-05-27,48.5700,50.1500,47.3700,49.8000,659400,32645462.00,0.03878824,0.009991,1.0000
SZ300041,2010-05-28,50.2000,51.0000,49.8100,50.7900,885800,44580904.00,0.05210588,0.013422,1.0000
SZ300041,2010-06-01,49.1500,50.1000,48.4000,49.9000,735300,36242776.00,0.04325294,0.011141,1.0000
SZ300041,2010-06-02,49.9000,50.9800,49.1000,50.5000,512200,25708376.00,0.03012941,0.007761,1.0000
SZ300041,2010-06-03,50.8200,50.9400,49.0000,49.2800,874400,43902924.00,0.05143529,0.013249,1.0000
SZ300041,2010-06-04,48.5200,50.4200,48.5000,50.2200,588100,29058820.00,0.03459412,0.008911,1.0000
SZ300041,2010-06-07,49.8700,52.3700,49.4100,52.0300,1109000,57356312.00,0.06523529,0.016804,1.0000
SZ300041,2010-06-08,51.8000,52.3600,51.5000,52.0600,614700,31821460.00,0.03615882,0.009314,1.0000
SZ300041,2010-06-09,52.2000,55.2500,52.1800,53.3200,1316900,70813072.00,0.07746471,0.019954,1.0000
SZ300041,2010-06-10,53.7900,58.6500,53.3000,57.9800,1544700,87050160.00,0.09086471,0.023405,1.0000
SZ300041,2010-06-11,57.4958,58.5045,56.2652,58.0102,1062200,60407120.00,0.06248235,0.016094,1.0086
SZ300041,2010-06-17,57.8993,58.4843,55.6902,55.9827,911800,51430320.00,0.05363529,0.013816,1.0086
SZ300041,2010-06-18,56.0433,59.0088,54.2881,56.7998,1380100,77945728.00,0.08118235,0.020911,1.0086
SZ300041,2010-06-21,56.2854,58.1514,53.4610,57.8690,1762000,97187480.00,0.10364706,0.026698,1.0086
SZ300041,2010-06-22,57.2840,63.2353,56.3156,61.4802,1655300,98369824.00,0.09737059,0.025081,1.0086
SZ300041,2010-06-23,60.3807,62.7410,59.5132,61.2078,1216900,73921264.00,0.07158235,0.018438,1.0086
SZ300041,2010-06-24,60.7438,64.0019,60.7438,62.1358,998300,61764592.00,0.05872353,0.015126,1.0086
SZ300041,2010-06-25,61.5306,62.0148,58.3128,59.7149,1242700,73576208.00,0.07310000,0.018829,1.0086
SZ300041,2010-06-28,59.3619,61.4095,57.7278,59.1904,843100,49921504.00,0.04959412,0.012775,1.0086
SZ300041,2010-06-29,58.3834,59.7956,55.6600,57.0015,1173300,66156392.00,0.06901765,0.017778,1.0086
SZ300041,2010-06-30,56.0634,58.0001,56.0634,58.0001,772000,43724200.00,0.04541176,0.011697,1.0086
SZ300041,2010-07-01,57.4958,58.2725,53.8241,54.3587,1306200,71400872.00,0.07683529,0.019792,1.0086
SZ300041,2010-07-02,54.3487,54.3587,50.7476,53.4206,1048300,54581880.00,0.06166471,0.015884,1.0086
SZ300041,2010-07-05,51.6453,54.2377,50.7476,53.4408,768500,39861864.00,0.04520588,0.011644,1.0086
SZ300041,2010-07-06,52.1295,55.7810,52.1295,55.3574,775900,42184864.00,0.04564118,0.011756,1.0086
SZ300041,2010-07-07,55.3271,55.9827,54.5706,55.5793,517500,28408122.00,0.03044118,0.007841,1.0086
SZ300041,2010-07-08,55.9827,60.0075,54.8530,58.3935,1016300,57591580.00,0.05978235,0.015399,1.0086
SZ300041,2010-07-09,58.6558,60.7135,57.4958,60.0478,865600,51129892.00,0.05091765,0.013116,1.0086
SZ300041,2010-07-12,60.0175,60.0175,58.0102,58.9483,741800,43362752.00,0.04363529,0.011240,1.0086
SZ300041,2010-07-13,58.0506,62.5393,58.0405,61.3288,925800,55546440.00,0.05445882,0.014028,1.0086
SZ300041,2010-07-14,61.0262,62.0148,58.9181,59.5132,783900,46660368.00,0.04611176,0.011878,1.0086
SZ300041,2010-07-15,59.3921,59.8158,57.4958,57.7782,684500,39768548.00,0.04026471,0.010372,1.0086
SZ300041,2010-07-16,57.7581,57.8690,55.5793,57.4554,585400,32971734.00,0.03443529,0.008870,1.0086
SZ300041,2010-07-19,56.5375,58.8777,56.5073,58.6558,503500,28985696.00,0.02961765,0.007629,1.0086
SZ300041,2010-07-20,58.6558,59.7452,58.0001,59.5132,709800,41503424.00,0.04175294,0.010755,1.0086
SZ300041,2010-07-21,59.5132,60.9254,59.0088,59.3115,801700,47545884.00,0.04715882,0.012147,1.0086
SZ300041,2010-07-22,58.5146,59.5031,57.4958,58.8878,518300,30076840.00,0.03048824,0.007853,1.0086
SZ300041,2010-07-23,58.9988,60.5017,58.5146,59.7149,626700,36992892.00,0.03686471,0.009496,1.0086
SZ300041,2010-07-26,60.1285,60.8346,59.5233,60.5219,519400,30996316.00,0.03055294,0.007870,1.0086
SZ300041,2010-07-27,60.1184,60.5219,59.0895,59.2106,560100,33128540.00,0.03294706,0.008487,1.0086
SZ300041,2010-07-28,58.6861,60.3202,58.5247,60.1184,533600,31570528.00,0.03138824,0.008085,1.0086
SZ300041,2010-07-29,60.2193,60.5118,58.8676,59.5132,519400,30639282.00,0.03055294,0.007870,1.0086
SZ300041,2010-07-30,59.3115,62.7209,58.8374,62.2367,1043000,63290348.00,0.06135294,0.015804,1.0086
SZ300041,2010-08-02,62.0854,63.0436,61.6819,62.9629,597100,37030312.00,0.03512353,0.009047,1.0086
SZ300041,2010-08-03,63.0436,63.4370,60.8245,60.8245,536700,33052546.00,0.03157059,0.008132,1.0086
SZ300041,2010-08-04,60.5320,61.5810,59.4224,60.4815,559000,33272444.00,0.03288235,0.008470,1.0086
SZ300041,2010-08-05,60.4815,61.7222,60.0276,61.4095,706900,42602540.00,0.04158235,0.010711,1.0086
SZ300041,2010-08-06,61.0464,62.0249,60.3807,61.7929,568900,34606708.00,0.03346471,0.008620,1.0086
SZ300041,2010-08-09,61.8332,62.3174,61.5306,62.1358,569700,34929368.00,0.03351176,0.008632,1.0086
SZ300041,2010-08-10,62.1560,62.4788,59.5233,60.3202,542200,32669968.00,0.03189412,0.008215,1.0086
SZ300041,2010-08-11,59.6141,61.0262,59.6141,60.5219,357100,21379434.00,0.02100588,0.005411,1.0086
SZ300041,2010-08-12,59.8763,61.6819,59.6443,60.6228,343700,20686468.00,0.02021765,0.005208,1.0086
SZ300041,2010-08-13,60.9254,62.4889,60.1487,62.4889,437300,26793584.00,0.02572353,0.006626,1.0086
SZ300041,2010-08-16,62.7410,68.2687,62.7410,67.9358,1059200,69302712.00,0.06230588,0.016049,1.0086
SZ300041,2010-08-17,67.7845,69.0958,66.5741,68.4704,644600,43322464.00,0.03791765,0.009767,1.0086
SZ300041,2010-08-18,68.0871,70.5685,67.4315,68.5108,707400,48182232.00,0.04161176,0.010719,1.0086
SZ300041,2010-08-19,68.5915,70.4777,67.8047,68.5713,596500,40892104.00,0.03508824,0.009038,1.0086
SZ300041,2010-08-20,68.3191,69.0958,65.5654,67.3306,633900,42156188.00,0.03728824,0.009605,1.0086
SZ300041,2010-08-23,66.8666,67.8854,65.6663,66.2614,497300,32837460.00,0.02925294,0.007535,1.0086
SZ300041,2010-08-24,65.8680,67.9257,65.5856,66.1908,570800,37776040.00,0.03357647,0.008649,1.0086
SZ300041,2010-08-25,65.6763,68.6016,63.9716,67.3810,1222600,80425888.00,0.07191765,0.018525,1.0086
SZ300041,2010-08-26,64.6777,65.5351,61.5306,64.3549,1326200,83222424.00,0.07801176,0.020095,1.0086
SZ300041,2010-08-27,63.3462,64.7584,61.5306,64.3549,588200,37035912.00,0.03460000,0.008912,1.0086
SZ300041,2010-08-30,64.2137,65.3636,63.5480,64.6172,815100,52286976.00,0.04794706,0.012350,1.0086
SZ300041,2010-08-31,64.1431,64.1633,61.3793,63.4370,904200,56338104.00,0.05318824,0.013700,1.0086
SZ300041,2010-09-01,63.3362,63.3362,61.6516,62.7410,925500,57304088.00,0.05444118,0.014023,1.0086
SZ300041,2010-09-02,62.5191,64.1532,61.8332,63.8002,807000,50368632.00,0.04747059,0.012228,1.0086
SZ300041,2010-09-03,64.0523,65.4343,63.1546,65.3636,960100,61375764.00,0.05647647,0.014547,1.0086
SZ300041,2010-09-06,65.7671,66.0395,62.7410,63.5379,760200,48351692.00,0.04471765,0.011519,1.0086
SZ300041,2010-09-07,63.3866,63.8304,61.9038,62.8419,594600,36900544.00,0.03497647,0.009009,1.0086
SZ300041,2010-09-08,62.5292,63.1949,61.5306,62.3174,513400,31512088.00,0.03020000,0.007779,1.0086
SZ300041,2010-09-09,62.6502,63.0436,62.1661,62.4384,391200,24264660.00,0.02301176,0.005927,1.0086
SZ300041,2010-09-10,62.5191,65.0610,62.3880,64.4356,772000,48989364.00,0.04541176,0.011697,1.0086
SZ300041,2010-09-13,64.1633,65.3636,63.6690,64.4760,595200,37946968.00,0.03501176,0.009018,1.0086
SZ300041,2010-09-14,64.3348,64.8795,64.0523,64.4760,552800,35193976.00,0.03251765,0.008376,1.0086
SZ300041,2010-09-15,64.5264,65.7671,63.5682,64.0523,641300,41208796.00,0.03772353,0.009717,1.0086
SZ300041,2010-09-16,63.7497,64.1330,61.3995,62.5393,542000,33528350.00,0.03188235,0.008212,1.0086
SZ300041,2010-09-17,63.0436,63.1445,61.6516,62.3375,213900,13232089.00,0.01258235,0.003241,1.0086
SZ300041,2010-09-20,62.3678,62.8217,59.3619,59.8158,563600,33752568.00,0.03315294,0.008540,1.0086
SZ300041,2010-09-21,59.8158,60.3706,58.6961,59.9671,317900,18758644.00,0.01870000,0.004817,1.0086
SZ300041,2010-09-27,59.9873,60.9758,59.9873,60.8043,184800,11095890.00,0.01087059,0.002800,1.0086
SZ300041,2010-09-28,60.8043,61.1775,60.1688,60.6127,218000,13113930.00,0.01282353,0.003303,1.0086
SZ300041,2010-09-29,60.0982,60.6429,59.5132,59.7956,247600,14675789.00,0.01456471,0.003752,1.0086
SZ300041,2010-09-30,60.5219,63.7296,59.6141,63.6489,769900,47799736.00,0.04528824,0.011666,1.0086
SZ300041,2010-10-08,64.0523,64.3549,62.7511,64.2137,508400,32046576.00,0.02990588,0.007703,1.0086
SZ300041,2010-10-11,64.4356,64.4356,61.5306,63.0134,385200,24048732.00,0.02265882,0.005837,1.0086
SZ300041,2010-10-12,62.5393,63.0941,61.0464,62.9529,468400,28813650.00,0.02755294,0.007097,1.0086
SZ300041,2010-10-13,62.5695,62.5796,61.8332,62.5393,195500,12061553.00,0.01150000,0.002962,1.0086
SZ300041,2010-10-14,62.5393,64.0422,61.1170,62.3275,301700,18788648.00,0.01774706,0.004571,1.0086
SZ300041,2010-10-15,61.5911,62.7713,59.6241,59.7149,561000,33820736.00,0.03300000,0.008500,1.0086
SZ300041,2010-10-18,59.1097,59.6544,56.6888,58.9080,660100,37555184.00,0.03882941,0.010002,1.0086
SZ300041,2010-10-19,58.9080,62.5292,58.6054,61.5306,666600,40531656.00,0.03921176,0.010100,1.0086
SZ300041,2010-10-20,59.7149,62.3981,59.7048,62.1963,657600,40108916.00,0.03868235,0.009964,1.0086
SZ300041,2010-10-21,61.5104,61.7021,59.6443,60.5522,331100,19895146.00,0.01947647,0.005017,1.0086
SZ300041,2010-10-22,60.5017,63.9515,59.8259,63.9010,563500,34877944.00,0.03314706,0.008538,1.0086
SZ300041,2010-10-25,63.7497,66.9271,63.1647,66.2715,1178700,76964936.00,0.06933529,0.017860,1.0086
SZ300041,2010-10-26,66.5640,66.5640,65.0207,65.7671,587700,38116316.00,0.03457059,0.008905,1.0086
SZ300041,2010-10-27,66.1605,68.4704,65.5956,67.1793,469700,31094084.00,0.02762941,0.007117,1.0086
SZ300041,2010-10-28,67.1894,68.0367,65.0610,65.5452,455200,29662056.00,0.02677647,0.006897,1.0086
SZ300041,2010-10-29,65.2224,67.5828,65.2224,67.5828,964000,63369848.00,0.05670588,0.014607,1.0086
SZ300041,2010-11-01,68.0871,69.4691,67.5828,68.8033,902200,61272712.00,0.05307059,0.013670,1.0086
SZ300041,2010-11-02,68.7831,68.7831,66.6245,66.6750,562200,37479872.00,0.03307059,0.008518,1.0086
SZ300041,2010-11-03,65.8579,65.8579,63.5480,64.4356,593100,37832760.00,0.03488824,0.008987,1.0086
SZ300041,2010-11-04,64.1028,65.5654,63.1445,65.4544,570300,36222796.00,0.03354706,0.008641,1.0086
SZ300041,2010-11-05,65.4544,66.2715,64.3751,66.2210,714500,46271292.00,0.04202941,0.010826,1.0086
SZ300041,2010-11-08,66.3723,69.1967,65.8176,69.0958,690800,46486816.00,0.04063529,0.010467,1.0086
SZ300041,2010-11-09,68.8638,69.4993,67.8148,69.1967,338000,23030464.00,0.01988235,0.005121,1.0086
SZ300041,2010-11-10,68.8739,72.9591,68.2183,70.9115,716500,50838728.00,0.04214706,0.010856,1.0086
SZ300041,2010-11-11,70.6089,72.2430,69.0958,69.8826,409000,28612340.00,0.02405882,0.006197,1.0086
SZ300041,2010-11-12,69.6002,70.1045,66.0697,67.2701,419100,28158792.00,0.02465294,0.006350,1.0086
SZ300041,2010-11-15,67.5626,71.8798,67.5626,71.8798,1180000,82774296.00,0.06941176,0.017879,1.0086
SZ300041,2010-11-16,72.2228,73.5240,67.6534,69.0958,910500,63820916.00,0.05355882,0.013796,1.0086
SZ300041,2010-11-18,67.5828,68.8437,66.0697,68.3494,441400,29447432.00,0.02596471,0.006688,1.0086
SZ300041,2010-11-19,67.8652,71.4663,67.8652,71.4663,538600,37136796.00,0.03168235,0.008161,1.0086
SZ300041,2010-11-22,71.8395,73.5240,70.8106,72.7271,1153500,82654776.00,0.06785294,0.017478,1.0086
SZ300041,2010-11-23,72.4044,73.4938,70.4374,72.2228,698900,49541536.00,0.04111176,0.010590,1.0086
SZ300041,2010-11-24,71.7991,74.1393,71.6277,73.3324,567800,41171736.00,0.03340000,0.008603,1.0086
SZ300041,2010-11-25,73.6148,73.9174,70.7299,71.2948,676400,48107044.00,0.03978824,0.010249,1.0086
SZ300041,2010-11-26,70.6089,71.1132,69.7011,70.7501,523300,36587176.00,0.03078235,0.007929,1.0086
SZ300041,2010-11-29,70.7501,71.8395,69.6002,70.9115,934100,65409096.00,0.05494706,0.014153,1.0086
SZ300041,2010-11-30,71.3049,71.3049,63.8203,66.4026,1569600,103382888.00,0.09232941,0.023783,1.0086
SZ300041,2010-12-01,65.5956,66.3522,64.7584,65.4645,798800,51850076.00,0.04698824,0.012103,1.0086
SZ300041,2010-12-02,66.2715,66.5640,64.5567,64.8593,817100,52885712.00,0.04806471,0.012381,1.0086
SZ300041,2010-12-03,64.8593,65.9689,64.5567,65.6663,634000,41040948.00,0.03729412,0.009606,1.0086
SZ300041,2010-12-06,65.6663,66.9574,64.7685,65.4645,528700,34521240.00,0.03110000,0.008011,1.0086
SZ300041,2010-12-07,65.2123,67.8652,65.0610,67.3003,683400,45220412.00,0.04020000,0.010355,1.0086
SZ300041,2010-12-08,67.2197,68.5007,66.8061,67.8955,824300,55663464.00,0.04848824,0.012490,1.0086
SZ300041,2010-12-09,67.5626,68.4402,66.5943,66.8767,514800,34435908.00,0.03028235,0.007800,1.0086
SZ300041,2010-12-10,66.5741,67.3710,65.8983,66.9473,497000,32908578.00,0.02923529,0.007531,1.0086
SZ300041,2010-12-13,67.4819,69.7918,67.0885,69.7111,1092200,74159416.00,0.06424706,0.016549,1.0086
SZ300041,2010-12-14,69.7111,69.7817,68.7730,69.2572,588400,40338380.00,0.03461176,0.008915,1.0086
SZ300041,2010-12-15,69.1059,70.9115,68.6924,69.4489,685500,47551420.00,0.04032353,0.010387,1.0086
SZ300041,2010-12-16,69.4489,71.0830,68.9445,70.5282,705100,49104904.00,0.04147647,0.010684,1.0086
SZ300041,2010-12-17,70.3063,70.7097,69.1967,69.8019,569800,39513504.00,0.03351765,0.008634,1.0086
SZ300041,2010-12-20,69.9230,69.9230,66.0798,67.5828,850600,57152392.00,0.05003529,0.012888,1.0086
SZ300041,2010-12-22,68.3797,68.5310,66.6951,66.9776,394400,26300690.00,0.02320000,0.005976,1.0086
SZ300041,2010-12-23,66.8767,66.8767,63.5581,64.5567,1073000,68947120.00,0.06311765,0.016258,1.0086
SZ300041,2010-12-24,64.3449,64.8492,63.5883,64.3449,649300,41350256.00,0.03819412,0.009838,1.0086
SZ300041,2010-12-27,65.1216,65.5654,61.6415,62.0148,514800,32357964.00,0.03028235,0.007800,1.0086
SZ300041,2010-12-28,61.6315,62.0349,61.0464,61.1069,379900,23131250.00,0.02234706,0.005756,1.0086
SZ300041,2010-12-29,61.1271,62.2871,61.1271,61.9442,415100,25395696.00,0.02441765,0.006290,1.0086
SZ300041,2010-12-30,61.7323,62.5393,61.5508,62.2770,284900,17539752.00,0.01675882,0.004317,1.0086
SZ300041,2010-12-31,63.0436,63.5177,62.3476,63.0033,313000,19507030.00,0.01841176,0.004743,1.0086
SZ300041,2011-01-04,62.9428,65.2224,62.6502,64.5466,780500,49604132.00,0.04591176,0.011826,1.0086
SZ300041,2011-01-05,64.4457,65.7470,63.5480,65.4645,1453300,93227592.00,0.08548824,0.022020,1.0086
SZ300041,2011-01-06,65.0610,65.6461,62.9932,63.1142,487900,30907512.00,0.02870000,0.007393,1.0086
SZ300041,2011-01-07,63.1243,63.5379,61.5306,61.8937,464700,28715540.00,0.02733529,0.007041,1.0086
SZ300041,2011-01-10,62.3375,65.0409,61.6415,61.9038,992400,62604280.00,0.03198451,0.015037,1.0086
SZ300041,2011-01-11,61.3288,62.0349,59.7250,60.7236,485800,29235216.00,0.01565707,0.007361,1.0086
SZ300041,2011-01-12,61.5306,62.1963,60.5925,61.5104,254400,15505909.00,0.00819917,0.003855,1.0086
SZ300041,2011-01-13,61.2078,62.5897,61.2078,62.2669,254400,15680358.00,0.00819917,0.003855,1.0086
SZ300041,2011-01-14,62.3375,62.3375,59.8662,59.9368,310000,18659732.00,0.00999113,0.004697,1.0086
SZ300041,2011-01-17,58.8575,60.2596,56.5981,56.7796,615500,35658276.00,0.01983723,0.009326,1.0086
SZ300041,2011-01-18,56.8200,57.8287,56.7796,57.3445,547300,31194810.00,0.01763918,0.008293,1.0086
SZ300041,2011-01-19,57.3747,59.7855,56.7897,58.9887,890900,51561304.00,0.02871322,0.013499,1.0086
SZ300041,2011-01-20,58.8273,59.4325,56.8906,57.0721,814400,47084160.00,0.02624767,0.012340,1.0086
SZ300041,2011-01-21,57.4958,60.0175,57.1427,59.5031,679700,39575272.00,0.02190636,0.010299,1.0086
SZ300041,2011-01-24,59.1097,59.9066,55.5591,56.0735,687400,39108420.00,0.02215453,0.010415,1.0086
SZ300041,2011-01-25,55.5389,56.1845,53.5619,54.7521,569700,30998098.00,0.01836112,0.008632,1.0086
SZ300041,2011-01-26,54.9740,55.9827,54.7521,55.7810,321200,17645700.00,0.01035210,0.004867,1.0086
SZ300041,2011-01-27,55.2767,56.9914,54.4697,56.4972,310400,17276122.00,0.01000402,0.004703,1.0086
SZ300041,2011-01-28,56.4972,57.6774,56.2854,57.1327,268900,15222060.00,0.00866650,0.004074,1.0086
SZ300041,2011-01-31,56.9309,57.7379,56.4871,57.7278,304200,17290928.00,0.00980420,0.004609,1.0086
SZ300041,2011-02-01,57.7984,57.9800,57.2134,57.5160,229300,13101299.00,0.00739021,0.003474,1.0086
SZ300041,2011-02-09,57.7984,57.7984,55.1758,55.4582,580100,32421220.00,0.01869631,0.008790,1.0086
SZ300041,2011-02-10,55.0749,57.8892,55.0144,57.8589,732200,41196932.00,0.02359841,0.011094,1.0086
SZ300041,2011-02-11,57.8589,59.7149,57.7480,59.3014,693700,40433180.00,0.02235757,0.010511,1.0086
SZ300041,2011-02-14,59.2913,60.4210,58.4541,59.8662,798300,47001088.00,0.02572877,0.012096,1.0086
SZ300041,2011-02-15,59.7654,60.2899,59.1097,59.3921,510200,30151756.00,0.01644347,0.007731,1.0086
SZ300041,2011-02-16,59.3921,61.9139,59.3115,61.4802,620500,37505456.00,0.01999838,0.009402,1.0086
SZ300041,2011-02-17,61.7929,62.1358,61.1271,61.7525,438800,26794276.00,0.01414228,0.006649,1.0086
SZ300041,2011-02-18,61.5306,61.9845,60.5219,61.1372,374400,22668318.00,0.01206671,0.005673,1.0086
SZ300041,2011-02-21,59.7250,62.3275,59.7250,62.0652,460200,28095048.00,0.01483199,0.006973,1.0086
SZ300041,2011-02-22,61.7323,62.2064,59.8662,59.9974,596900,35837340.00,0.01923776,0.009044,1.0086
SZ300041,2011-02-23,59.6040,62.9831,59.5334,61.6415,759600,46389424.00,0.02448149,0.011509,1.0086
SZ300041,2011-02-24,61.7323,62.9226,60.0175,60.4311,819800,49712436.00,0.02642171,0.012422,1.0086
SZ300041,2011-02-25,60.4412,60.7135,59.3921,59.3921,520700,31066212.00,0.01678188,0.007890,1.0086
SZ300041,2011-02-28,59.5132,60.1386,58.1010,59.3619,660400,38498784.00,0.02128433,0.010006,1.0086
SZ300041,2011-03-01,59.3619,60.2899,59.3215,59.7654,491300,29133142.00,0.01583433,0.007444,1.0086
SZ300041,2011-03-02,59.5334,59.7048,57.4958,58.0001,603600,34849400.00,0.01945370,0.009146,1.0086
SZ300041,2011-03-03,58.0708,58.4036,57.5059,58.2019,672600,38676640.00,0.02167753,0.010191,1.0086
SZ300041,2011-03-04,58.3834,58.5852,57.7681,58.3330,269600,15541746.00,0.00868906,0.004085,1.0086
SZ300041,2011-03-07,58.4843,60.1890,58.4843,59.6948,517500,30659908.00,0.01667874,0.007841,1.0086
SZ300041,2011-03-08,59.6746,60.3403,59.6141,60.1588,375800,22335008.00,0.01211183,0.005694,1.0086
SZ300041,2011-03-09,60.1588,60.5118,59.2913,59.8360,298100,17644108.00,0.00960760,0.004517,1.0086
SZ300041,2011-03-10,59.9268,62.3073,59.9268,61.1069,854200,51898960.00,0.02753040,0.012943,1.0086
SZ300041,2011-03-11,61.0162,62.1862,60.5219,61.4600,755000,45966920.00,0.02433324,0.011440,1.0086
SZ300041,2011-03-14,61.2280,62.5191,61.1775,61.7727,430800,26336240.00,0.01388445,0.006527,1.0086
SZ300041,2011-03-15,61.7929,61.7929,58.5045,59.9974,508800,30180494.00,0.01639835,0.007709,1.0086
SZ300041,2011-03-16,60.3202,61.7323,59.5838,60.9758,568900,34340248.00,0.01833534,0.008620,1.0086
SZ300041,2011-03-17,60.9153,61.4297,59.3720,59.4022,409600,24445672.00,0.01320118,0.006206,1.0086
SZ300041,2011-03-18,59.7755,60.8951,59.5838,60.1688,256700,15264987.00,0.00827330,0.003890,1.0086
SZ300041,2011-03-21,59.9167,60.9960,59.9167,60.2697,227200,13613540.00,0.00732253,0.003443,1.0086
SZ300041,2011-03-22,60.3302,61.7122,60.0478,61.6516,435200,26332986.00,0.01402626,0.006594,1.0086
SZ300041,2011-03-23,61.6516,61.7929,61.0061,61.4802,406700,24781912.00,0.01310772,0.006162,1.0086
SZ300041,2011-03-24,61.5508,62.0148,60.3101,60.8749,389100,23497576.00,0.01254048,0.005896,1.0086
SZ300041,2011-03-25,60.9153,61.4196,57.4958,58.5852,1458200,85711472.00,0.04699699,0.022095,1.0086
SZ300041,2011-03-28,59.0895,59.9570,57.3445,57.3546,1146000,66816960.00,0.03693495,0.017364,1.0086
SZ300041,2011-03-29,56.5880,57.3747,54.4697,54.6513,910100,50253312.00,0.02933203,0.013790,1.0086
SZ300041,2011-03-30,54.3890,55.0547,53.6829,54.1671,456300,24589220.00,0.01470630,0.006914,1.0086
SZ300041,2011-03-31,54.2780,55.6600,54.2780,54.5403,416100,22645040.00,0.01341068,0.006305,1.0086
SZ300041,2011-04-01,54.5706,55.0043,54.2881,54.9740,284400,15366702.00,0.00916606,0.004309,1.0086
SZ300041,2011-04-06,54.8530,55.2464,53.6829,53.8140,462200,24953892.00,0.01489645,0.007003,1.0086
SZ300041,2011-04-07,53.6627,55.5994,53.6627,55.4986,441600,24123104.00,0.01423253,0.006691,1.0086
SZ300041,2011-04-08,55.4986,56.1441,55.2767,55.9626,277500,15341125.00,0.00894367,0.004205,1.0086
SZ300041,2011-04-11,56.2047,56.2248,54.9034,55.1455,281600,15406840.00,0.00907581,0.004267,1.0086
SZ300041,2011-04-12,54.7118,55.1254,54.2780,54.4697,240700,13023373.00,0.00775763,0.003647,1.0086
SZ300041,2011-04-13,54.4697,55.2666,54.0662,55.2060,270300,14745042.00,0.00871162,0.004096,1.0086
SZ300041,2011-04-14,54.9841,55.9727,54.8933,55.1758,189100,10367334.00,0.00609459,0.002865,1.0086
SZ300041,2011-04-15,55.1758,55.6801,53.8847,54.5807,225500,12173185.00,0.00726774,0.003417,1.0086
SZ300041,2011-04-18,54.5201,54.5201,52.9365,52.9667,508400,26856356.00,0.01638545,0.007703,1.0086
SZ300041,2011-04-19,52.9667,53.2492,51.7664,52.1194,551800,28587066.00,0.01778421,0.008361,1.0086
SZ300041,2011-04-21,52.5027,54.6714,52.2606,54.4092,1080200,56977444.00,0.03481426,0.016367,1.0086
SZ300041,2011-04-22,54.0561,54.4495,53.7838,54.1469,473100,25333460.00,0.01524775,0.007168,1.0086
SZ300041,2011-04-25,54.2680,54.4495,52.6843,52.7045,496600,26233856.00,0.01600515,0.007524,1.0086
SZ300041,2011-04-26,53.0071,53.0071,52.3313,52.8255,421100,21952364.00,0.01357182,0.006380,1.0086
SZ300041,2011-04-27,53.4408,53.4610,51.2721,51.8269,325800,16960168.00,0.01050036,0.004937,1.0086
SZ300041,2011-04-28,51.8269,52.2506,49.4464,50.0012,578500,28938486.00,0.01864474,0.008765,1.0086
SZ300041,2011-04-29,49.5825,50.7915,48.9617,50.3504,353400,10791865.00,0.00711868,0.003347,1.6336
SZ300041,2011-05-03,50.3177,51.5756,49.8276,51.4286,348200,10853414.00,0.00701393,0.003297,1.6336
SZ300041,2011-05-04,50.7425,51.8860,50.7098,50.7425,418100,13112918.00,0.00842196,0.003959,1.6336
SZ300041,2011-05-05,50.7915,51.5756,50.7915,51.2979,271300,8521273.00,0.00546491,0.002569,1.6336
SZ300041,2011-05-06,50.5954,53.3237,50.3177,53.0296,501700,16228593.00,0.01010595,0.004751,1.6336
SZ300041,2011-05-09,53.0950,54.2386,52.6049,53.9935,312200,10281324.00,0.00628877,0.002957,1.6336
SZ300041,2011-05-10,53.2257,53.9772,53.0623,53.3074,257000,8372428.00,0.00517686,0.002434,1.6336
SZ300041,2011-05-11,53.0950,53.6668,52.8499,53.2093,224800,7321135.00,0.00452824,0.002129,1.6336
SZ300041,2011-05-12,53.2257,53.2420,52.2781,52.8826,152400,4941237.00,0.00306985,0.001443,1.6336
SZ300041,2011-05-13,52.6049,53.3727,52.2945,53.2583,167200,5399637.00,0.00336798,0.001583,1.6336
SZ300041,2011-05-16,53.8791,54.3856,52.8172,53.2420,174700,5700171.00,0.00351905,0.001654,1.6336
SZ300041,2011-05-17,53.0133,53.4544,52.3598,53.2093,254300,8248594.00,0.00512247,0.002408,1.6336
SZ300041,2011-05-18,52.5559,53.2583,52.4088,53.0623,215200,6969930.00,0.00433486,0.002038,1.6336
SZ300041,2011-05-19,53.0950,53.0950,52.2781,52.6049,264800,8529474.00,0.00533397,0.002508,1.6336
SZ300041,2011-05-20,52.6049,52.7682,51.9514,52.6049,312500,10011737.00,0.00629481,0.002959,1.6336
SZ300041,2011-05-23,51.7063,52.9316,51.1345,51.4613,338500,10741764.00,0.00681854,0.003206,1.6336
SZ300041,2011-05-24,52.6049,53.0623,51.2816,51.8860,580800,18450196.00,0.01169929,0.005500,1.6336
SZ300041,2011-05-25,51.8697,51.8697,50.1543,50.8078,346400,10773556.00,0.00697768,0.003280,1.6336
SZ300041,2011-05-26,50.6444,50.6934,49.7132,50.1380,458700,14061062.00,0.00923978,0.004344,1.6336
SZ300041,2011-05-27,49.9910,50.6118,49.0107,50.4811,226200,6913043.00,0.00455644,0.002142,1.6336
SZ300041,2011-05-30,50.3994,50.9222,50.1217,50.3340,272600,8422901.00,0.00549109,0.002582,1.6336
SZ300041,2011-05-31,50.3340,50.9058,50.1543,50.8241,186200,5768475.00,0.00375070,0.001763,1.6336
SZ300041,2011-06-01,50.7915,51.2979,50.7915,51.1999,207400,6486836.00,0.00417774,0.001964,1.6336
SZ300041,2011-06-02,51.0855,51.0855,50.1543,50.4811,415200,12842476.00,0.00836354,0.003932,1.6336
SZ300041,2011-06-03,50.5627,52.9316,50.5627,52.2781,256500,8134742.00,0.00516678,0.002429,1.6336
SZ300041,2011-06-07,52.9479,53.7484,52.2618,53.5524,361200,11772945.00,0.00727580,0.003421,1.6336
SZ300041,2011-06-08,53.4217,53.6014,52.6539,52.9970,225800,7364985.00,0.00454838,0.002138,1.6336
SZ300041,2011-06-09,53.0950,53.4217,52.4905,52.6049,124700,4044042.00,0.00251188,0.001181,1.6336
SZ300041,2011-06-10,53.7648,54.4346,52.6049,53.9118,432500,14226090.00,0.00871202,0.004096,1.6336
SZ300041,2011-06-13,53.1767,54.6470,53.1767,54.5980,321900,10636812.00,0.00648416,0.003048,1.6336
SZ300041,2011-06-14,54.4509,54.9084,53.9118,54.5653,115100,3842191.00,0.00231851,0.001090,1.6336
SZ300041,2011-06-15,55.0227,55.0227,53.9118,54.4019,177700,5922614.00,0.00357948,0.001683,1.6336
SZ300041,2011-06-16,54.2386,54.5490,53.5687,53.7484,213000,7031919.00,0.00429055,0.002017,1.6336
SZ300041,2011-06-17,53.6831,54.3856,53.6831,54.3202,260100,8607760.00,0.00523930,0.002463,1.6336
SZ300041,2011-06-20,54.2386,55.7742,54.2386,54.7123,637400,21456388.00,0.01283941,0.006036,1.6336
SZ300041,2011-06-21,54.6470,55.2024,52.5232,53.2747,334500,10972167.00,0.00673797,0.003168,1.6336
SZ300041,2011-06-22,53.3400,53.4380,52.1148,52.6049,418700,13450656.00,0.00843404,0.003965,1.6336
SZ300041,2011-06-23,52.3598,53.2583,52.1148,52.6049,258000,8350983.00,0.00519700,0.002443,1.6336
SZ300041,2011-06-24,52.6049,54.7123,52.6049,54.6306,456800,15093317.00,0.00920151,0.004326,1.6336
SZ300041,2011-06-27,54.4836,55.0554,53.6178,53.8301,529100,17578608.00,0.01065788,0.005011,1.6336
SZ300041,2011-06-28,53.8955,54.4999,53.5197,53.7484,162800,5356646.00,0.00327935,0.001542,1.6336
SZ300041,2011-06-29,53.6668,53.9118,53.0786,53.1930,677300,22111814.00,0.01364313,0.006414,1.6336
SZ300041,2011-06-30,53.3400,54.7287,53.3400,54.5980,359100,11942205.00,0.00723350,0.003401,1.6336
SZ300041,2011-07-01,54.4836,54.8920,53.9118,54.4019,267700,8920526.00,0.00539239,0.002535,1.6336
SZ300041,2011-07-04,54.3693,55.5128,53.7484,55.4965,706300,23608868.00,0.01422729,0.006689,1.6336
SZ300041,2011-07-05,55.4638,57.1465,55.0227,55.4802,394000,13498878.00,0.00793650,0.003731,1.6336
SZ300041,2011-07-06,55.5455,55.5455,54.4346,55.1861,209800,7046387.00,0.00422609,0.001987,1.6336
SZ300041,2011-07-07,54.7450,56.5094,54.7450,56.3787,877800,30059536.00,0.01768188,0.008313,1.6336
SZ300041,2011-07-08,56.1827,56.8851,55.3005,56.8035,286900,9831759.00,0.00577914,0.002717,1.6336
SZ300041,2011-07-11,56.1990,56.3624,53.9118,54.6306,998200,33370112.00,0.02010715,0.009453,1.6336
SZ300041,2011-07-12,54.1079,54.6143,52.7356,53.0623,1049500,34198156.00,0.02114050,0.009939,1.6336
SZ300041,2011-07-13,53.0623,53.9118,53.0623,53.5851,713400,23398752.00,0.01437031,0.006756,1.6336
SZ300041,2011-07-14,53.5851,53.9445,51.3959,52.2618,2382800,76108608.00,0.04799771,0.022565,1.6336
SZ300041,2011-07-15,52.0984,53.4217,51.7880,53.1767,1155100,37452856.00,0.02326765,0.010939,1.6336
SZ300041,2011-07-18,53.2583,54.0589,52.9643,53.2093,927000,30385808.00,0.01867294,0.008779,1.6336
SZ300041,2011-07-19,52.7682,52.8172,50.9712,51.9514,1038200,32730878.00,0.02091288,0.009832,1.6336
SZ300041,2011-07-20,52.2945,52.7356,51.2979,51.9677,471500,14918944.00,0.00949762,0.004465,1.6336
SZ300041,2011-07-21,52.2781,53.2257,51.7390,53.0296,1249900,40263744.00,0.02517724,0.011837,1.6336
SZ300041,2011-07-22,53.0460,55.1534,52.7682,54.4509,1670100,55391808.00,0.03364150,0.015816,1.6336
SZ300041,2011-07-25,54.4019,54.4346,51.2979,51.4776,1470900,47210040.00,0.02962893,0.013929,1.6336
SZ300041,2011-07-26,51.5103,52.6865,51.5103,52.2455,739700,23620134.00,0.01490008,0.007005,1.6336
SZ300041,2011-07-27,52.4415,54.3039,51.7227,54.1079,1230100,39765196.00,0.02477840,0.011649,1.6336
SZ300041,2011-07-28,53.5524,54.0752,53.1767,53.9445,481700,15776663.00,0.00970308,0.004562,1.6336
SZ300041,2011-07-29,54.7287,54.7287,53.1767,53.6014,262900,8635878.00,0.00529570,0.002490,1.6336
SZ300041,2011-08-01,53.5851,54.1079,52.3598,53.4217,396100,12972931.00,0.00797880,0.003751,1.6336
SZ300041,2011-08-02,52.4578,53.2257,52.2781,52.8009,332000,10679071.00,0.00668761,0.003144,1.6336
SZ300041,2011-08-03,52.4742,56.0356,52.3598,54.9084,1336300,44889732.00,0.02691763,0.012655,1.6336
SZ300041,2011-08-04,54.7450,55.1534,53.9445,54.3693,1116800,37236736.00,0.02249615,0.010576,1.6336
SZ300041,2011-08-05,53.4217,53.4217,52.3598,53.1440,782000,25268232.00,0.01575214,0.007406,1.6336
SZ300041,2011-08-08,52.4415,55.2024,51.4776,53.7484,1124000,36454816.00,0.02264119,0.010644,1.6336
SZ300041,2011-08-09,52.4415,54.1079,51.4776,53.9118,643400,20894368.00,0.01296027,0.006093,1.6336
SZ300041,2011-08-10,54.2386,54.8594,53.1930,54.3693,605300,20089252.00,0.01219280,0.005732,1.6336
SZ300041,2011-08-11,53.3890,54.7287,53.0950,54.2386,510700,16906016.00,0.01028724,0.004836,1.6336
SZ300041,2011-08-12,54.6960,55.7742,53.5034,55.1371,969700,32540556.00,0.01953306,0.009183,1.6336
SZ300041,2011-08-15,55.1044,58.8129,54.7940,58.4862,2307900,80759216.00,0.04648896,0.021856,1.6336
SZ300041,2011-08-16,58.2411,58.4208,56.9342,57.3099,872000,30821844.00,0.01756505,0.008258,1.6336
SZ300041,2011-08-17,57.1955,58.1267,56.8198,57.1792,535600,18827536.00,0.01078881,0.005072,1.6336
SZ300041,2011-08-18,55.8723,56.3460,54.0425,55.2188,1766500,59501200.00,0.03558332,0.016729,1.6336
SZ300041,2011-08-19,54.2386,56.6401,53.5851,56.4767,980200,33071026.00,0.01974457,0.009282,1.6336
SZ300041,2011-08-22,56.3460,56.3624,55.2188,55.3495,506300,17228204.00,0.01019861,0.004795,1.6336
SZ300041,2011-08-23,55.3821,55.7416,55.0717,55.6109,331800,11260224.00,0.00668358,0.003142,1.6336
SZ300041,2011-08-24,55.6925,56.5257,54.5653,54.7123,606200,20601604.00,0.01221093,0.005741,1.6336
SZ300041,2011-08-25,54.8104,54.8267,53.3400,54.3202,1175000,38817632.00,0.02366850,0.011127,1.6336
SZ300041,2011-08-26,54.3366,55.2024,54.0425,54.5490,755900,25167360.00,0.01522640,0.007158,1.6336
SZ300041,2011-08-29,54.4836,55.5292,54.4836,55.2841,804100,27089442.00,0.01619731,0.007615,1.6336
SZ300041,2011-08-30,55.2188,55.4475,54.2712,54.2876,384100,12882121.00,0.00773708,0.003637,1.6336
SZ300041,2011-08-31,54.5326,54.8267,52.1148,52.7192,1230000,39645636.00,0.02477639,0.011648,1.6336
SZ300041,2011-09-01,52.2781,52.7519,51.2979,52.1474,635500,20302084.00,0.01280113,0.006018,1.6336
SZ300041,2011-09-02,51.8697,51.9841,49.8276,51.0855,603500,18679500.00,0.01215654,0.005715,1.6336
SZ300041,2011-09-05,50.3994,50.3994,48.2429,50.3177,722900,21714664.00,0.01456167,0.006846,1.6336
SZ300041,2011-09-06,49.3538,49.3538,47.8672,47.8998,536000,15845041.00,0.01079687,0.005076,1.6336
SZ300041,2011-09-07,47.9652,48.7657,46.9033,48.6023,680700,19902852.00,0.01371162,0.006446,1.6336
SZ300041,2011-09-08,48.7820,48.9944,47.4261,47.4751,377400,11170704.00,0.00760212,0.003574,1.6336
SZ300041,2011-09-09,47.5404,47.8672,47.0503,47.4424,168700,4888169.00,0.00339819,0.001598,1.6336
SZ300041,2011-09-13,47.0666,47.0666,44.9755,45.4166,257900,7223924.00,0.00519498,0.002442,1.6336
SZ300041,2011-09-14,45.4166,46.5439,45.1716,46.5112,256500,7205048.00,0.00516678,0.002429,1.6336
SZ300041,2011-09-15,46.5439,46.7726,45.8904,45.8904,218800,6212524.00,0.00440738,0.002072,1.6336
SZ300041,2011-09-16,45.9067,46.7236,45.7760,46.2988,215600,6096120.00,0.00434292,0.002042,1.6336
SZ300041,2011-09-19,46.2825,46.5602,45.1879,45.3839,137800,3866387.00,0.00277576,0.001305,1.6336
SZ300041,2011-09-20,45.2042,45.3676,44.2077,45.3676,160700,4415255.00,0.00323705,0.001522,1.6336
SZ300041,2011-09-21,45.6617,46.6419,44.7958,45.9884,887700,24987540.00,0.01788130,0.008407,1.6336
SZ300041,2011-09-22,45.9067,46.0211,44.1097,44.1097,376700,10376186.00,0.00758802,0.003567,1.6336
SZ300041,2011-09-23,42.9824,43.6196,42.6557,43.2438,268100,7059755.00,0.00540045,0.002539,1.6336
SZ300041,2011-09-26,43.2275,43.5542,41.6755,42.3126,218200,5693016.00,0.00439529,0.002066,1.6336
SZ300041,2011-09-27,42.3943,42.9661,42.0512,42.8027,295200,7713940.00,0.00594633,0.002796,1.6336
SZ300041,2011-09-28,43.4235,43.4235,42.6557,42.9334,619400,16239492.00,0.01247683,0.005866,1.6336
SZ300041,2011-09-29,41.8552,43.5869,41.8552,42.8027,232300,6101564.00,0.00467931,0.002200,1.6336
SZ300041,2011-09-30,42.8844,43.5052,41.6918,42.7700,626200,16175129.00,0.01261380,0.005930,1.6336
SZ300041,2011-10-10,42.3779,42.9987,41.8388,42.2309,47700,1235205.00,0.00096084,0.000452,1.6336
SZ300041,2011-10-11,43.4562,44.0280,41.9042,42.2963,124200,3268113.00,0.00250181,0.001176,1.6336
SZ300041,2011-10-12,41.9205,43.5379,41.0056,43.5379,294400,7750126.00,0.00593022,0.002788,1.6336
SZ300041,2011-10-13,43.5052,45.8904,43.3745,45.4166,668900,18526888.00,0.01347392,0.006334,1.6336
SZ300041,2011-10-14,45.4166,45.8250,44.4364,45.2206,164200,4527770.00,0.00330755,0.001555,1.6336
SZ300041,2011-10-17,44.8448,45.5636,44.5998,44.8285,106900,2935245.00,0.00215333,0.001012,1.6336
SZ300041,2011-10-18,44.6815,45.0899,43.7829,44.0933,125000,3383237.00,0.00251793,0.001184,1.6336
SZ300041,2011-10-19,44.0280,44.7631,43.2275,43.2275,169200,4523935.00,0.00340826,0.001602,1.6336
SZ300041,2011-10-20,43.5705,44.7631,42.7700,43.3418,346000,9235872.00,0.00696962,0.003277,1.6336
SZ300041,2011-10-21,44.0933,44.0933,40.0254,41.2507,346200,8735311.00,0.00697365,0.003279,1.6336
SZ300041,2011-10-24,40.4829,42.4760,38.7511,39.3720,597100,14472596.00,0.01202763,0.005655,1.6336
SZ300041,2011-10-25,39.6170,40.6789,39.0289,40.0254,293100,7167229.00,0.00590403,0.002776,1.6336
SZ300041,2011-10-26,40.9240,41.9695,40.1888,41.2997,960400,24130704.00,0.01934573,0.009095,1.6336
SZ300041,2011-10-27,41.1363,41.7081,40.4665,41.3324,855600,21701168.00,0.01723470,0.008103,1.6336
SZ300041,2011-10-28,41.8715,42.5577,40.8913,41.6918,1102100,27987140.00,0.02220005,0.010437,1.6336
SZ300041,2011-10-31,41.4958,42.1492,41.4958,42.1166,850100,21773264.00,0.01712391,0.008050,1.6336
SZ300041,2011-11-01,41.8225,43.6196,40.8423,43.3255,1383200,36228668.00,0.02786236,0.013099,1.6336
SZ300041,2011-11-02,42.4760,43.9953,41.8552,43.7993,875000,22969962.00,0.01762548,0.008286,1.6336
SZ300041,2011-11-03,44.3711,44.6815,43.4562,43.7829,1012100,27337756.00,0.02038714,0.009585,1.6336
SZ300041,2011-11-04,43.7829,44.3711,43.2928,44.1097,758200,20349124.00,0.01527273,0.007180,1.6336
SZ300041,2011-11-07,44.1097,44.3547,43.5869,43.6686,297800,7996439.00,0.00599871,0.002820,1.6336
SZ300041,2011-11-08,43.6522,43.7666,42.1492,42.1819,415500,10914145.00,0.00836958,0.003935,1.6336
SZ300041,2011-11-09,42.4433,43.0478,41.9042,43.0151,247000,6419712.00,0.00497542,0.002339,1.6336
SZ300041,2011-11-10,42.3126,44.0116,42.0675,43.6196,1064700,28187140.00,0.02144668,0.010083,1.6336
SZ300041,2011-11-11,43.6032,44.3874,42.8844,44.2404,1034000,27793180.00,0.02082828,0.009792,1.6336
SZ300041,2011-11-14,44.8775,45.2532,44.4527,45.2206,1242500,34164864.00,0.02502818,0.011766,1.6336
SZ300041,2011-11-15,45.0899,46.1681,44.7141,45.4166,1093900,30477892.00,0.02203487,0.010359,1.6336
SZ300041,2011-11-16,45.2532,46.2008,43.5379,43.9790,966200,26345038.00,0.01946256,0.009150,1.6336
SZ300041,2011-11-17,43.4562,45.3676,43.4562,44.7795,944900,25821368.00,0.01903350,0.008948,1.6336
SZ300041,2011-11-18,44.5998,45.7434,44.1097,45.4820,1202400,33140432.00,0.02422043,0.011387,1.6336
SZ300041,2011-11-21,45.4820,45.5146,44.1913,44.9755,487500,13355526.00,0.00981991,0.004617,1.6336
SZ300041,2011-11-22,44.8938,46.6092,44.2077,45.7270,1844200,51572864.00,0.03714847,0.017465,1.6336
SZ300041,2011-11-23,45.4166,47.0503,45.3186,46.1354,1604600,45488984.00,0.03232211,0.015196,1.6336
SZ300041,2011-11-24,46.0701,46.7236,44.9428,46.3642,880800,24755418.00,0.01774231,0.008341,1.6336
SZ300041,2011-11-25,45.8904,47.1647,45.8904,46.6582,772600,22033510.00,0.01556279,0.007317,1.6336
SZ300041,2011-11-28,46.6582,47.0503,45.0899,45.6617,634900,17767908.00,0.01278905,0.006012,1.6336
SZ300041,2011-11-29,46.0374,46.1354,45.1062,45.9231,771800,21560280.00,0.01554668,0.007309,1.6336
SZ300041,2011-11-30,45.4166,45.7107,41.3324,43.6196,1351100,35590520.00,0.02721575,0.012795,1.6336
SZ300041,2011-12-01,44.5017,44.8775,42.6720,43.9136,731000,19698276.00,0.01472483,0.006923,1.6336
SZ300041,2011-12-02,42.9334,43.4235,41.4141,41.9368,375400,9654157.00,0.00756183,0.003555,1.6336
SZ300041,2011-12-05,41.9859,41.9859,38.7185,39.0942,455300,11052302.00,0.00917129,0.004312,1.6336
SZ300041,2011-12-06,39.0615,39.1106,37.6402,39.0289,642500,15066980.00,0.01294214,0.006084,1.6336
SZ300041,2011-12-07,38.5551,39.2086,38.3591,39.0289,160000,3810537.00,0.00322294,0.001515,1.6336
SZ300041,2011-12-08,38.6368,38.6368,36.8724,38.1957,875700,20155926.00,0.01763958,0.008293,1.6336
SZ300041,2011-12-09,37.3788,37.9016,36.5947,37.0521,492200,11186477.00,0.00991458,0.004661,1.6336
SZ300041,2011-12-12,36.7580,37.1501,36.4803,36.8071,165500,3739412.00,0.00333373,0.001567,1.6336
SZ300041,2011-12-13,36.5947,36.8234,35.9412,36.6927,364000,8088218.00,0.00733220,0.003447,1.6336
SZ300041,2011-12-14,36.4640,37.6729,36.3660,37.2482,351200,7953057.00,0.00707436,0.003326,1.6336
SZ300041,2011-12-15,36.6273,37.7056,36.4803,36.4967,354700,8059411.00,0.00714487,0.003359,1.6336
SZ300041,2011-12-16,36.3006,38.0323,36.1699,37.5749,267800,6044716.00,0.00539440,0.002536,1.6336
SZ300041,2011-12-19,37.5749,37.5749,36.2679,36.9377,693000,15561979.00,0.01395938,0.006563,1.6336
SZ300041,2011-12-20,36.5947,37.0521,36.2026,36.3986,434400,9741624.00,0.00875030,0.004114,1.6336
SZ300041,2011-12-21,36.5620,36.7417,32.7555,33.0005,1029100,21732488.00,0.02072958,0.009746,1.6336
SZ300041,2011-12-22,32.5104,33.4090,30.4030,32.2817,1450400,27728420.00,0.02921599,0.013735,1.6336
SZ300041,2011-12-23,31.6936,32.4778,31.1218,31.8080,520800,10112815.00,0.01049069,0.004932,1.6336
SZ300041,2011-12-26,31.0565,31.4485,30.7134,30.9094,430100,8198126.00,0.00866368,0.004073,1.6336
SZ300041,2011-12-27,30.9094,30.9584,29.8312,30.3703,336000,6274764.00,0.00676818,0.003182,1.6336
SZ300041,2011-12-28,29.9782,30.4357,28.8183,29.7005,611900,10993860.00,0.01232575,0.005795,1.6336
SZ300041,2011-12-29,29.4064,30.4683,29.4064,30.3376,482000,8810051.00,0.00970912,0.004565,1.6336
SZ300041,2011-12-30,30.3376,31.3505,30.3376,30.8931,197000,3714928.00,0.00396825,0.001866,1.6336
SZ300041,2012-01-04,31.6609,31.6609,29.5698,29.5698,109500,2044228.00,0.00220570,0.001037,1.6336
SZ300041,2012-01-05,28.9653,29.8802,27.2173,28.2628,303000,5294184.00,0.00610345,0.002869,1.6336
SZ300041,2012-01-06,28.3772,28.5732,27.4133,28.4752,270600,4643967.00,0.00545081,0.002563,1.6336
SZ300041,2012-01-09,28.2628,29.3411,27.6094,29.3411,608600,10763436.00,0.01225928,0.005763,1.6336
SZ300041,2012-01-10,29.0797,30.8441,29.0797,30.6480,787600,14504830.00,0.01586495,0.007459,1.6336
SZ300041,2012-01-11,30.6480,30.9584,30.0599,30.6807,711100,13299735.00,0.01432398,0.006734,1.6336
SZ300041,2012-01-12,30.8931,32.5104,30.3050,30.9584,1071200,20626352.00,0.02157762,0.010144,1.6336
SZ300041,2012-01-13,30.4193,30.8604,27.8708,28.1485,2114600,36815688.00,0.04259524,0.020025,1.6336
SZ300041,2012-01-16,27.6094,28.0831,25.9757,26.1717,726000,12082812.00,0.01462411,0.006875,1.6336
SZ300041,2012-01-17,26.1390,27.5277,25.6489,27.3153,977400,15969094.00,0.01968816,0.009256,1.6336
SZ300041,2012-01-18,27.3480,27.7074,25.9103,25.9757,678500,11159869.00,0.01366730,0.006425,1.6336
SZ300041,2012-01-19,26.1227,26.8742,25.7306,26.2861,1265700,20312268.00,0.02549551,0.011986,1.6336
SZ300041,2012-01-20,26.6291,28.9163,26.5311,28.0341,1968300,33718668.00,0.03964826,0.018640,1.6336
SZ300041,2012-01-30,27.6094,29.0633,27.0376,28.5896,1875000,31929572.00,0.03776888,0.017756,1.6336
SZ300041,2012-01-31,28.1158,28.3609,27.1193,27.4950,1396200,23408876.00,0.02812422,0.013222,1.6336
SZ300041,2012-02-01,27.2173,27.7401,26.8252,27.1193,934100,15637722.00,0.01881595,0.008846,1.6336
SZ300041,2012-02-02,27.1683,27.7237,27.0049,27.7074,778800,13050685.00,0.01568768,0.007375,1.6336
SZ300041,2012-02-03,27.7727,28.6223,27.6094,28.3935,1550800,26830208.00,0.03123839,0.014686,1.6336
SZ300041,2012-02-06,28.5079,29.2921,28.2628,28.7856,1353100,23812492.00,0.02725604,0.012814,1.6336
SZ300041,2012-02-07,28.6059,28.7203,27.9361,27.9524,838000,14484209.00,0.01688017,0.007936,1.6336
SZ300041,2012-02-08,28.1812,30.0109,27.9524,29.8312,1945100,34787884.00,0.03918094,0.018420,1.6336
SZ300041,2012-02-09,29.8965,30.8277,29.3574,30.3376,2110700,39050088.00,0.04251668,0.019988,1.6336
SZ300041,2012-02-10,30.0272,30.3376,29.6678,30.0436,1326600,24380242.00,0.02672224,0.012563,1.6336
SZ300041,2012-02-13,29.7332,30.7787,29.6515,30.4357,1504000,27924526.00,0.03029568,0.014243,1.6336
SZ300041,2012-02-14,30.4357,32.0040,30.4357,31.2525,2148500,41130288.00,0.04327811,0.020346,1.6336
SZ300041,2012-02-15,31.3342,31.7753,30.6480,31.7753,1386000,26535012.00,0.02791876,0.013125,1.6336
SZ300041,2012-02-16,31.8243,31.8406,30.9094,31.3178,1403900,26957414.00,0.02827933,0.013295,1.6336
SZ300041,2012-02-17,31.2035,31.6609,29.9455,30.0272,2674700,49873444.00,0.05387757,0.025329,1.6336
SZ300041,2012-02-20,30.2396,30.7461,30.0599,30.2559,2778300,51674796.00,0.05596442,0.026310,1.6336
SZ300041,2012-02-21,30.2559,30.7134,29.9292,30.6970,1703500,31677368.00,0.03431429,0.016132,1.6336
SZ300041,2012-02-22,30.8277,31.8243,30.7951,31.7426,2516900,48572016.00,0.05069894,0.023835,1.6336
SZ300041,2012-02-23,31.5956,32.5104,31.0074,31.7753,5014300,97410160.00,0.10100508,0.047485,1.6336
SZ300041,2012-02-24,31.8080,32.3471,31.6936,32.3144,2653300,51908200.00,0.05344650,0.025127,1.6336
SZ300041,2012-02-27,32.3961,32.6738,31.0401,31.8406,3084200,60341128.00,0.06212629,0.029207,1.6336
SZ300041,2012-02-28,31.5466,31.5466,30.5500,31.0074,2280400,43335072.00,0.04593502,0.021595,1.6336
SZ300041,2012-02-29,30.7297,31.4159,30.7297,30.7951,1275500,24215506.00,0.02569291,0.012079,1.6336
SZ300041,2012-03-01,30.7787,31.4159,30.7297,31.0565,799500,15213895.00,0.01610465,0.007571,1.6336
SZ300041,2012-03-02,31.0401,31.6609,30.9094,31.6609,1263300,24285316.00,0.02544716,0.011963,1.6336
SZ300041,2012-03-05,31.8570,32.4778,31.4322,31.4976,1565300,30588988.00,0.03153047,0.014823,1.6336
SZ300041,2012-03-06,31.5302,31.5629,29.4064,30.7134,1995900,37387884.00,0.04020422,0.018901,1.6336
SZ300041,2012-03-07,30.2723,30.9748,29.9782,30.6317,1160800,21748272.00,0.02338246,0.010993,1.6336
SZ300041,2012-03-08,30.8441,31.8243,30.4357,31.7426,1643200,31462604.00,0.03309964,0.015561,1.6336
SZ300041,2012-03-09,31.7753,32.3471,31.4322,32.2164,1935500,37920796.00,0.03898756,0.018329,1.6336
SZ300041,2012-03-12,32.3471,32.3471,31.7099,32.0040,1535600,30006716.00,0.03093221,0.014542,1.6336
SZ300041,2012-03-13,32.0040,34.1115,31.8570,33.5070,4235100,85869752.00,0.08530933,0.040106,1.6336
SZ300041,2012-03-14,33.8011,33.8011,31.0401,31.4159,3194000,63640084.00,0.06433804,0.030247,1.6336
SZ300041,2012-03-15,31.1218,31.7753,29.7495,30.0109,1663200,31046140.00,0.03350251,0.015750,1.6336
SZ300041,2012-03-16,30.0109,30.7951,29.9946,30.7787,1307000,24345818.00,0.02632743,0.012377,1.6336
SZ300041,2012-03-19,30.7624,31.8570,30.1579,31.8570,1193600,22714268.00,0.02404317,0.011303,1.6336
SZ300041,2012-03-20,31.9060,31.9550,30.5827,30.6480,1189900,22655412.00,0.02396864,0.011268,1.6336
SZ300041,2012-03-21,30.7134,31.0401,29.4881,30.0599,1097600,20272324.00,0.02210940,0.010394,1.6336
SZ300041,2012-03-22,30.0109,30.0272,28.8836,29.2104,1322000,23722458.00,0.02662958,0.012519,1.6336
SZ300041,2012-03-23,29.2757,29.5698,28.4752,28.8836,988000,17537368.00,0.01990168,0.009356,1.6336
SZ300041,2012-03-26,28.8836,29.0143,27.7727,28.2138,949900,16508135.00,0.01913422,0.008996,1.6336
SZ300041,2012-03-27,28.2628,28.5896,27.9361,28.1485,554300,9592674.00,0.01116549,0.005249,1.6336
SZ300041,2012-03-28,28.2138,28.2138,26.7272,26.7272,978900,16385025.00,0.01971838,0.009270,1.6336
SZ300041,2012-03-29,26.4985,26.9886,26.1390,26.8742,686900,11174175.00,0.01383650,0.006505,1.6336
SZ300041,2012-03-30,26.8579,26.9395,26.0574,26.1390,593800,9580938.00,0.01196115,0.005623,1.6336
SZ300041,2012-04-05,26.4658,27.2173,26.1390,26.9395,760300,12441347.00,0.01531503,0.007200,1.6336
SZ300041,2012-04-06,26.9395,27.1683,26.7108,27.0212,753400,12416294.00,0.01517604,0.007135,1.6336
SZ300041,2012-04-09,27.0212,27.0212,26.3024,26.3351,558000,9069115.00,0.01124002,0.005284,1.6336
SZ300041,2012-04-10,26.3351,26.4004,25.3549,26.1880,1140800,17999268.00,0.02297960,0.010803,1.6336
SZ300041,2012-04-11,25.8940,26.1554,25.6653,26.1390,882000,13997314.00,0.01776648,0.008353,1.6336
SZ300041,2012-04-12,26.7762,27.1029,26.2534,26.9232,1558500,25496150.00,0.03139350,0.014759,1.6336
SZ300041,2012-04-13,26.8579,27.0866,26.6618,27.0539,1533900,25214272.00,0.03089797,0.014526,1.6336
SZ300041,2012-04-16,27.0539,27.0539,26.3841,26.6128,897700,14638633.00,0.01808273,0.008501,1.6336
SZ300041,2012-04-17,26.7108,26.9232,26.4004,26.4004,917000,14951913.00,0.01847150,0.008684,1.6336
SZ300041,2012-04-19,26.8905,29.0470,26.8905,29.0470,7809100,136175616.00,0.15730186,0.073952,1.6336
SZ300041,2012-04-20,29.0307,29.1614,28.4262,29.0470,5863900,103427184.00,0.11811891,0.055531,1.6336
SZ300041,2012-04-23,29.0633,30.3703,28.0178,28.1321,5869000,105173856.00,0.11822164,0.055579,1.6336
SZ300041,2012-04-24,27.2990,27.8544,25.7470,27.2826,3940100,64283512.00,0.07936703,0.037313,1.6336
SZ300041,2012-04-25,26.7925,27.2009,26.4985,26.6945,2573400,42190236.00,0.05183704,0.024370,1.6336
SZ300041,2012-04-26,26.9559,29.3574,26.6291,29.3574,3711000,64119428.00,0.07475218,0.035143,1.6336
SZ300041,2012-04-27,30.4041,31.3677,29.8392,30.3875,7481500,137598720.00,0.15070288,0.070850,1.6614
SZ300041,2012-05-02,30.4540,32.7301,29.7063,31.3677,5519600,104387760.00,0.11118354,0.052271,1.6614
SZ300041,2012-05-03,30.8361,31.9991,30.5370,31.3677,3500000,65808936.00,0.07050192,0.033145,1.6614
SZ300041,2012-05-04,30.9856,32.8630,30.9856,31.1684,4135700,79140272.00,0.08330708,0.039165,1.6614
SZ300041,2012-05-07,30.9358,31.8662,30.3709,31.8163,3141800,58609064.00,0.06328655,0.029753,1.6614
SZ300041,2012-05-08,31.7665,32.0157,31.1019,31.2847,2677500,50889128.00,0.05393397,0.025356,1.6614
SZ300041,2012-05-09,30.8195,31.0188,30.1217,30.3044,2263400,41572432.00,0.04559258,0.021434,1.6614
SZ300041,2012-05-10,30.2878,31.0355,30.2712,30.4373,1927600,35510164.00,0.03882843,0.018254,1.6614
SZ300041,2012-05-11,30.5370,31.3677,30.2047,31.1185,2486200,46163264.00,0.05008053,0.023544,1.6614
SZ300041,2012-05-14,31.3677,32.3812,30.6699,30.7032,3679100,70301632.00,0.07410960,0.034841,1.6614
SZ300041,2012-05-15,29.9057,30.0718,29.2910,29.7395,2344900,41790152.00,0.04723427,0.022206,1.6614
SZ300041,2012-05-16,29.7229,29.9888,29.0417,29.5069,1120400,19895522.00,0.02256867,0.010610,1.6614
SZ300041,2012-05-17,29.3242,30.1383,29.0417,29.8725,1379500,24688588.00,0.02778783,0.013064,1.6614
SZ300041,2012-05-18,29.9057,30.1051,27.9950,27.9950,1957400,34205476.00,0.03942870,0.018537,1.6614
SZ300041,2012-05-21,27.9950,29.0085,27.9950,28.4602,1346700,23164624.00,0.02712712,0.012753,1.6614
SZ300041,2012-05-22,28.6596,28.8590,28.2443,28.8091,1064200,18315922.00,0.02143661,0.010078,1.6614
SZ300041,2012-05-23,28.5932,28.7427,27.1311,28.5433,2284100,38498272.00,0.04600955,0.021630,1.6614
SZ300041,2012-05-24,28.2443,29.1414,28.0947,28.5433,1228500,21177652.00,0.02474617,0.011634,1.6614
SZ300041,2012-05-25,28.5433,28.8756,27.8455,27.9120,1097300,18744290.00,0.02210336,0.010391,1.6614
SZ300041,2012-05-28,27.7624,29.0251,27.1643,29.0251,1714900,29113010.00,0.03454393,0.016240,1.6614
SZ300041,2012-05-29,28.9919,29.7063,28.8091,29.4737,1919000,33920292.00,0.03865519,0.018173,1.6614
SZ300041,2012-05-30,29.4073,30.0386,29.1082,29.5069,1446700,25897688.00,0.02914146,0.013700,1.6614
SZ300041,2012-05-31,29.3740,30.1549,28.9088,29.5236,1308600,23391284.00,0.02635966,0.012392,1.6614
SZ300041,2012-06-01,29.5236,29.9057,28.9088,29.1913,1200700,21188572.00,0.02418619,0.011371,1.6614
SZ300041,2012-06-04,28.4104,28.4270,27.3305,27.3305,1740400,29211532.00,0.03505758,0.016482,1.6614
SZ300041,2012-06-05,27.3471,27.6628,26.5994,27.0646,983400,16094199.00,0.01980902,0.009313,1.6614
SZ300041,2012-06-06,27.3305,27.3969,26.9317,27.1311,664400,10844852.00,0.01338328,0.006292,1.6614
SZ300041,2012-06-07,27.4468,27.6628,26.9151,26.9151,717600,11775832.00,0.01445491,0.006796,1.6614
SZ300041,2012-06-08,27.1809,28.2276,26.9151,27.3471,1206600,19924642.00,0.02430503,0.011426,1.6614
SZ300041,2012-06-11,27.3803,28.2443,27.0813,28.1612,1255800,21148816.00,0.02529609,0.011892,1.6614
SZ300041,2012-06-12,27.8787,28.5599,27.7791,28.3938,949700,16054694.00,0.01913019,0.008994,1.6614
SZ300041,2012-06-13,28.3938,29.0750,27.9784,28.7261,1259500,21623264.00,0.02537062,0.011927,1.6614
SZ300041,2012-06-14,28.5433,28.8091,28.0283,28.2110,1106600,18898404.00,0.02229069,0.010479,1.6614
SZ300041,2012-06-15,28.4104,28.6430,27.5132,28.1612,870800,14716135.00,0.01754088,0.008246,1.6614
SZ300041,2012-06-18,28.5101,28.7095,27.9286,28.6098,1303500,22332548.00,0.02625693,0.012344,1.6614
SZ300041,2012-06-19,28.4270,28.6430,28.0615,28.5932,873300,14911555.00,0.01759124,0.008270,1.6614
SZ300041,2012-06-20,28.5599,29.2079,28.5433,28.7427,1416800,24636108.00,0.02853918,0.013417,1.6614
SZ300041,2012-06-21,28.8258,28.8424,27.6295,27.7624,1056100,17798880.00,0.02127345,0.010001,1.6614
SZ300041,2012-06-25,27.7624,27.7624,26.5164,26.5164,1142500,18565900.00,0.02301384,0.010819,1.6614
SZ300041,2012-06-26,26.4998,26.6991,25.8850,26.2339,1028300,16240115.00,0.02071346,0.009738,1.6614
SZ300041,2012-06-27,26.2505,26.6991,25.8020,25.9847,1188700,18752486.00,0.02394447,0.011257,1.6614
SZ300041,2012-06-28,26.1176,26.5496,25.7521,25.7521,615100,9661228.00,0.01239021,0.005825,1.6614
SZ300041,2012-06-29,25.5361,26.2007,24.6390,26.2007,1334500,20425996.00,0.02688137,0.012638,1.6614
SZ300041,2012-07-02,26.0678,26.7490,26.0346,26.3170,898000,14261696.00,0.01808878,0.008504,1.6614
SZ300041,2012-07-03,26.5662,26.6991,26.1176,26.3336,841800,13393064.00,0.01695672,0.007972,1.6614
SZ300041,2012-07-04,26.4167,26.5662,26.0179,26.1176,628300,9944244.00,0.01265610,0.005950,1.6614
SZ300041,2012-07-05,26.2505,26.2505,23.5092,23.5258,4247800,61505416.00,0.08556516,0.040227,1.6614
SZ300041,2012-07-06,23.5424,23.7584,22.3628,23.0274,3657300,50288476.00,0.07367047,0.034635,1.6614
SZ300041,2012-07-09,22.9609,22.9609,22.1634,22.1967,1589200,21587654.00,0.03201190,0.015050,1.6614
SZ300041,2012-07-10,22.1136,22.4459,22.0637,22.3130,776100,10399301.00,0.01563330,0.007350,1.6614
SZ300041,2012-07-11,22.5622,23.0606,22.4293,22.7615,1357100,18605960.00,0.02733661,0.012852,1.6614
SZ300041,2012-07-12,22.6785,23.2101,22.5289,23.0274,1149200,15865175.00,0.02314880,0.010883,1.6614
SZ300041,2012-07-13,23.0274,23.1603,21.6816,21.8976,2370500,31834478.00,0.04774994,0.022449,1.6614
SZ300041,2012-07-16,21.9807,21.9807,20.6515,20.8011,1935300,24554080.00,0.03898353,0.018327,1.6614
SZ300041,2012-07-17,20.8675,21.2330,20.7014,21.0004,1252800,15792746.00,0.02523566,0.011864,1.6614
SZ300041,2012-07-18,20.9506,21.2995,20.6349,21.2829,1098100,13851618.00,0.02211947,0.010399,1.6614
SZ300041,2012-07-19,21.2829,22.0139,21.1167,21.6816,1848400,24191028.00,0.03723307,0.017504,1.6614
SZ300041,2012-07-20,21.5985,21.8145,21.3493,21.3659,1108800,14368553.00,0.02233501,0.010500,1.6614
SZ300041,2012-07-23,21.2330,21.5985,20.9506,21.4158,890000,11424095.00,0.01792763,0.008428,1.6614
SZ300041,2012-07-24,21.4656,22.0804,21.4324,21.6982,1185200,15535549.00,0.02387396,0.011224,1.6614
SZ300041,2012-07-25,21.7481,22.2631,21.5985,21.8810,1585400,21018316.00,0.03193535,0.015014,1.6614
SZ300041,2012-07-26,22.0637,22.2631,21.6152,21.6816,1078800,14189095.00,0.02173071,0.010216,1.6614
SZ300041,2012-07-27,21.8478,21.9973,21.4656,21.6650,728100,9518520.00,0.01466641,0.006895,1.6614
SZ300041,2012-07-30,21.8311,21.9474,21.0835,21.1832,690800,8944022.00,0.01391506,0.006542,1.6614
SZ300041,2012-07-31,20.9672,21.3327,20.6183,20.8841,613600,7693240.00,0.01235999,0.005811,1.6614
SZ300041,2012-08-01,20.9672,21.4989,20.8841,21.3161,681000,8730326.00,0.01371766,0.006449,1.6614
SZ300041,2012-08-02,21.3826,21.3826,21.0337,21.1832,389600,4973085.00,0.00784787,0.003690,1.6614
SZ300041,2012-08-03,21.2164,22.1800,21.1333,22.1634,1338400,17539656.00,0.02695993,0.012675,1.6614
SZ300041,2012-08-06,21.9474,22.7283,21.8976,22.5123,1378500,18531518.00,0.02776768,0.013054,1.6614
SZ300041,2012-08-07,22.5289,22.7283,22.3296,22.5788,982600,13325069.00,0.01979291,0.009305,1.6614
SZ300041,2012-08-08,22.6286,22.7117,22.1800,22.3462,899800,12115003.00,0.01812504,0.008521,1.6614
SZ300041,2012-08-09,22.2963,22.9443,22.1634,22.7782,1410000,19264092.00,0.02840220,0.013353,1.6614
SZ300041,2012-08-10,23.7584,23.7584,22.8945,22.9609,2511400,35200504.00,0.05058815,0.023783,1.6614
SZ300041,2012-08-13,22.7117,23.3597,22.3462,22.8778,1688100,23419634.00,0.03400408,0.015986,1.6614
SZ300041,2012-08-14,22.8778,22.9609,21.9807,22.7449,1311700,17698164.00,0.02642210,0.012422,1.6614
SZ300041,2012-08-15,22.6286,22.8612,22.3462,22.5622,732000,9919038.00,0.01474497,0.006932,1.6614
SZ300041,2012-08-16,22.4293,22.8612,22.3960,22.4791,743500,10130862.00,0.01497662,0.007041,1.6614
SZ300041,2012-08-17,22.4293,22.6286,22.2631,22.4293,397800,5373909.00,0.00801305,0.003767,1.6614
SZ300041,2012-08-20,22.1468,22.4957,21.9641,22.4625,696500,9303647.00,0.01402988,0.006596,1.6614
SZ300041,2012-08-21,22.4293,23.0108,22.3296,22.8945,705900,9695383.00,0.01421923,0.006685,1.6614
SZ300041,2012-08-22,22.9941,23.4593,22.8612,23.1769,1920500,26830194.00,0.03868541,0.018187,1.6614
SZ300041,2012-08-23,22.9443,24.0076,22.8778,23.7086,1932100,27503244.00,0.03891907,0.018297,1.6614
SZ300041,2012-08-24,23.5092,24.0575,22.8446,22.9443,1571600,22141522.00,0.03165738,0.014883,1.6614
SZ300041,2012-08-27,22.7615,22.7782,22.0970,22.3296,1194900,16064462.00,0.02406935,0.011316,1.6614
SZ300041,2012-08-28,22.2631,23.2766,22.1136,23.0440,931300,12704777.00,0.01875955,0.008819,1.6614
SZ300041,2012-08-29,23.0772,23.8747,22.6951,23.4760,1525400,21540280.00,0.03072675,0.014446,1.6614
SZ300041,2012-08-30,23.4593,23.7584,22.4293,23.0772,1742800,24313912.00,0.03510593,0.016504,1.6614
SZ300041,2012-08-31,22.9941,23.4593,22.9111,23.3098,763800,10659596.00,0.01538553,0.007233,1.6614
SZ300041,2012-09-03,23.1935,23.7086,23.1935,23.4261,974600,13793929.00,0.01963176,0.009229,1.6614
SZ300041,2012-09-04,23.2766,23.6587,22.9277,22.9609,954500,13321729.00,0.01922688,0.009039,1.6614
SZ300041,2012-09-05,22.7449,23.5590,22.5954,23.2267,815800,11381834.00,0.01643299,0.007726,1.6614
SZ300041,2012-09-06,23.4261,24.0076,23.4261,23.8581,1383800,19755292.00,0.02787444,0.013105,1.6614
SZ300041,2012-09-07,23.9245,24.8716,23.7916,24.5559,3420500,50203812.00,0.06890052,0.032392,1.6614
SZ300041,2012-09-10,24.4728,24.7386,24.0907,24.5227,2029600,29868138.00,0.04088305,0.019220,1.6614
SZ300041,2012-09-11,24.3399,24.9214,24.2734,24.6223,1615300,23976872.00,0.03253764,0.015297,1.6614
SZ300041,2012-09-12,24.9048,25.2038,24.5891,24.8716,1705800,25487314.00,0.03436062,0.016154,1.6614
SZ300041,2012-09-13,24.4562,24.7719,23.9079,23.9245,1871200,27439352.00,0.03769234,0.017720,1.6614
SZ300041,2012-09-14,24.1073,24.3233,23.3597,23.8747,1465500,20978704.00,0.02952016,0.013878,1.6614
SZ300041,2012-09-17,24.0575,24.0575,23.0274,23.0440,1041700,14635852.00,0.02098338,0.009865,1.6614
SZ300041,2012-09-18,23.0440,23.2434,22.7117,22.8612,625300,8638661.00,0.01259567,0.005922,1.6614
SZ300041,2012-09-19,22.8945,23.0938,22.7615,22.9941,602800,8331394.00,0.01214244,0.005709,1.6614
SZ300041,2012-09-20,23.0108,23.0108,21.7647,22.1800,1312100,17546554.00,0.02643016,0.012426,1.6614
SZ300041,2012-09-21,22.1800,22.2631,20.9672,21.1832,1526400,19805946.00,0.03074689,0.014455,1.6614
SZ300041,2012-09-24,21.0669,21.3493,20.7678,21.1333,602800,7646745.00,0.01214244,0.005709,1.6614
SZ300041,2012-09-25,21.2330,21.2330,20.7512,20.8675,528300,6656236.00,0.01064176,0.005003,1.6614
SZ300041,2012-09-26,20.7678,21.0170,19.9870,20.0700,648300,7951668.00,0.01305897,0.006139,1.6614
SZ300041,2012-09-27,20.1033,20.8509,20.0700,20.5186,693300,8506739.00,0.01396542,0.006566,1.6614
SZ300041,2012-09-28,20.4355,21.1500,20.4023,21.0669,779800,9754042.00,0.01570783,0.007385,1.6614
SZ300041,2012-10-08,20.9340,21.1832,20.7014,20.8011,446000,5589743.00,0.00898396,0.004224,1.6614
SZ300041,2012-10-09,20.8841,21.4822,20.8177,21.4656,785500,10072523.00,0.01582264,0.007439,1.6614
SZ300041,2012-10-10,21.3826,22.1136,21.1666,21.8976,1225900,16002811.00,0.02469380,0.011609,1.6614
SZ300041,2012-10-11,21.6650,21.9308,21.2496,21.2496,900100,11695018.00,0.01813108,0.008524,1.6614
SZ300041,2012-10-12,21.4822,22.0139,20.9340,21.1001,590200,7558234.00,0.01188864,0.005589,1.6614
SZ300041,2012-10-15,21.4656,21.4656,20.5186,20.7014,762100,9522489.00,0.01535129,0.007217,1.6614
SZ300041,2012-10-16,20.7512,21.1333,20.7014,20.8177,494900,6226491.00,0.00996897,0.004687,1.6614
SZ300041,2012-10-17,20.8675,21.3493,20.6017,21.2330,519800,6574757.00,0.01047054,0.004923,1.6614
SZ300041,2012-10-18,21.1001,21.7315,21.0669,21.5985,970600,12554146.00,0.01955119,0.009192,1.6614
SZ300041,2012-10-19,21.5985,21.6484,21.3826,21.5985,516500,6690798.00,0.01040407,0.004891,1.6614
SZ300041,2012-10-22,21.3992,21.8976,21.3992,21.8145,602100,7864371.00,0.01212834,0.005702,1.6614
SZ300041,2012-10-23,21.8145,21.9641,21.5321,21.6484,633100,8279392.00,0.01275279,0.005995,1.6614
SZ300041,2012-10-24,21.4822,21.7315,21.3493,21.3992,703000,9096111.00,0.01416081,0.006657,1.6614
SZ300041,2012-10-25,21.3992,21.6650,21.1832,21.2496,715400,9221739.00,0.01441059,0.006775,1.6614
SZ300041,2012-10-26,21.2663,21.2663,20.5851,20.5851,699200,8751006.00,0.01408427,0.006621,1.6614
SZ300041,2012-10-29,20.7014,20.7014,20.4854,20.5851,260800,3228746.00,0.00525340,0.002470,1.6614
SZ300041,2012-10-30,20.5518,20.9672,20.5518,20.7678,246600,3076587.00,0.00496736,0.002335,1.6614
SZ300041,2012-10-31,20.6681,21.1500,20.4522,20.9672,439400,5524247.00,0.00885101,0.004161,1.6614
SZ300041,2012-11-01,21.2164,21.3992,20.8509,21.3493,474100,6067511.00,0.00954999,0.004490,1.6614
SZ300041,2012-11-02,21.4324,21.4324,21.1167,21.3161,374300,4798087.00,0.00753968,0.003545,1.6614
SZ300041,2012-11-05,21.2496,21.5653,21.1832,21.4656,303800,3902323.00,0.00611957,0.002877,1.6614
SZ300041,2012-11-06,21.4989,21.5155,20.8177,21.1333,457100,5788871.00,0.00920755,0.004329,1.6614
SZ300041,2012-11-07,21.1167,21.2829,20.9672,21.0669,446900,5670968.00,0.00900209,0.004232,1.6614
SZ300041,2012-11-08,20.9174,21.0337,20.1199,20.1531,648800,8011554.00,0.01306904,0.006144,1.6614
SZ300041,2012-11-09,20.1531,20.3192,19.7710,19.7876,698200,8403941.00,0.01406413,0.006612,1.6614
SZ300041,2012-11-12,19.7876,20.2362,19.7045,20.1863,643500,7710221.00,0.01296228,0.006094,1.6614
SZ300041,2012-11-13,20.2029,20.2029,19.5716,19.5882,562400,6680807.00,0.01132865,0.005326,1.6614
SZ300041,2012-11-14,19.6214,19.7211,19.4221,19.5882,321400,3784842.00,0.00647409,0.003044,1.6614
SZ300041,2012-11-15,19.5550,19.6713,19.1230,19.1230,338400,3947694.00,0.00681653,0.003205,1.6614
SZ300041,2012-11-16,19.1729,19.2061,18.8240,19.0898,314300,3594842.00,0.00633107,0.002976,1.6614
SZ300041,2012-11-19,19.0732,19.5051,18.9735,19.2892,210600,2429152.00,0.00424220,0.001994,1.6614
SZ300041,2012-11-20,19.3224,19.6381,19.1562,19.2393,719400,8401336.00,0.01449117,0.006813,1.6614
SZ300041,2012-11-21,19.4055,19.4885,18.9070,19.4055,438500,5066992.00,0.00883288,0.004153,1.6614
SZ300041,2012-11-22,19.3888,19.5716,19.1895,19.3390,534700,6233653.00,0.01077068,0.005064,1.6614
SZ300041,2012-11-23,19.5051,19.5384,19.2559,19.3556,392300,4574977.00,0.00790226,0.003715,1.6614
SZ300041,2012-11-26,19.3224,19.4055,18.6910,18.8073,1258800,14333054.00,0.02535652,0.011921,1.6614
SZ300041,2012-11-27,18.5581,18.8904,17.9102,18.0265,1150800,12569019.00,0.02318103,0.010898,1.6614
SZ300041,2012-11-28,17.9102,18.0265,17.4450,18.0265,967200,10279090.00,0.01948270,0.009159,1.6614
SZ300041,2012-11-29,17.9102,18.0763,17.3453,18.0763,1126200,12058404.00,0.02268550,0.010665,1.6614
SZ300041,2012-11-30,17.9600,18.9070,17.8105,18.9070,930300,10234654.00,0.01873941,0.008810,1.6614
SZ300041,2012-12-03,18.4751,18.7409,18.1926,18.2757,889100,9878203.00,0.01790950,0.008420,1.6614
SZ300041,2012-12-04,18.0929,18.7741,17.7108,18.6910,853100,9485538.00,0.01718434,0.008079,1.6614
SZ300041,2012-12-05,18.6910,19.7045,18.5914,19.5882,1923800,22331732.00,0.03875188,0.018218,1.6614
SZ300041,2012-12-06,19.4387,19.6048,19.2725,19.5550,812500,9500756.00,0.01636652,0.007694,1.6614
SZ300041,2012-12-07,19.3722,20.0368,19.2892,20.0202,1541500,18305668.00,0.03105106,0.014598,1.6614
SZ300041,2012-12-10,20.0202,20.4189,19.6048,20.2694,2090600,25178596.00,0.04211180,0.019798,1.6614
SZ300041,2012-12-11,20.1863,20.1863,19.6879,19.7377,1234700,14769592.00,0.02487106,0.011693,1.6614
SZ300041,2012-12-12,19.6713,19.7876,19.3224,19.6048,926800,10886006.00,0.01866891,0.008777,1.6614
SZ300041,2012-12-13,19.4719,19.7045,19.3224,19.4885,663200,7785195.00,0.01335911,0.006280,1.6614
SZ300041,2012-12-14,19.5716,20.5186,19.4719,20.4854,1912100,23189946.00,0.03851620,0.018108,1.6614
SZ300041,2012-12-17,20.5518,20.5518,20.1033,20.3026,1839300,22395524.00,0.03704976,0.017418,1.6614
SZ300041,2012-12-18,20.3026,20.3026,19.8208,19.8707,2040400,24628472.00,0.04110060,0.019323,1.6614
SZ300041,2012-12-19,19.8707,20.0202,19.6713,19.9371,893300,10693796.00,0.01799410,0.008460,1.6614
SZ300041,2012-12-20,19.9205,20.7180,19.7710,20.6017,3953200,48442984.00,0.07963091,0.037437,1.6614
SZ300041,2012-12-21,20.5186,20.6017,20.0202,20.4023,2551600,31217738.00,0.05139791,0.024164,1.6614
SZ300041,2012-12-24,20.2860,20.7678,20.1863,20.7180,2403300,29712600.00,0.04841065,0.022759,1.6614
SZ300041,2012-12-25,20.8011,21.7315,20.6515,21.4656,3687800,47154996.00,0.07428485,0.034923,1.6614
SZ300041,2012-12-26,21.3493,22.3960,21.3161,22.2797,3970200,52352344.00,0.07997335,0.037598,1.6614
SZ300041,2012-12-27,22.2631,22.7283,21.4490,21.4490,3612200,47393656.00,0.07276201,0.034207,1.6614
SZ300041,2012-12-28,21.4490,23.5923,21.4490,23.5923,8647900,119717536.00,0.17419815,0.081895,1.6614
SZ300041,2012-12-31,23.9245,23.9578,23.0938,23.3264,5999600,84532552.00,0.12085237,0.056816,1.6614
SZ300041,2013-01-04,23.5590,23.6421,22.7283,23.1104,3392800,47085220.00,0.06834254,0.032130,1.6614
SZ300041,2013-01-07,22.9277,23.8082,22.8446,23.2434,4234000,59586716.00,0.08528718,0.040096,1.6614
SZ300041,2013-01-08,22.9609,23.8913,22.9609,23.3264,3884000,54789044.00,0.05016105,0.036781,1.6614
SZ300041,2013-01-09,23.2766,23.6919,22.9609,23.3929,2800000,39252420.00,0.03616142,0.026516,1.6614
SZ300041,2013-01-10,23.4095,23.6255,23.0606,23.2766,1967500,27652556.00,0.02540985,0.018632,1.6614
SZ300041,2013-01-11,23.2932,24.4064,23.2600,23.6089,4906800,70560192.00,0.06337030,0.046467,1.6614
SZ300041,2013-01-14,23.6089,24.9048,23.5923,24.8383,4631100,68322192.00,0.05980970,0.043856,1.6614
SZ300041,2013-01-15,24.7220,25.0211,24.3897,24.9214,2929000,43566120.00,0.03782743,0.027738,1.6614
SZ300041,2013-01-16,24.9214,25.9183,24.0907,24.2236,4977000,74115024.00,0.06427692,0.047132,1.6614
SZ300041,2013-01-17,24.0907,24.4064,23.6089,23.8082,2240600,32353052.00,0.02893688,0.021218,1.6614
SZ300041,2013-01-18,23.9910,24.1738,23.4095,24.1405,2480500,35649448.00,0.03203514,0.023490,1.6614
SZ300041,2013-01-21,24.1073,24.2568,23.8581,24.1571,1215000,17578792.00,0.01569147,0.011506,1.6614
SZ300041,2013-01-22,24.1738,24.9546,23.6089,23.7584,2597100,38112144.00,0.03354101,0.024594,1.6614
SZ300041,2013-01-23,23.7750,23.9245,22.7948,23.1769,2411000,33780828.00,0.03113756,0.022832,1.6614
SZ300041,2013-01-24,23.1769,23.5590,22.1136,23.1769,2591900,35702852.00,0.03347385,0.024545,1.6614
SZ300041,2013-01-25,22.9277,23.2267,22.6452,22.8280,797200,10977711.00,0.01029567,0.007549,1.6614
SZ300041,2013-01-28,22.7615,23.6753,22.5954,23.4926,2060700,28848896.00,0.02661351,0.019515,1.6614
SZ300041,2013-01-29,23.4261,23.8913,23.4095,23.8415,1852900,26352180.00,0.02392982,0.017547,1.6614
SZ300041,2013-01-30,23.7584,23.8913,23.2766,23.5258,1264300,17862944.00,0.01632817,0.011973,1.6614
SZ300041,2013-01-31,23.5258,23.7252,23.3430,23.5756,916900,12968262.00,0.01184157,0.008683,1.6614
SZ300041,2013-02-01,23.6753,23.7252,23.4095,23.6753,935900,13270227.00,0.01208695,0.008863,1.6614
SZ300041,2013-02-04,23.7750,23.8415,22.7615,22.9941,1640900,22886928.00,0.02119188,0.015539,1.6614
SZ300041,2013-02-05,22.9277,23.3929,22.4957,23.2766,1164600,16084552.00,0.01504057,0.011029,1.6614
SZ300041,2013-02-06,23.4593,23.9079,23.2932,23.7584,1475100,21070916.00,0.01905061,0.013969,1.6614
SZ300041,2013-02-07,23.8082,24.0907,23.5258,24.0408,931600,13355216.00,0.01203142,0.008822,1.6614
SZ300041,2013-02-08,24.0242,25.1374,23.8249,25.0875,2183200,32421016.00,0.02819557,0.020675,1.6614
SZ300041,2013-02-18,25.2537,25.5361,24.8882,25.0709,1827600,27667762.00,0.02360307,0.017307,1.6614
SZ300041,2013-02-19,24.9214,25.1706,24.2568,24.2568,1382000,20373556.00,0.01784824,0.013088,1.6614
SZ300041,2013-02-20,24.1405,24.7885,24.1405,24.6888,1180000,17417102.00,0.01523946,0.011175,1.6614
SZ300041,2013-02-21,24.7220,25.7521,24.1904,25.4863,3016000,45322064.00,0.03895101,0.028561,1.6614
SZ300041,2013-02-22,25.3035,27.3803,25.2537,26.8819,6184400,99207752.00,0.07987024,0.058566,1.6614
SZ300041,2013-02-25,26.9151,28.3439,26.4167,27.4135,5605500,93194216.00,0.07239387,0.053084,1.6614
SZ300041,2013-02-26,27.5797,28.2276,27.0646,27.6461,3994400,66572560.00,0.05158685,0.037827,1.6614
SZ300041,2013-02-27,27.2142,28.2941,26.7656,26.9483,3623700,60193672.00,0.04679933,0.034316,1.6614
SZ300041,2013-02-28,27.0148,27.4468,26.7490,27.0148,2250800,36598984.00,0.02906861,0.021315,1.6614
SZ300041,2013-03-01,27.1477,28.1612,27.1477,28.0449,2222700,37239988.00,0.02870571,0.021049,1.6614
SZ300041,2013-03-04,27.4966,29.6565,27.3637,28.2443,4162400,72199000.00,0.05375653,0.039418,1.6614
SZ300041,2013-03-05,28.2443,30.3709,28.2443,30.1383,3128100,55750800.00,0.04039876,0.029623,1.6614
SZ300041,2013-03-06,30.2380,30.3875,29.3242,30.3044,2561800,46048228.00,0.03308512,0.024260,1.6614
SZ300041,2013-03-07,30.1549,30.3044,29.5900,29.9057,2490900,44829156.00,0.03216946,0.023589,1.6614
SZ300041,2013-03-08,29.8725,31.2182,28.7427,28.9254,2957000,53613712.00,0.03818904,0.028003,1.6614
SZ300041,2013-03-11,28.4104,29.1580,28.3107,28.9587,1190800,20622004.00,0.01537893,0.011277,1.6614
SZ300041,2013-03-12,28.7427,29.2743,27.0813,27.2142,1940400,32310140.00,0.02505986,0.018376,1.6614
SZ300041,2013-03-13,27.2142,27.7957,26.3336,27.5797,1854100,30000940.00,0.02394532,0.017558,1.6614
SZ300041,2013-03-14,27.5797,29.1580,27.0314,28.6430,1883600,32115322.00,0.02432630,0.017838,1.6614
SZ300041,2013-03-15,28.6430,28.8756,27.6794,28.2443,1597800,27156626.00,0.02063526,0.015131,1.6614
SZ300041,2013-03-18,27.9120,28.1944,27.2972,27.7292,858100,14269722.00,0.01108218,0.008126,1.6614
SZ300041,2013-03-19,27.5465,27.8954,26.4333,27.3803,1603200,25969172.00,0.02070500,0.015182,1.6614
SZ300041,2013-03-20,27.4135,27.9950,26.9317,27.7957,985100,16425652.00,0.01272236,0.009329,1.6614
SZ300041,2013-03-21,27.5797,29.0584,27.5797,28.2443,1607600,27550544.00,0.02076182,0.015224,1.6614
SZ300041,2013-03-22,28.2941,28.9421,28.0781,28.5765,1686900,29000624.00,0.02178596,0.015975,1.6614
SZ300041,2013-03-25,28.4270,28.8756,27.8954,28.0947,1008000,17096774.00,0.01301811,0.009546,1.6614
SZ300041,2013-03-26,27.9286,28.9088,27.9120,28.7925,1886700,32430330.00,0.02436634,0.017867,1.6614
SZ300041,2013-03-27,28.6928,28.9753,28.2276,28.2276,1244900,21393236.00,0.01607763,0.011789,1.6614
SZ300041,2013-03-28,28.0781,28.0781,25.9183,25.9183,3895900,62487332.00,0.05031474,0.036894,1.6614
SZ300041,2013-03-29,25.7853,26.1841,25.3368,25.3368,1278600,19770908.00,0.01651285,0.012108,1.6614
SZ300041,2013-04-01,25.2869,25.4697,24.5227,25.3866,1153800,17372344.00,0.01490109,0.010926,1.6614
SZ300041,2013-04-02,25.3866,25.7189,24.0907,24.2734,1525800,22769256.00,0.01970539,0.014449,1.6614
SZ300041,2013-04-03,24.2734,24.5725,24.1738,24.5060,525200,7698256.00,0.00678285,0.004974,1.6614
SZ300041,2013-04-08,23.9578,25.4198,23.8415,25.0543,1267100,18919248.00,0.01636433,0.011999,1.6614
SZ300041,2013-04-09,25.1706,25.9183,25.0875,25.5860,1178300,18086464.00,0.01521750,0.011158,1.6614
SZ300041,2013-04-10,25.8020,25.8020,25.0377,25.5361,391400,5969031.00,0.00505485,0.003707,1.6614
SZ300041,2013-04-11,25.4697,25.7023,24.9214,25.1374,556900,8442284.00,0.00719225,0.005274,1.6614
SZ300041,2013-04-12,25.3035,25.3035,24.0408,24.5891,1073100,15864683.00,0.01385886,0.010162,1.6614
SZ300041,2013-04-15,24.4230,24.5725,23.3763,23.5092,1088600,15584543.00,0.01405904,0.010309,1.6614
SZ300041,2013-04-16,23.4926,23.9578,23.1769,23.8913,698800,9905846.00,0.00902486,0.006618,1.6614
SZ300041,2013-04-17,23.8082,24.2402,23.7252,24.2236,945900,13685446.00,0.01221610,0.008958,1.6614
SZ300041,2013-04-18,23.9744,24.6722,23.9412,24.6057,1302000,19091444.00,0.01681506,0.012330,1.6614
SZ300041,2013-04-19,24.2568,25.6857,24.2568,25.2869,1926900,29285528.00,0.02488551,0.018248,1.6614
SZ300041,2013-04-22,25.0875,25.7687,25.0875,25.7521,1186400,18195844.00,0.01532211,0.011235,1.6614
SZ300041,2013-04-23,25.9183,26.3170,25.5694,25.7355,2033300,31832220.00,0.02625965,0.019255,1.6614
SZ300041,2013-04-24,25.7521,26.9483,25.7521,26.7157,1587900,25323176.00,0.02050740,0.015037,1.6614
SZ300041,2013-04-25,26.9151,27.9120,26.7157,27.2308,2566000,42452140.00,0.03313936,0.024300,1.6614
SZ300041,2013-04-26,27.1643,27.9120,26.1841,26.3336,1466500,23798752.00,0.01893954,0.013888,1.6614
SZ300041,2013-05-02,26.2173,27.4800,26.1841,27.2806,1467100,23956156.00,0.01888875,0.013893,1.6614
SZ300041,2013-05-03,27.3803,28.8756,27.3803,28.6430,2810600,47954344.00,0.03618615,0.026616,1.6614
SZ300041,2013-05-06,28.5765,29.8060,28.4104,28.4270,2911100,50984712.00,0.03748008,0.027568,1.6614
SZ300041,2013-05-07,28.1612,28.6596,27.9618,28.1612,1917200,32599784.00,0.02468373,0.018156,1.6614
SZ300041,2013-05-08,28.5433,28.6430,27.5797,28.3938,2793800,47288032.00,0.03596986,0.026457,1.6614
SZ300041,2013-05-09,28.3938,28.8922,27.7458,28.2443,2403400,41125636.00,0.03094350,0.022760,1.6614
SZ300041,2013-05-10,28.2476,28.6793,27.5192,28.3556,3410100,35580816.00,0.02744041,0.020183,2.6979
SZ300041,2013-05-13,28.4095,30.4600,28.3556,30.1632,5112200,56510416.00,0.04113687,0.030258,2.6979
SZ300041,2013-05-14,29.6776,30.4330,29.3808,29.6776,3074300,33984132.00,0.02473829,0.018196,2.6979
SZ300041,2013-05-15,29.6776,30.1632,28.9491,29.8934,3245300,35336212.00,0.02611429,0.019208,2.6979
SZ300041,2013-05-16,29.7315,30.7567,28.0588,28.6253,6639100,73372696.00,0.05342354,0.039295,2.6979
SZ300041,2013-05-17,29.1649,29.5696,28.5984,28.9491,6475300,69686120.00,0.05210547,0.038326,2.6979
SZ300041,2013-05-20,28.8682,30.7298,28.6793,30.6758,6926000,76662288.00,0.05573217,0.040993,2.6979
SZ300041,2013-05-21,30.4869,32.2136,30.1092,31.6740,6649000,76823144.00,0.05350320,0.039354,2.6979
SZ300041,2013-05-22,31.7280,31.7820,30.2981,30.8916,5226100,59854044.00,0.04205340,0.030932,2.6979
SZ300041,2013-05-23,30.7028,31.6201,30.2171,30.8107,3730900,42967816.00,0.03002182,0.022082,2.6979
SZ300041,2013-05-24,31.0265,31.0265,30.1632,30.7028,4059100,45857872.00,0.03266278,0.024025,2.6979
SZ300041,2013-05-27,30.8916,31.4582,30.5409,31.0265,4557700,52485888.00,0.03667492,0.026976,2.6979
SZ300041,2013-05-28,31.0265,31.2154,29.0570,29.0840,6784900,74696920.00,0.05459676,0.040158,2.6979
SZ300041,2013-05-29,29.0570,29.9204,28.4095,28.7333,5764300,61543940.00,0.04638419,0.034117,2.6979
SZ300041,2013-05-30,28.5444,28.8412,28.4095,28.5984,3823700,40504392.00,0.03076856,0.022631,2.6979
SZ300041,2013-05-31,28.7872,29.1919,28.5714,28.6253,3373600,36119304.00,0.02714670,0.019967,2.6979
SZ300041,2013-06-03,28.9221,29.4347,28.8142,28.9761,3940000,42550444.00,0.03170441,0.023320,2.6979
SZ300041,2013-06-04,29.0031,29.0300,27.7350,27.7890,4751600,49624680.00,0.03823519,0.028123,2.6979
SZ300041,2013-06-05,27.9778,28.2476,27.7890,28.2476,1736400,18063664.00,0.01397247,0.010277,2.6979
SZ300041,2013-06-06,28.0318,28.0318,27.5192,27.5462,2134700,21956224.00,0.01717751,0.012635,2.6979
SZ300041,2013-06-07,27.5731,27.7350,26.3321,26.7638,2952800,29401594.00,0.02376060,0.017477,2.6979
SZ300041,2013-06-13,26.4400,26.7368,25.4148,26.5209,2841900,27476026.00,0.02286821,0.016820,2.6979
SZ300041,2013-06-14,26.6558,27.6271,26.2781,27.2494,2257500,22691360.00,0.01816566,0.013362,2.6979
SZ300041,2013-06-17,27.7350,27.7350,26.6289,27.1415,1556800,15692657.00,0.01252726,0.009214,2.6979
SZ300041,2013-06-18,27.2224,27.4382,26.2781,26.9256,1545000,15381378.00,0.01243231,0.009144,2.6979
SZ300041,2013-06-19,26.8177,26.8177,26.1162,26.5749,1105500,10840325.00,0.00889574,0.006543,2.6979
SZ300041,2013-06-20,26.5209,27.1684,25.9813,26.0893,1617200,15966763.00,0.01301329,0.009572,2.6979
SZ300041,2013-06-21,25.6306,26.6019,24.8752,26.2511,1266600,12145488.00,0.01019208,0.007497,2.6979
SZ300041,2013-06-24,26.2511,26.3860,24.5784,24.8752,1584500,14808707.00,0.01275016,0.009378,2.6979
SZ300041,2013-06-25,24.8752,25.2529,22.5819,25.1180,2213400,19992600.00,0.01781080,0.013101,2.6979
SZ300041,2013-06-26,25.0371,25.9004,24.2816,25.7655,1972900,18663610.00,0.01587554,0.011677,2.6979
SZ300041,2013-06-27,25.7655,26.3591,25.3069,25.4418,2203700,21095260.00,0.01773274,0.013043,2.6979
SZ300041,2013-06-28,25.1450,25.7385,24.4165,25.0910,1336300,12427350.00,0.01075294,0.007909,2.6979
SZ300041,2013-07-01,24.9831,25.5497,24.6054,25.4957,1105800,10350472.00,0.00889817,0.006545,2.6979
SZ300041,2013-07-02,25.5497,26.2242,25.4957,26.1162,2034800,19531052.00,0.01637367,0.012043,2.6979
SZ300041,2013-07-03,26.1162,26.4940,25.5227,26.2781,2244000,21684028.00,0.01805707,0.013282,2.6979
SZ300041,2013-07-04,26.2511,27.3843,25.8464,27.0335,3678600,36642944.00,0.02960104,0.021773,2.6979
SZ300041,2013-07-05,27.1145,27.2764,26.3591,26.3591,2109000,20948528.00,0.01697075,0.012483,2.6979
SZ300041,2013-07-08,26.0623,26.0623,24.0658,24.6054,1935900,17989662.00,0.01557784,0.011458,2.6979
SZ300041,2013-07-09,24.5784,25.0640,24.3356,24.8212,936400,8557584.00,0.00753504,0.005542,2.6979
SZ300041,2013-07-10,24.8212,25.6576,24.6324,25.6306,1662900,15659612.00,0.01338106,0.009842,2.6979
SZ300041,2013-07-11,25.4957,26.3051,25.3338,25.7925,3506900,33629404.00,0.02821940,0.020756,2.6979
SZ300041,2013-07-12,25.7655,26.3860,25.6306,25.6846,2951000,28366194.00,0.02374617,0.017466,2.6979
SZ300041,2013-07-15,25.8464,26.4670,25.6306,26.3860,3628000,35075284.00,0.02919387,0.021473,2.6979
SZ300041,2013-07-16,26.4670,26.9256,26.1162,26.7098,3125900,30666452.00,0.02515356,0.018501,2.6979
SZ300041,2013-07-17,26.6828,28.1937,26.6828,27.7350,9831800,100425672.00,0.07911473,0.058192,2.6979
SZ300041,2013-07-18,27.5192,28.5714,27.0875,28.3286,5898000,61322200.00,0.04746015,0.034909,2.6979
SZ300041,2013-07-19,28.4095,28.7872,27.2764,27.2764,4247000,44205840.00,0.03417485,0.025137,2.6979
SZ300041,2013-07-22,27.0335,28.3556,26.7907,28.2476,3305800,34007772.00,0.02660118,0.019566,2.6979
SZ300041,2013-07-23,28.3286,28.8142,27.8699,28.7063,5087700,53739492.00,0.04093981,0.030113,2.6979
SZ300041,2013-07-24,28.6793,29.4078,28.0318,29.2459,4848800,51601424.00,0.03901743,0.028699,2.6979
SZ300041,2013-07-25,29.1649,29.4078,27.1684,27.5731,4212000,44172568.00,0.03389321,0.024930,2.6979
SZ300041,2013-07-26,27.4652,27.9239,26.8447,27.4113,3691700,37467384.00,0.02970645,0.021850,2.6979
SZ300041,2013-07-29,27.3843,28.0318,26.9526,27.1145,3246700,32996320.00,0.02612561,0.019216,2.6979
SZ300041,2013-07-30,27.1145,27.4922,26.1432,26.6289,1798300,17821600.00,0.01447060,0.010644,2.6979
SZ300041,2013-07-31,26.4400,27.5462,26.3860,27.3303,2157100,21648782.00,0.01735780,0.012767,2.6979
SZ300041,2013-08-01,27.5731,28.5444,27.4113,28.4635,3067300,32060684.00,0.02468201,0.018155,2.6979
SZ300041,2013-08-02,28.7063,28.9221,28.0588,28.1397,2965700,31311046.00,0.02386446,0.017553,2.6979
SZ300041,2013-08-05,28.1937,29.2459,28.1937,29.0840,3510200,37631380.00,0.02824595,0.020776,2.6979
SZ300041,2013-08-06,28.9761,29.2189,28.5444,28.7872,3606400,38414048.00,0.02902005,0.021345,2.6979
SZ300041,2013-08-07,28.8412,28.8682,27.2224,27.3033,5234000,53857780.00,0.04211706,0.030979,2.6979
SZ300041,2013-08-08,27.1684,27.7080,27.0605,27.2494,2913800,29563976.00,0.02344683,0.017246,2.6979
SZ300041,2013-08-09,27.3033,27.8969,26.6558,27.7620,4355500,44207980.00,0.03504793,0.025779,2.6979
SZ300041,2013-08-12,27.7350,27.9778,26.8177,27.4922,3991300,40449068.00,0.03211728,0.023623,2.6979
SZ300041,2013-08-13,27.4922,29.0300,27.2764,28.7333,7414900,77783184.00,0.05966637,0.043887,2.6979
SZ300041,2013-08-14,28.5984,28.9491,28.0858,28.4635,4582600,48459704.00,0.03687536,0.027123,2.6979
SZ300041,2013-08-15,28.5984,28.9761,28.0588,28.0588,3525500,37292508.00,0.02836907,0.020867,2.6979
SZ300041,2013-08-16,28.0048,28.8951,26.9796,27.0335,3871900,39990800.00,0.03115649,0.022917,2.6979
SZ300041,2013-08-19,26.8447,27.7890,26.7368,27.7890,2349500,23818516.00,0.01890601,0.013906,2.6979
SZ300041,2013-08-20,27.7890,28.5714,27.3573,28.3286,3700200,38695376.00,0.02977485,0.021901,2.6979
SZ300041,2013-08-21,28.2746,28.6793,28.0588,28.3286,2740600,28763386.00,0.02205312,0.016221,2.6979
SZ300041,2013-08-22,28.3286,29.7045,28.2746,29.4617,8613400,93295776.00,0.06931049,0.050980,2.6979
SZ300041,2013-08-23,29.4887,29.5696,28.4095,29.2189,5532100,59627712.00,0.04451582,0.032743,2.6979
SZ300041,2013-08-26,29.1110,30.2981,29.1110,30.1092,5470400,60651468.00,0.04401933,0.032378,2.6979
SZ300041,2013-08-27,29.9204,30.0553,29.3808,29.9474,3899700,42984156.00,0.03138019,0.023081,2.6979
SZ300041,2013-08-28,29.7855,29.7855,28.5444,28.7333,4793400,51810536.00,0.03857163,0.028371,2.6979
SZ300041,2013-08-29,28.6523,29.1649,28.3286,28.8412,2422200,25805160.00,0.01949101,0.014336,2.6979
SZ300041,2013-08-30,28.8682,29.0840,27.6001,28.8142,3743100,39305912.00,0.03012006,0.022154,2.6979
SZ300041,2013-09-02,28.7872,29.0840,28.0858,28.8142,1782500,19016524.00,0.01434346,0.010550,2.6979
SZ300041,2013-09-03,29.0031,29.6236,28.8412,29.2189,2054700,22220210.00,0.01653380,0.012161,2.6979
SZ300041,2013-09-04,29.0031,29.3808,28.6523,29.0570,1821200,19515474.00,0.01465487,0.010779,2.6979
SZ300041,2013-09-05,29.0031,30.3520,28.8142,29.8125,5065500,56104272.00,0.04076117,0.029981,2.6979
SZ300041,2013-09-06,29.7855,32.0787,29.4347,31.7010,8563900,99061904.00,0.06891217,0.050687,2.6979
SZ300041,2013-09-09,31.5122,32.6453,31.3233,32.1057,6850000,80983256.00,0.05512072,0.040543,2.6979
SZ300041,2013-09-10,32.0518,32.2946,31.3233,32.1597,3441800,40535172.00,0.02769555,0.020371,2.6979
SZ300041,2013-09-11,32.1867,32.3755,30.4869,31.2963,3865300,44732244.00,0.03110338,0.022878,2.6979
SZ300041,2013-09-12,31.4043,33.9943,31.1075,33.0500,6536400,79626888.00,0.05259724,0.038687,2.6979
SZ300041,2013-09-13,32.8342,33.3198,32.2406,33.0770,3496100,42507624.00,0.02813249,0.020693,2.6979
SZ300041,2013-09-16,33.3738,33.6975,31.9438,32.0787,4044800,49000616.00,0.03254778,0.023940,2.6979
SZ300041,2013-09-17,32.1597,32.6453,31.2963,31.5122,3146900,37229524.00,0.02532254,0.018626,2.6979
SZ300041,2013-09-18,31.0805,33.5896,31.0805,33.5896,5251100,64065696.00,0.04225466,0.031080,2.6979
SZ300041,2013-09-23,33.9943,35.8019,33.9943,35.2893,7037800,91471760.00,0.05663192,0.041655,2.6979
SZ300041,2013-09-24,35.2893,35.3433,34.0213,35.0735,5057000,64972984.00,0.04069277,0.029931,2.6979
SZ300041,2013-09-25,34.8307,36.8272,34.6148,36.3955,6371200,85490112.00,0.05126791,0.037709,2.6979
SZ300041,2013-09-26,35.5861,37.3128,35.1814,35.5052,3874400,52157728.00,0.03117660,0.022932,2.6979
SZ300041,2013-09-27,34.8576,36.0987,33.9943,34.4530,4892900,63208960.00,0.03937229,0.028960,2.6979
SZ300041,2013-09-30,34.4530,36.1257,34.4530,35.5591,2135400,27948000.00,0.01718318,0.012639,2.6979
SZ300041,2013-10-08,35.8829,37.1239,35.2354,36.2066,3434100,46239000.00,0.02763359,0.020326,2.6979
SZ300041,2013-10-09,35.3972,36.2876,34.6688,35.5861,3319300,43424592.00,0.02670981,0.019646,2.6979
SZ300041,2013-10-10,35.5861,36.4494,33.7245,34.2911,3397200,43792056.00,0.02733666,0.020107,2.6979
SZ300041,2013-10-11,34.5339,35.3163,33.6975,34.3181,3501000,44589300.00,0.02817192,0.020722,2.6979
SZ300041,2013-10-14,34.0752,35.2354,34.0752,35.0735,3434500,44110620.00,0.02763681,0.020328,2.6979
SZ300041,2013-10-15,35.1544,35.1544,32.3755,33.3738,5942000,73747624.00,0.04781421,0.035169,2.6979
SZ300041,2013-10-16,33.3468,33.3468,31.0535,31.5661,3986200,47169904.00,0.03207624,0.023593,2.6979
SZ300041,2013-10-17,31.5931,32.1597,31.1884,31.5391,2486400,29178162.00,0.02000762,0.014716,2.6979
SZ300041,2013-10-18,31.3503,32.0518,31.3503,31.9169,1286800,15099298.00,0.01035465,0.007616,2.6979
SZ300041,2013-10-21,31.9708,32.8072,31.7820,32.7802,2363400,28466648.00,0.01901786,0.013988,2.6979
SZ300041,2013-10-22,32.8881,32.9691,31.5931,31.7820,2941700,34870936.00,0.02367133,0.017411,2.6979
SZ300041,2013-10-23,31.6740,31.8089,30.0822,30.8107,3454400,39274804.00,0.02779694,0.020446,2.6979
SZ300041,2013-10-24,30.5949,30.9996,30.3790,30.9186,1253600,14280703.00,0.01008749,0.007420,2.6979
SZ300041,2013-10-25,31.0805,31.1345,30.0822,30.4330,1590200,18016472.00,0.01279605,0.009412,2.6979
SZ300041,2013-10-28,30.4060,31.0265,30.2981,30.9726,1378800,15656221.00,0.01109496,0.008161,2.6979
SZ300041,2013-10-29,30.7567,31.3233,28.7872,30.5949,2804000,31155212.00,0.02256329,0.016596,2.6979
SZ300041,2013-10-30,30.4060,31.1884,29.9743,31.0805,2371500,27111896.00,0.01908304,0.014036,2.6979
SZ300041,2013-10-31,30.8107,32.2946,30.7567,31.7280,3342700,39121032.00,0.02689811,0.019785,2.6979
SZ300041,2013-11-01,32.0248,32.0248,30.5679,31.4312,1679400,19416412.00,0.01351383,0.009940,2.6979
SZ300041,2013-11-04,31.4582,31.8089,30.7837,31.2424,1299200,15026383.00,0.01045443,0.007690,2.6979
SZ300041,2013-11-05,30.9996,31.5661,30.1632,31.3503,2033200,23311802.00,0.01636080,0.012034,2.6979
SZ300041,2013-11-06,31.2154,31.4582,30.7028,31.0535,1326900,15303517.00,0.01067733,0.007854,2.6979
SZ300041,2013-11-07,30.7028,30.8647,30.0822,30.3251,1208100,13574708.00,0.00972136,0.007150,2.6979
SZ300041,2013-11-08,30.1632,30.4600,29.2729,29.8125,1348900,14790730.00,0.01085436,0.007984,2.6979
SZ300041,2013-11-11,29.8125,30.3251,29.2189,30.1362,844600,9350097.00,0.00679634,0.004999,2.6979
SZ300041,2013-11-12,30.1632,30.3520,29.8394,30.2981,950000,10607488.00,0.00764448,0.005623,2.6979
SZ300041,2013-11-13,30.0822,30.1632,29.4347,29.6776,939800,10348597.00,0.00756240,0.005562,2.6979
SZ300041,2013-11-14,29.4078,30.5949,28.9221,30.2711,1082800,12072228.00,0.00871310,0.006409,2.6979
SZ300041,2013-11-15,30.1902,31.4852,30.1362,30.9186,2219100,25541628.00,0.01785670,0.013134,2.6979
SZ300041,2013-11-18,31.1614,34.0213,31.1614,34.0213,7305700,90944280.00,0.05878766,0.043241,2.6979
SZ300041,2013-11-19,34.9386,35.6131,34.0213,34.9386,7235300,93222104.00,0.05822116,0.042824,2.6979
SZ300041,2013-11-20,34.9656,36.8002,34.9656,35.3163,4741600,62921152.00,0.03815481,0.028064,2.6979
SZ300041,2013-11-21,35.7750,35.7750,33.7245,34.2911,3486700,44577164.00,0.02805685,0.020637,2.6979
SZ300041,2013-11-22,33.8054,34.9386,33.8054,34.8037,2430500,31061982.00,0.01955780,0.014385,2.6979
SZ300041,2013-11-25,34.9656,36.8811,33.9943,36.6923,5909300,77947000.00,0.04755108,0.034976,2.6979
SZ300041,2013-11-26,36.4225,37.4477,35.8829,37.0700,3652800,49711116.00,0.02939343,0.021620,2.6979
SZ300041,2013-11-27,36.6923,39.1204,36.6923,38.0412,5184700,73229408.00,0.04172035,0.030687,2.6979
SZ300041,2013-11-28,38.1761,39.3363,37.9063,37.9603,3791400,54341688.00,0.03050872,0.022440,2.6979
SZ300041,2013-11-29,37.7714,39.3363,37.2858,38.8506,4172000,59675836.00,0.03357134,0.024693,2.6979
SZ300041,2013-12-02,37.5286,39.0395,35.6401,37.7984,7215600,100641008.00,0.05806264,0.042707,2.6979
SZ300041,2013-12-03,37.7714,41.5756,36.8541,41.4137,7763400,115980056.00,0.06247069,0.045950,2.6979
SZ300041,2013-12-04,41.5486,43.1674,40.6313,41.9533,6387300,99404752.00,0.05139746,0.037805,2.6979
SZ300041,2013-12-05,41.5756,43.5451,40.6043,41.0360,5312800,82537064.00,0.04275115,0.031445,2.6979
SZ300041,2013-12-06,40.6583,41.8724,39.9298,41.5216,2502800,38077064.00,0.02013958,0.014813,2.6979
SZ300041,2013-12-09,41.1439,42.0612,40.9011,40.9820,2342300,35943224.00,0.01884807,0.013863,2.6979
SZ300041,2013-12-10,40.7932,41.4677,39.6600,40.2806,2751200,41354584.00,0.02213841,0.016284,2.6979
SZ300041,2013-12-11,39.6600,40.5503,38.0952,38.4459,2922900,42221460.00,0.02352005,0.017300,2.6979
SZ300041,2013-12-12,38.6348,42.0612,38.6348,41.0090,4165800,62871800.00,0.03352145,0.024656,2.6979
SZ300041,2013-12-13,41.0090,41.2788,39.6061,39.7949,2195300,32776904.00,0.01766519,0.012993,2.6979
SZ300041,2013-12-16,39.5521,40.3885,39.3902,39.7949,1743900,25772424.00,0.01403285,0.010322,2.6979
SZ300041,2013-12-17,40.0377,40.0647,39.1474,39.1474,962100,14085788.00,0.00774185,0.005694,2.6979
SZ300041,2013-12-18,39.2553,40.0917,38.3380,39.4712,1700600,24712236.00,0.01368442,0.010065,2.6979
SZ300041,2013-12-19,39.7679,39.9298,37.2858,37.9333,1401200,20131730.00,0.01127521,0.008293,2.6979
SZ300041,2013-12-20,37.7984,38.0682,36.4225,37.4477,2154800,29720788.00,0.01733929,0.012754,2.6979
SZ300041,2013-12-23,37.2858,37.7714,35.7750,37.4477,1868000,25726088.00,0.01503146,0.011056,2.6979
SZ300041,2013-12-24,37.3668,38.5539,36.4225,37.4207,1816500,25289638.00,0.01461705,0.010751,2.6979
SZ300041,2013-12-25,37.3398,41.1709,37.1779,40.4964,5452900,79976064.00,0.04387851,0.032274,2.6979
SZ300041,2013-12-26,40.3345,41.6026,39.9028,40.6043,4273800,64640304.00,0.03439050,0.025296,2.6979
SZ300041,2013-12-27,40.5773,44.4624,39.9838,42.8436,5819900,91450304.00,0.04683169,0.034446,2.6979
SZ300041,2013-12-30,42.8706,44.0037,42.3850,43.6260,3859600,61785196.00,0.03105751,0.022844,2.6979
SZ300041,2013-12-31,43.0325,44.5164,42.0882,44.5164,5298400,85062240.00,0.04219973,0.031360,2.6979
SZ300041,2014-01-02,43.8688,45.2718,42.8166,44.9211,4083000,66241632.00,0.03251954,0.024166,2.6979
SZ300041,2014-01-03,44.3815,45.7035,44.0577,44.3275,4918600,81742960.00,0.03917477,0.029112,2.6979
SZ300041,2014-01-06,43.7070,44.1386,42.0342,42.6278,3548100,56507304.00,0.02825926,0.021000,2.6979
SZ300041,2014-01-07,42.6817,43.7879,41.4677,43.1944,2468800,39207072.00,0.01966305,0.014612,2.6979
SZ300041,2014-01-08,43.1944,44.3005,42.8436,43.4102,3064700,49509072.00,0.02440916,0.018139,2.6979
SZ300041,2014-01-09,42.6278,43.4102,41.5486,42.1152,3841300,60186720.00,0.03059449,0.022736,2.6979
SZ300041,2014-01-10,41.5756,42.3040,41.0899,41.6026,1825600,28266298.00,0.01454021,0.010805,2.6979
SZ300041,2014-01-13,41.2788,43.0864,41.2788,42.8436,2921500,45902496.00,0.02326863,0.017292,2.6979
SZ300041,2014-01-14,42.6008,44.8671,41.8454,44.5433,4034300,65379240.00,0.03213166,0.023878,2.6979
SZ300041,2014-01-15,43.8149,45.0559,43.5181,44.7862,3748500,61717088.00,0.02985537,0.022186,2.6979
SZ300041,2014-01-16,44.8671,44.8671,42.8706,43.7070,3157400,51180860.00,0.02514748,0.018688,2.6979
SZ300041,2014-01-17,43.7339,43.9228,42.7357,43.4642,1449700,23240016.00,0.01154631,0.008580,2.6979
SZ300041,2014-01-20,43.1674,44.4894,42.9246,44.4894,3056000,49571848.00,0.02433987,0.018088,2.6979
SZ300041,2014-01-21,42.7897,43.1674,40.0377,41.0090,7490500,114010904.00,0.05965897,0.044334,2.6979
SZ300041,2014-01-22,40.4694,41.4946,39.6061,41.2788,4703400,70983040.00,0.03746078,0.027838,2.6979
SZ300041,2014-01-23,40.6583,41.7105,40.2266,40.7122,4167800,63203372.00,0.03319493,0.024668,2.6979
SZ300041,2014-01-24,40.4964,41.3597,40.1457,40.5234,4308000,64917064.00,0.03431157,0.025498,2.6979
SZ300041,2014-01-27,40.4694,42.1152,40.0917,41.4137,3818700,58591424.00,0.03041449,0.022602,2.6979
SZ300041,2014-01-28,41.2788,41.9533,40.4964,40.5234,2008000,30635326.00,0.01599295,0.011885,2.6979
SZ300041,2014-01-29,40.4694,41.2788,39.9838,40.6583,1813800,27273672.00,0.01444622,0.010735,2.6979
SZ300041,2014-01-30,40.6583,41.1169,40.2806,40.3615,1237800,18635634.00,0.00985860,0.007326,2.6979
SZ300041,2014-02-07,40.1726,41.0090,39.1474,41.0090,1822600,27244756.00,0.01451631,0.010787,2.6979
SZ300041,2014-02-10,41.1709,42.8976,41.1709,42.8166,3248100,50785568.00,0.02586988,0.019225,2.6979
SZ300041,2014-02-11,42.8166,43.7609,41.6026,42.5468,3013400,47547476.00,0.02400058,0.017836,2.6979
SZ300041,2014-02-12,42.1421,43.4372,41.8993,43.4102,2597200,41278116.00,0.02068571,0.015372,2.6979
SZ300041,2014-02-13,43.4102,43.6260,41.5486,41.7375,3308500,52056088.00,0.02635094,0.019582,2.6979
SZ300041,2014-02-14,41.6026,42.2231,40.9281,42.1421,2153100,33131160.00,0.01714862,0.012744,2.6979
SZ300041,2014-02-17,42.1691,43.5721,41.2788,43.4372,4265000,66903364.00,0.03396910,0.025243,2.6979
SZ300041,2014-02-18,43.1944,43.4372,41.8184,42.0882,4751900,75036352.00,0.03784707,0.028125,2.6979
SZ300041,2014-02-19,42.0882,42.6817,39.5521,39.7949,7742500,116521840.00,0.06166605,0.045826,2.6979
SZ300041,2014-02-20,39.6600,40.1187,36.4225,37.9333,6140300,86425936.00,0.04890514,0.036343,2.6979
SZ300041,2014-02-21,37.5826,38.4729,37.5556,38.2841,2275100,32071410.00,0.01812030,0.013466,2.6979
SZ300041,2014-02-24,38.6618,41.0090,38.3650,40.5234,5730500,84553792.00,0.04564124,0.033917,2.6979
SZ300041,2014-02-25,41.8184,42.3580,38.6348,39.2283,6283700,95157216.00,0.05004727,0.037192,2.6979
SZ300041,2014-02-26,38.3380,39.7140,37.1779,38.8506,4156800,59095280.00,0.03310732,0.024603,2.6979
SZ300041,2014-02-27,38.7427,39.5251,37.0970,37.7175,2903600,41243620.00,0.02312606,0.017186,2.6979
SZ300041,2014-02-28,37.6635,38.5539,36.9890,38.0412,2418000,33648784.00,0.01925845,0.014312,2.6979
SZ300041,2014-03-03,38.2301,39.5521,37.7714,39.3363,2443600,35363484.00,0.01946234,0.014463,2.6979
SZ300041,2014-03-04,39.2553,39.8489,38.5808,39.2823,2135100,31137468.00,0.01700526,0.012637,2.6979
SZ300041,2014-03-05,39.6600,39.8489,38.9855,39.6600,1544400,22499026.00,0.01230056,0.009141,2.6979
SZ300041,2014-03-06,40.0647,40.9550,39.2553,40.6313,3067700,45809784.00,0.02443306,0.018157,2.6979
SZ300041,2014-03-07,40.3345,40.7392,39.8219,39.9838,2049700,30557872.00,0.01632508,0.012132,2.6979
SZ300041,2014-03-10,39.2283,39.3902,37.2588,37.7714,1932900,27399820.00,0.01539481,0.011440,2.6979
SZ300041,2014-03-11,37.7714,38.6618,37.3128,37.9873,1276600,17988672.00,0.01016763,0.007556,2.6979
SZ300041,2014-03-12,38.1761,38.9046,37.7984,38.4459,1590000,22671354.00,0.01266374,0.009411,2.6979
SZ300041,2014-03-13,38.3920,39.5791,38.1761,39.4442,1620100,23425250.00,0.01290348,0.009589,2.6979
SZ300041,2014-03-14,39.3902,39.4712,38.5808,38.8237,1280900,18495228.00,0.01020188,0.007581,2.6979
SZ300041,2014-03-17,38.8506,40.7392,38.7697,40.4424,2065900,30694840.00,0.01645410,0.012228,2.6979
SZ300041,2014-03-18,40.4694,40.8741,39.9298,40.0108,2153800,32189140.00,0.01715419,0.012748,2.6979
SZ300041,2014-03-19,39.9838,40.7392,39.7679,40.2536,1813000,27021972.00,0.01443985,0.010731,2.6979
SZ300041,2014-03-20,40.6852,40.6852,37.9333,38.2031,2189900,31956520.00,0.01744172,0.012961,2.6979
SZ300041,2014-03-21,38.2031,39.9298,37.7175,39.6600,2091200,29987388.00,0.01665561,0.012377,2.6979
SZ300041,2014-03-24,39.3902,40.0647,38.8506,39.7949,2040300,29778250.00,0.01625021,0.012076,2.6979
SZ300041,2014-03-25,39.7679,40.4424,39.2823,40.4424,1477800,21778436.00,0.01177011,0.008747,2.6979
SZ300041,2014-03-26,39.6600,39.6600,38.4190,39.2823,3777300,54829380.00,0.03008475,0.022357,2.6979
SZ300041,2014-03-27,38.5808,39.2553,37.7984,38.2841,1638000,23426948.00,0.01304604,0.009695,2.6979
SZ300041,2014-03-28,37.9873,38.4459,36.6653,37.1239,2097100,29120928.00,0.01670260,0.012412,2.6979
SZ300041,2014-03-31,37.4477,37.8794,36.6653,37.4747,1191300,16480448.00,0.00920987,0.007051,2.6979
SZ300041,2014-04-01,37.4207,37.6905,37.1779,37.6096,668500,9292678.00,0.00516814,0.003957,2.6979
SZ300041,2014-04-02,37.6096,37.7445,36.4225,36.8002,1689200,23049872.00,0.01305911,0.009998,2.6979
SZ300041,2014-04-03,36.6383,37.2049,36.5574,36.8272,920900,12581223.00,0.00711943,0.005451,2.6979
SZ300041,2014-04-04,36.7732,37.5286,36.5034,37.2588,855100,11762006.00,0.00661073,0.005061,2.6979
SZ300041,2014-04-08,37.0160,38.1222,37.0160,38.0143,950600,13289627.00,0.00734904,0.005626,2.6979
SZ300041,2014-04-09,38.2301,38.5539,37.9063,38.2031,913600,12933839.00,0.00706299,0.005407,2.6979
SZ300041,2014-04-10,38.3110,38.5808,37.9873,38.1222,999900,14201228.00,0.00773017,0.005918,2.6979
SZ300041,2014-04-11,37.7984,37.8254,36.6113,37.3398,2150500,29511992.00,0.01662540,0.012728,2.6979
SZ300041,2014-04-14,37.3668,37.5016,36.9081,37.3128,1037900,14326053.00,0.00802395,0.006143,2.6979
SZ300041,2014-04-15,37.3128,37.5826,36.9621,37.0700,1367700,18847482.00,0.01057361,0.008095,2.6979
SZ300041,2014-04-16,37.1509,38.1222,36.9621,37.8524,1533600,21391524.00,0.01185618,0.009077,2.6979
SZ300041,2014-04-17,38.1492,38.9316,37.6905,38.6348,2025700,28792272.00,0.01566057,0.011990,2.6979
SZ300041,2014-04-18,38.4459,38.6078,37.7984,38.2841,1525400,21568502.00,0.01179278,0.009028,2.6979
SZ300041,2014-04-21,38.0143,39.3902,37.9063,38.3650,1876500,26996116.00,0.01450712,0.011107,2.6979
SZ300041,2014-04-22,38.3110,38.7157,37.7714,38.2031,1033100,14559526.00,0.00798684,0.006115,2.6979
SZ300041,2014-04-23,38.5808,39.1204,37.8794,38.4459,2311200,32958482.00,0.01786776,0.013679,2.6979
SZ300041,2014-04-24,38.7967,38.7967,37.8254,38.3110,1415300,20049348.00,0.01094161,0.008377,2.6979
SZ300041,2014-04-25,38.0682,38.4999,37.7984,38.0143,1206100,17013584.00,0.00932429,0.007139,2.6979
SZ300041,2014-04-28,37.7714,37.7714,35.1005,35.5052,2868100,38251872.00,0.02217312,0.016976,2.6979
SZ300041,2014-04-29,35.1544,35.7750,35.0735,35.5861,1135600,14891694.00,0.00877926,0.006721,2.6979
SZ300041,2014-04-30,35.7750,36.6113,35.5052,36.3415,1040300,13943080.00,0.00804250,0.006157,2.6979
SZ300041,2014-05-05,36.3415,37.2858,36.0987,37.2319,1260800,17285084.00,0.00974717,0.007462,2.6979
SZ300041,2014-05-06,36.9621,37.7445,36.9621,37.5826,1139200,15827522.00,0.00880709,0.006743,2.6979
SZ300041,2014-05-07,37.3668,38.3380,36.7192,37.2049,1691900,23679032.00,0.01307999,0.010014,2.6979
SZ300041,2014-05-08,36.9890,37.7175,36.9890,37.2049,628300,8713211.00,0.00485735,0.003719,2.6979
SZ300041,2014-05-09,37.6689,37.7508,36.2768,37.1230,946200,12735337.00,0.00731502,0.005600,2.7296
SZ300041,2014-05-12,37.1230,37.7781,36.6863,37.4506,814900,11139917.00,0.00629995,0.004823,2.7296
SZ300041,2014-05-13,37.6689,38.0511,37.2322,37.6689,800600,11055618.00,0.00618939,0.004739,2.7296
SZ300041,2014-05-14,37.5051,38.8427,37.3141,38.7062,3196300,44968732.00,0.02471042,0.018918,2.7296
SZ300041,2014-05-15,38.7608,38.8427,37.9419,38.1876,1690900,23843906.00,0.01307225,0.010008,2.7296
SZ300041,2014-05-16,37.7508,38.4059,36.9319,37.9419,2214000,30437288.00,0.01711631,0.013104,2.7296
SZ300041,2014-05-19,37.8054,38.1330,37.4506,37.8054,536400,7424144.00,0.00414688,0.003175,2.7296
SZ300041,2014-05-20,38.0784,38.7062,37.9419,38.0511,933800,13124702.00,0.00721916,0.005527,2.7296
SZ300041,2014-05-21,37.8327,38.1876,37.3960,37.9965,905700,12507210.00,0.00700192,0.005361,2.7296
SZ300041,2014-05-22,37.9965,38.4878,37.6689,37.8600,895300,12489175.00,0.00692151,0.005299,2.7296
SZ300041,2014-05-23,37.7235,38.1330,37.5051,38.1330,538100,7459246.00,0.00416002,0.003185,2.7296
SZ300041,2014-05-26,38.2149,38.8973,38.1603,38.7608,1430400,20213808.00,0.01105834,0.008466,2.7296
SZ300041,2014-05-27,38.7608,38.8973,38.4878,38.6243,1013700,14353912.00,0.00783686,0.006000,2.7296
SZ300041,2014-05-28,38.3786,39.3886,38.1330,39.2521,2147100,30475394.00,0.01659911,0.012708,2.7296
SZ300041,2014-05-29,39.3067,39.4432,38.5424,38.7335,1122000,16036004.00,0.00867412,0.006641,2.7296
SZ300041,2014-05-30,38.7608,38.8973,38.4059,38.7335,975900,13816530.00,0.00754463,0.005776,2.7296
SZ300041,2014-06-03,38.8154,39.0610,38.2967,38.3513,1129600,16024665.00,0.00873287,0.006686,2.7296
SZ300041,2014-06-04,38.1876,38.6789,37.5051,38.3786,1221000,16978034.00,0.00943948,0.007227,2.7296
SZ300041,2014-06-05,38.5151,38.7608,37.9692,38.7608,944900,13325097.00,0.00730497,0.005593,2.7296
SZ300041,2014-06-06,38.8700,38.9792,38.2149,38.5424,1110300,15667987.00,0.00858367,0.006572,2.7296
SZ300041,2014-06-09,38.6516,38.6516,37.8873,38.1330,666200,9311095.00,0.00515036,0.003943,2.7296
SZ300041,2014-06-10,37.9692,38.4605,37.8327,38.4332,1259200,17610584.00,0.00973481,0.007453,2.7296
SZ300041,2014-06-11,38.4332,38.4878,37.9965,38.3786,720800,10115765.00,0.00557246,0.004266,2.7296
SZ300041,2014-06-12,38.3786,38.4332,37.4779,37.7235,1360100,18827052.00,0.01051486,0.008050,2.7296
SZ300041,2014-06-13,37.5597,38.6516,37.1230,38.5424,2706100,37786192.00,0.02092071,0.016017,2.7296
SZ300041,2014-06-16,38.4605,39.0883,38.2149,39.0337,2563800,36352360.00,0.01982060,0.015174,2.7296
SZ300041,2014-06-17,38.9792,39.0337,38.3786,38.4332,1540500,21781404.00,0.01190952,0.009118,2.7296
SZ300041,2014-06-18,38.4332,38.5424,37.4233,37.5870,1562200,21666666.00,0.01207728,0.009246,2.7296
SZ300041,2014-06-19,37.6416,37.7235,36.6863,37.2322,1566000,21333916.00,0.01210666,0.009269,2.7296
SZ300041,2014-06-20,37.2868,37.6143,36.8773,37.2868,974800,13292916.00,0.00753612,0.005770,2.7296
SZ300041,2014-06-23,37.1776,38.2149,37.1230,37.9965,1693000,23561516.00,0.01308849,0.010020,2.7296
SZ300041,2014-06-24,38.1330,38.3513,37.8327,38.1330,716500,10011246.00,0.00553922,0.004241,2.7296
SZ300041,2014-06-25,38.1876,38.9246,38.1603,38.6516,1896100,26865956.00,0.01465864,0.011223,2.7296
SZ300041,2014-06-26,38.7062,39.9891,38.7062,39.8526,4015200,58207984.00,0.03104129,0.023765,2.7296
SZ300041,2014-06-27,39.5797,41.9818,39.5797,40.9445,4685000,70469896.00,0.03621948,0.027729,2.7296
SZ300041,2014-06-30,41.1629,42.3639,41.1629,41.4904,3501300,53397752.00,0.02706836,0.020723,2.7296
SZ300041,2014-07-01,41.9818,41.9818,40.6442,41.0537,3118400,46835472.00,0.02410818,0.018457,2.7296
SZ300041,2014-08-06,44.5476,44.6841,42.8279,43.1282,13866900,221488720.00,0.10720424,0.082075,2.7296
SZ300041,2014-08-07,42.9644,47.4410,42.9644,45.8578,11210800,186577952.00,0.08667007,0.066354,2.7296
SZ300041,2014-08-08,45.0389,45.9670,44.7660,45.4484,4694300,77927208.00,0.03629137,0.027784,2.7296
SZ300041,2014-08-11,45.6941,48.0415,45.3392,46.4038,4637500,79646376.00,0.03585226,0.027448,2.7296
SZ300041,2014-08-12,46.3765,47.7140,45.7214,46.7859,4246100,72373592.00,0.03282636,0.025132,2.7296
SZ300041,2014-08-13,46.6767,46.8678,45.6122,46.4311,2866700,48602544.00,0.02216230,0.016967,2.7296
SZ300041,2014-08-14,46.5402,47.1135,45.8578,45.9124,2035700,34620876.00,0.01573788,0.012049,2.7296
SZ300041,2014-08-15,45.8851,46.1308,45.2573,45.5576,2106400,35281676.00,0.01628446,0.012467,2.7296
SZ300041,2014-08-18,45.6395,48.6967,45.6395,48.0688,4224200,73627592.00,0.03265706,0.025002,2.7296
SZ300041,2014-08-19,48.0961,48.7240,47.3591,47.4683,2506900,44011216.00,0.01938070,0.014838,2.7296
SZ300041,2014-08-20,47.2499,47.8778,46.6767,47.1954,2181400,37683304.00,0.01686428,0.012911,2.7296
SZ300041,2014-08-21,47.2227,47.8778,46.8132,47.5775,1558100,26987836.00,0.01204558,0.009222,2.7296
SZ300041,2014-08-22,47.4137,47.7413,46.4584,47.2227,1650500,28459524.00,0.01275992,0.009769,2.7296
SZ300041,2014-08-25,47.2772,47.2772,45.9124,46.1581,1970600,33483248.00,0.01523460,0.011663,2.7296
SZ300041,2014-08-26,45.8851,46.4038,45.3119,45.8851,1497200,25087956.00,0.01157477,0.008862,2.7296
SZ300041,2014-08-27,45.9943,46.5675,45.6395,45.9397,1428400,24147934.00,0.01104288,0.008454,2.7296
SZ300041,2014-08-28,45.9397,47.1135,45.5849,46.8405,2582000,43936840.00,0.01996130,0.015282,2.7296
SZ300041,2014-08-29,46.8405,47.8778,46.7859,47.2772,1735900,30026542.00,0.01342015,0.010274,2.7296
SZ300041,2014-09-01,47.4683,49.6247,47.2499,48.3418,4876800,87216152.00,0.03770227,0.028865,2.7296
SZ300041,2014-09-02,48.3964,49.3245,48.3964,48.9969,2738200,49154480.00,0.02116887,0.016207,2.7296
SZ300041,2014-09-03,49.1607,50.1161,48.8058,49.4610,2211500,40076772.00,0.01709698,0.013089,2.7296
SZ300041,2014-09-04,49.3518,51.0441,49.3518,51.0441,2336200,42944748.00,0.01806103,0.013827,2.7296
SZ300041,2014-09-05,51.3171,53.6646,50.5255,52.3271,3517500,67604456.00,0.02719360,0.020819,2.7296
SZ300041,2014-09-09,52.4909,52.7638,50.7439,51.4809,2333100,44160552.00,0.01803707,0.013809,2.7296
SZ300041,2014-09-10,51.2625,52.3817,50.8258,51.9449,1624000,30784680.00,0.01255505,0.009612,2.7296
SZ300041,2014-09-11,52.2998,54.2651,51.8357,51.9995,3012500,58402624.00,0.02328947,0.017830,2.7296
SZ300041,2014-09-12,52.2725,52.3544,51.3171,52.1906,1620400,30716572.00,0.01252722,0.009591,2.7296
SZ300041,2014-09-15,52.3544,53.5554,51.6447,53.5008,2653500,51361360.00,0.02051406,0.015705,2.7296
SZ300041,2014-09-16,53.5554,54.5381,51.3171,51.7538,3496900,68031024.00,0.02703434,0.020697,2.7296
SZ300041,2014-09-17,51.7266,52.1087,51.0168,51.5628,2038700,38444272.00,0.01576108,0.012067,2.7296
SZ300041,2014-09-18,51.8630,52.0814,51.4536,51.8630,1148100,21776528.00,0.00887590,0.006795,2.7296
SZ300041,2014-09-19,52.2452,52.2452,50.5255,51.2079,2145300,40281516.00,0.01658520,0.012697,2.7296
SZ300041,2014-09-22,50.6347,51.4809,50.6347,51.1533,1015900,18974268.00,0.00785387,0.006013,2.7296
SZ300041,2014-09-23,50.7985,51.3717,50.5528,51.0441,1553900,28952960.00,0.01201311,0.009197,2.7296
SZ300041,2014-09-24,50.9896,53.3643,50.7985,53.1733,2563400,49363240.00,0.01981750,0.015172,2.7296
SZ300041,2014-09-25,53.0914,53.4462,52.0814,52.4090,1747900,33843932.00,0.01351292,0.010345,2.7296
SZ300041,2014-09-26,52.1360,52.4090,50.7712,51.2352,2891000,54226712.00,0.02235016,0.017111,2.7296
SZ300041,2014-09-29,51.1806,52.5727,51.1260,52.5727,2381200,45165404.00,0.01840893,0.014094,2.7296
SZ300041,2014-09-30,52.5454,53.1187,52.0814,52.8730,1235500,23866296.00,0.00961482,0.007313,2.7296
SZ300041,2014-10-08,53.3916,55.3570,52.6819,54.9475,3042000,60278368.00,0.02367323,0.018005,2.7296
SZ300041,2014-10-09,54.8656,55.6572,54.0467,55.5480,1646300,33033392.00,0.01281172,0.009744,2.7296
SZ300041,2014-10-10,55.1386,58.6871,54.3743,58.2777,4029000,84156752.00,0.03135420,0.023847,2.7296
SZ300041,2014-10-13,57.3223,60.0519,57.1585,58.0047,3626100,77846808.00,0.02821878,0.021462,2.7296
SZ300041,2014-10-14,58.3323,58.8236,55.1932,55.9575,3948300,81954880.00,0.03072618,0.023369,2.7296
SZ300041,2014-10-15,56.2305,56.7218,54.4016,55.6845,1862200,37690700.00,0.01449188,0.011022,2.7296
SZ300041,2014-10-16,55.0294,55.6572,53.9103,54.0467,2841300,57008504.00,0.02211136,0.016817,2.7296
SZ300041,2014-10-17,53.4462,55.1932,52.6000,55.1386,3098500,61446712.00,0.02411292,0.018339,2.7296
SZ300041,2014-10-20,55.4116,55.6572,54.4016,55.3843,1323500,26716984.00,0.01029965,0.007833,2.7296
SZ300041,2014-10-21,55.1386,57.5407,54.6473,56.3123,2528200,52487404.00,0.01967478,0.014964,2.7296
SZ300041,2014-10-22,56.8583,56.8856,55.6572,56.0394,1404800,28867396.00,0.01093233,0.008315,2.7296
SZ300041,2014-10-23,56.0394,56.0394,53.9649,54.5381,1959100,39287832.00,0.01524597,0.011595,2.7296
SZ300041,2014-10-24,54.5654,55.8210,54.1559,54.9202,1465600,29591766.00,0.01140549,0.008675,2.7296
SZ300041,2014-10-27,54.9202,56.9675,54.4835,56.7218,1416800,29257702.00,0.01102572,0.008386,2.7296
SZ300041,2014-10-28,56.7218,58.6871,56.7218,58.6052,1960700,41549192.00,0.01525842,0.011605,2.7296
SZ300041,2014-10-29,58.8509,61.4168,58.6871,60.4887,3381800,74653360.00,0.02631760,0.020016,2.7296
SZ300041,2014-10-30,60.8981,61.2803,58.9601,59.3695,2375200,52519728.00,0.01848411,0.014058,2.7296
SZ300041,2014-10-31,59.8882,61.2530,58.3869,59.5060,2859100,62874384.00,0.02224988,0.016922,2.7296
SZ300041,2014-11-03,58.9601,59.5060,58.0047,58.6871,2901700,62200432.00,0.02258140,0.017174,2.7296
SZ300041,2014-11-04,58.2231,60.9527,58.2231,59.6425,3010700,66151900.00,0.02342965,0.017820,2.7296
SZ300041,2014-11-05,59.4514,59.8609,57.7590,57.9774,2039300,43777264.00,0.01587009,0.012070,2.7296
SZ300041,2014-11-06,57.8682,58.7963,57.2677,58.5506,2316000,49416608.00,0.01802341,0.013708,2.7296
SZ300041,2014-11-07,58.6598,59.4514,58.1412,58.3869,1633300,35202984.00,0.01271055,0.009667,2.7296
SZ300041,2014-11-10,58.3869,58.6871,57.2404,57.4861,1998100,42116944.00,0.01554947,0.011826,2.7296
SZ300041,2014-11-11,57.3496,57.8682,54.0467,55.6299,2745000,55723052.00,0.02136194,0.016247,2.7296
SZ300041,2014-11-12,55.3024,56.0940,54.7292,55.9575,983800,20024560.00,0.00765606,0.005823,2.7296
SZ300041,2014-11-13,55.9302,55.9302,53.5008,54.8929,2882800,57606780.00,0.02243432,0.017063,2.7296
SZ300041,2014-11-14,55.0840,56.6672,54.8929,55.9575,2255000,46240340.00,0.01754870,0.013347,2.7296
SZ300041,2014-11-17,55.2205,58.2777,54.8656,58.0866,2029500,42572152.00,0.01579383,0.012012,2.7296
SZ300041,2014-11-18,58.4415,58.4415,57.0766,57.7318,937200,19840852.00,0.00729341,0.005547,2.7296
SZ300041,2014-11-19,57.7045,59.4787,56.5307,58.8236,2065000,43769424.00,0.01607010,0.012222,2.7296
SZ300041,2014-11-20,58.4142,58.4142,57.1858,57.6499,1065200,22461608.00,0.00828952,0.006305,2.7296
SZ300041,2014-11-21,57.6499,59.0420,56.9402,58.6325,1634800,34729904.00,0.01272222,0.009676,2.7296
SZ300041,2014-11-24,58.8782,59.9973,58.5506,59.8882,1639700,35582816.00,0.01276036,0.009705,2.7296
SZ300041,2014-11-25,60.0246,65.8661,59.9155,65.8661,3649700,86093760.00,0.02840243,0.021602,2.7296
SZ300041,2014-11-26,68.3773,68.9233,64.5012,65.7296,4125700,100638608.00,0.03210673,0.024419,2.7296
SZ300041,2014-11-27,66.8760,67.2855,64.3648,65.9207,2721700,65632824.00,0.02118062,0.016109,2.7296
SZ300041,2014-11-28,65.9207,66.0025,61.4168,63.9280,3617000,84503520.00,0.02814796,0.021408,2.7296
SZ300041,2014-12-01,64.3921,64.5285,61.9900,64.4194,2962700,68540112.00,0.02305611,0.017535,2.7296
SZ300041,2014-12-02,64.1191,64.8015,63.1091,64.3102,2463700,57768784.00,0.01917283,0.014582,2.7296
SZ300041,2014-12-03,64.1464,64.1464,61.8535,63.0545,2630500,60484584.00,0.02047089,0.015569,2.7296
SZ300041,2014-12-04,63.5186,64.0099,62.3721,63.0545,2631700,60744296.00,0.02048023,0.015576,2.7296
SZ300041,2014-12-05,63.0545,63.0545,59.1785,61.6897,4941600,109624656.00,0.03845617,0.029248,2.7296
SZ300041,2014-12-08,60.7616,61.0892,59.0420,60.3522,3388600,74391776.00,0.02637052,0.020056,2.7296
SZ300041,2014-12-09,59.5060,59.5060,55.1386,57.4588,3413400,72193912.00,0.02656352,0.020203,2.7296
SZ300041,2014-12-10,56.8310,58.9601,56.8310,57.5953,3055400,64762424.00,0.02377752,0.018084,2.7296
SZ300041,2014-12-11,57.6499,57.8682,56.0121,57.6226,2445700,51072372.00,0.01903275,0.014475,2.7296
SZ300041,2014-12-12,58.0047,60.4614,58.0047,58.9874,2695300,58650296.00,0.02097517,0.015953,2.7296
SZ300041,2014-12-15,59.8063,60.7071,58.8782,59.9428,2548000,56042372.00,0.01982886,0.015081,2.7296
SZ300041,2014-12-16,59.9973,60.4887,58.4960,59.0966,2203600,47698900.00,0.01714870,0.013043,2.7296
SZ300041,2014-12-17,58.9328,59.5606,58.0866,58.0866,1549900,33242700.00,0.01206152,0.009173,2.7296
SZ300041,2014-12-18,57.8955,58.6325,55.7391,56.1486,2330200,48685644.00,0.01813392,0.013792,2.7296
SZ300041,2014-12-19,56.1759,58.5506,55.8756,57.0493,3340000,69651760.00,0.02599231,0.019769,2.7296
SZ300041,2014-12-22,55.8210,56.5034,53.2824,54.8656,3061200,61191160.00,0.02382265,0.018118,2.7296
SZ300041,2014-12-23,54.8656,56.3396,54.5927,55.4389,1146100,23209960.00,0.00891910,0.006783,2.7296
SZ300041,2014-12-24,55.4389,57.7590,55.4389,57.3223,2615400,54810996.00,0.02035338,0.015480,2.7296
SZ300041,2014-12-25,56.7764,58.8236,56.7764,58.3869,2459000,52405016.00,0.01913625,0.014554,2.7296
SZ300041,2014-12-26,57.2677,58.4142,57.2677,57.7863,976600,20714370.00,0.00760003,0.005780,2.7296
SZ300041,2014-12-29,58.3050,59.4514,54.4016,55.4116,2568600,51941520.00,0.01998918,0.015203,2.7296
SZ300041,2014-12-30,55.0567,55.4116,51.8630,55.4116,2797600,54798080.00,0.02177128,0.016558,2.7296
SZ300041,2014-12-31,54.8929,56.1213,54.1559,56.1213,1540800,31172440.00,0.01199070,0.009120,2.7296
SZ300041,2015-01-05,56.1213,56.1213,53.7738,55.4116,1991400,39941288.00,0.01549733,0.011787,2.7296
SZ300041,2015-01-06,54.9748,56.6672,54.3470,56.0940,1903100,38766320.00,0.01481017,0.011264,2.7296
SZ300041,2015-01-07,55.4116,55.4116,53.4189,54.1832,2349300,46556680.00,0.01828255,0.013905,2.7296
SZ300041,2015-01-08,54.0467,55.1386,53.6919,54.4016,1499800,29938852.00,0.01167164,0.008877,2.7296
SZ300041,2015-01-09,54.2378,56.7218,54.2378,55.7118,2470600,50490932.00,0.01922653,0.014623,2.7296
SZ300041,2015-01-12,55.6299,55.6299,54.6200,55.1386,557700,11248835.00,0.00434009,0.003301,2.7296
SZ300041,2015-01-13,55.7391,57.8136,55.4116,57.2950,1774900,36841928.00,0.01381250,0.010505,2.7296
SZ300041,2015-01-14,57.3223,60.5433,56.5307,59.8882,4241300,91678416.00,0.03300634,0.025103,2.7296
SZ300041,2015-01-15,59.5060,61.0073,58.8236,59.0147,1744800,38139200.00,0.01357826,0.010327,2.7296
SZ300041,2015-01-16,59.5333,60.4887,58.6598,59.5333,1217000,26574328.00,0.00947085,0.007203,2.7296
SZ300041,2015-01-19,58.6598,60.7616,55.0021,57.5134,2451800,52768868.00,0.01908022,0.014512,2.7296
SZ300041,2015-01-20,57.9774,60.5160,57.9774,60.3522,1736500,37897416.00,0.01351367,0.010278,2.7296
SZ300041,2015-01-21,60.8981,62.9999,60.0246,62.6724,3469300,78023624.00,0.02699854,0.020534,2.7296
SZ300041,2015-01-22,62.2084,62.6724,61.7716,62.2629,1357300,30915500.00,0.01056268,0.008034,2.7296
SZ300041,2015-01-23,62.1811,63.5459,60.9527,61.1438,2338700,53443028.00,0.01820006,0.013842,2.7296
SZ300041,2015-01-26,60.3249,64.0918,60.0519,63.6551,3151100,73211528.00,0.02452226,0.018651,2.7296
SZ300041,2015-01-27,63.6551,64.0099,62.3448,63.4367,1713300,39664184.00,0.01333312,0.010141,2.7296
SZ300041,2015-01-28,62.7816,63.7370,62.6451,62.9727,1441800,33373646.00,0.01122027,0.008534,2.7296
SZ300041,2015-01-29,62.7543,62.9454,61.2803,61.4714,1040300,23512300.00,0.00809575,0.006157,2.7296
SZ300041,2015-01-30,61.4986,62.2629,60.0519,61.1984,681700,15296055.00,0.00530508,0.004035,2.7296
SZ300041,2015-02-02,61.0619,62.2902,60.0792,62.0446,1315200,29666914.00,0.01023506,0.007784,2.7296
SZ300041,2015-02-03,62.0446,63.3275,62.0446,62.3721,778800,17846106.00,0.00606072,0.004610,2.7296
SZ300041,2015-02-04,62.0446,64.2829,62.0446,63.6005,1347400,31314928.00,0.01048564,0.007975,2.7296
SZ300041,2015-02-05,63.7642,65.7842,62.7816,64.8561,2035800,48535704.00,0.01584286,0.012049,2.7296
SZ300041,2015-02-06,64.8561,66.1390,61.9627,63.0545,1582100,37053684.00,0.01231211,0.009364,2.7296
SZ300041,2015-02-09,64.2829,64.2829,59.3695,60.3249,3672100,82266440.00,0.02857675,0.021734,2.7296
SZ300041,2015-02-10,59.5606,60.8708,59.1785,60.8435,774400,16988528.00,0.00602648,0.004583,2.7296
SZ300041,2015-02-11,60.2976,62.1811,60.2976,61.4168,856200,19291532.00,0.00666306,0.005068,2.7296
SZ300041,2015-02-12,61.8535,63.3002,61.4441,62.4540,738800,16867368.00,0.00574944,0.004373,2.7296
SZ300041,2015-02-13,62.5086,63.3821,61.8535,62.3448,1285800,29467462.00,0.01000626,0.007610,2.7296
SZ300041,2015-02-16,61.8535,62.8908,61.8535,62.2084,1528400,34883400.00,0.01189421,0.009046,2.7296
SZ300041,2015-02-17,62.6997,62.9727,61.9081,62.9727,1103400,25200296.00,0.00858680,0.006531,2.7296
SZ300041,2015-02-25,62.9727,65.4566,62.2902,63.7097,1253900,29335152.00,0.00975801,0.007422,2.7296
SZ300041,2015-02-26,63.7370,64.6377,63.0545,63.8188,787600,18348212.00,0.00612920,0.004662,2.7296
SZ300041,2015-02-27,63.4094,65.2655,63.3275,64.8288,1674900,39362260.00,0.01303429,0.009913,2.7296
SZ300041,2015-03-02,65.0472,65.7842,64.3921,65.2110,1726200,41189712.00,0.01343351,0.010217,2.7296
SZ300041,2015-03-03,65.6750,65.6750,63.4367,63.6278,1886300,44345840.00,0.01467943,0.011165,2.7296
SZ300041,2015-03-04,63.4640,65.5112,63.4640,65.2110,1874000,44519320.00,0.01458371,0.011092,2.7296
SZ300041,2015-03-05,65.4566,65.4839,63.6005,64.8561,1928900,45543668.00,0.01501095,0.011417,2.7296
SZ300041,2015-03-06,65.1018,67.0671,64.7742,66.8760,3824400,92787704.00,0.02976197,0.022636,2.7296
SZ300041,2015-03-09,65.7023,73.1542,65.7023,72.9631,6242700,160206336.00,0.04858149,0.036949,2.7296
SZ300041,2015-03-10,72.3353,76.4298,71.8440,73.7001,2661000,72465664.00,0.02070824,0.015750,2.7296
SZ300041,2015-03-11,72.0896,77.7400,72.0896,75.8838,3341200,93223808.00,0.02600165,0.019776,2.7296
SZ300041,2015-03-12,75.8838,76.1568,72.3353,72.8539,2249600,60516752.00,0.01750668,0.013315,2.7296
SZ300041,2015-03-13,72.9085,75.2833,72.9085,74.1642,1958800,53409424.00,0.01524363,0.011594,2.7296
SZ300041,2015-03-16,74.5190,80.9610,74.5190,79.7599,3539200,101294064.00,0.02754251,0.020948,2.7296
SZ300041,2015-03-17,80.2512,82.8444,78.8864,81.2885,6783200,200225440.00,0.05278773,0.040148,2.7296
SZ300041,2015-03-18,81.8890,87.9215,81.5342,87.0207,5966500,187395088.00,0.04643207,0.035314,2.7296
SZ300041,2015-03-19,86.5294,89.4774,85.9835,87.3210,3588500,114703576.00,0.02792617,0.021239,2.7296
SZ300041,2015-03-20,86.5294,87.8942,84.3730,85.7924,4315300,136132992.00,0.03358222,0.025541,2.7296
SZ300041,2015-03-23,85.6832,92.4254,84.4276,91.4428,4944900,159651568.00,0.03848185,0.029268,2.7296
SZ300041,2015-03-24,90.9787,91.9887,84.4276,88.0307,5182900,166533840.00,0.04033399,0.030676,2.7296
SZ300041,2015-03-25,88.1399,96.8474,87.1026,96.8474,8426500,284621760.00,0.06557611,0.049874,2.7296
SZ300041,2015-03-26,98.0485,99.6317,92.5619,93.8721,4925500,172579376.00,0.03833087,0.029153,2.7296
SZ300041,2015-03-27,91.4701,96.3015,91.0333,94.9913,2212300,76484736.00,0.01721640,0.013094,2.7296
SZ300041,2015-03-30,95.2097,95.2915,85.6013,88.0034,5027500,166509248.00,0.03912465,0.029756,2.7296
SZ300041,2015-03-31,88.1126,91.6065,84.9189,91.1698,3422500,110745976.00,0.02663433,0.020257,2.7296
SZ300041,2015-04-01,90.0779,100.2868,88.7404,100.2868,4096700,143848640.00,0.03188105,0.024247,2.7296
SZ300041,2015-04-02,103.7261,103.7261,98.5944,100.7235,3342500,122938352.00,0.02601176,0.019783,2.7296
SZ300041,2015-04-03,100.9965,106.2101,93.9267,104.5450,4182200,155221888.00,0.03254642,0.024753,2.7296
SZ300041,2015-04-07,103.6988,106.5376,102.0610,104.5177,2129600,81633048.00,0.01657282,0.012605,2.7296
SZ300041,2015-04-08,104.7907,104.7907,95.2097,96.6291,4494700,161311968.00,0.03497833,0.026603,2.7296
SZ300041,2015-04-09,96.6291,98.2395,87.0207,92.8076,6108300,201104576.00,0.04753558,0.036153,2.7296
SZ300041,2015-04-10,93.0532,96.0831,89.8050,94.9913,5716400,192842992.00,0.04448576,0.033834,2.7296
SZ300041,2015-04-13,92.8076,97.2569,92.8076,95.8102,4760300,165684464.00,0.03704527,0.028175,2.7296
SZ300041,2015-04-14,95.8102,95.8102,89.8323,90.1052,5296400,178628016.00,0.04121726,0.031348,2.7296
SZ300041,2015-04-15,90.0233,90.6239,84.8916,84.8916,3339700,106527552.00,0.02598997,0.019767,2.7296
SZ300041,2015-04-16,84.0454,87.3483,82.0255,83.9908,2578500,80436616.00,0.02006622,0.015261,2.7296
SZ300041,2015-04-17,84.4822,85.1646,81.4796,84.2092,3904500,119489496.00,0.03038532,0.023110,2.7296
SZ300041,2015-04-20,85.1646,92.2616,84.6187,91.0333,5505000,180021184.00,0.04284062,0.032583,2.7296
SZ300041,2015-04-21,91.0606,96.0831,88.4402,94.3908,4757700,162012704.00,0.03702503,0.028160,2.7296
SZ300041,2015-04-22,96.0831,97.6663,93.6538,94.5818,3333100,116814304.00,0.02593861,0.019728,2.7296
SZ300041,2015-04-23,94.9367,96.7655,91.4973,94.5818,4294000,148135344.00,0.03341646,0.025415,2.7296
SZ300041,2015-04-24,92.1525,92.1525,87.8942,91.6338,5176400,170728016.00,0.04028341,0.030638,2.7296
SZ300041,2015-04-27,91.9887,94.4181,90.1598,94.1724,4394900,149446656.00,0.03420169,0.026012,2.7296
SZ300041,2015-04-28,93.6811,93.6811,87.3483,88.9861,3057000,100523416.00,0.02378998,0.018094,2.7296
SZ300041,2015-04-29,87.6213,92.8076,86.5567,90.6512,2653300,87523912.00,0.02064833,0.015704,2.7296
SZ300041,2015-04-30,90.4874,95.5372,89.8050,93.1624,4033600,137312640.00,0.03139001,0.023874,2.7296
SZ300041,2015-05-04,93.2989,94.3908,90.5693,91.1698,2768700,93777592.00,0.02154639,0.016387,2.7296
SZ300041,2015-05-05,91.4428,92.7530,84.6187,85.2192,2596000,82948160.00,0.02020242,0.015365,2.7296
SZ300041,2015-05-06,87.0480,90.1052,85.4649,86.4748,2371600,76436360.00,0.01845611,0.014037,2.7296
SZ300041,2015-05-07,84.9189,87.4029,81.8890,82.1074,1686000,51962188.00,0.01312068,0.009979,2.7296
SZ300041,2015-05-08,84.2911,88.0853,83.3903,87.4848,3881000,120352400.00,0.03020246,0.022971,2.7296
SZ300041,2015-05-11,87.6486,96.2196,86.8297,94.2543,5355300,182804272.00,0.04167566,0.031697,2.7296
SZ300041,2015-05-12,95.5099,95.5099,91.3609,93.3262,5156600,176244992.00,0.04012935,0.030521,2.7296
SZ300041,2015-05-13,94.1451,102.6616,91.4973,102.6616,8043100,295157696.00,0.06259247,0.047605,2.7296
SZ300041,2015-05-14,101.9519,112.7066,100.4779,105.3912,5453000,213778848.00,0.04243597,0.032275,2.7296
SZ300041,2015-05-15,108.9943,113.6893,105.5004,106.8925,4825400,192692688.00,0.03755190,0.028560,2.7296
SZ300041,2015-05-18,105.1728,112.1880,105.1728,111.9150,3396800,135884656.00,0.02643435,0.020105,2.7296
SZ300041,2015-05-19,112.1607,113.6893,107.0290,111.3964,3273100,131847872.00,0.02547170,0.019373,2.7296
SZ300041,2015-05-20,109.5129,118.7391,109.4584,110.7140,4806900,200252288.00,0.03740793,0.028451,2.7296
SZ300041,2015-05-21,110.4683,116.5827,106.4558,115.0541,3864700,161260976.00,0.03007561,0.022874,2.7296
SZ300041,2015-05-22,116.2824,126.5732,116.2824,126.5732,6100600,273483424.00,0.04747568,0.036108,2.7296
SZ300041,2015-05-25,125.2902,136.0723,122.4241,134.2707,4010800,189204432.00,0.03121258,0.023739,2.7296
SZ300041,2015-05-26,133.2335,138.6655,130.4766,135.3899,3269000,160964432.00,0.02543979,0.019348,2.7296
SZ300041,2015-05-27,135.5810,148.9289,135.5810,148.9289,3362500,179776592.00,0.02616742,0.019902,2.7296
SZ300041,2015-05-28,152.6412,163.8054,134.1889,136.7547,8753500,488317408.00,0.06812090,0.051810,2.7296
SZ300041,2015-05-29,136.7547,150.1299,128.2928,150.0753,4502900,235155296.00,0.03504217,0.026651,2.7296
SZ300041,2015-06-01,152.9960,163.2322,147.4003,157.9094,4298700,244401136.00,0.03345305,0.025443,2.7296
SZ300041,2015-06-02,159.6837,161.0758,150.4029,159.5472,4165900,240603616.00,0.03241959,0.024657,2.7296
SZ300041,2015-06-03,158.8648,159.9293,143.6061,150.0753,5977700,329722016.00,0.04651925,0.035380,2.7296
SZ300041,2015-06-04,149.8570,156.8175,138.0649,156.6811,4323200,233071024.00,0.03364372,0.025588,2.7296
SZ300041,2015-06-05,153.2144,165.7162,150.6486,155.5892,4687400,272264512.00,0.03647797,0.027744,2.7296
SZ300041,2015-06-08,150.0480,158.3188,140.0303,141.2040,4368500,232342256.00,0.03399625,0.025856,2.7296
SZ300041,2015-06-09,139.5935,141.9410,131.0225,141.8864,4869900,241601840.00,0.03789821,0.028824,2.7296
SZ300041,2015-06-10,136.4818,146.5268,134.1070,144.1247,4849800,252686480.00,0.03774179,0.028705,2.7296
SZ300041,2015-06-11,144.6161,150.6213,142.8964,150.3483,5645700,305318016.00,0.04393559,0.033415,2.7296
SZ300041,2015-06-12,151.0853,162.2768,147.4003,161.8674,5983400,336495904.00,0.04656361,0.035414,2.7296
SZ300041,2015-06-15,162.3602,163.1816,145.7135,149.2181,6038200,344112896.00,0.04699007,0.035739,2.7379
SZ300041,2015-06-16,145.9325,145.9325,134.2963,134.2963,4232500,211348624.00,0.03293788,0.025051,2.7379
SZ300041,2015-06-17,131.4488,140.8673,122.8243,140.0459,6212700,296773120.00,0.04834806,0.036771,2.7379
SZ300041,2015-06-18,140.4566,146.9729,133.2285,134.7069,5774500,299180832.00,0.04493793,0.034178,2.7379
SZ300041,2015-06-19,125.7812,133.6939,123.2076,127.2050,2948200,137981200.00,0.02294328,0.017450,2.7379
SZ300041,2015-06-23,126.2193,130.4631,114.4735,126.3562,3397000,151617696.00,0.02643590,0.020106,2.7379
SZ300041,2015-06-24,128.9573,129.7239,117.7591,126.3562,3920200,178604720.00,0.03050752,0.023203,2.7379
SZ300041,2015-06-25,125.8360,130.3262,118.3340,120.9077,4625600,213059568.00,0.03599703,0.027378,2.7379
SZ300041,2015-06-26,115.0211,117.6769,108.8060,108.8060,3335200,135542208.00,0.02595497,0.019740,2.7379
SZ300041,2015-06-29,112.5843,112.5843,97.9363,97.9363,3898800,143115696.00,0.03034098,0.023076,2.7379
SZ300041,2015-06-30,92.2961,104.5895,88.1345,98.4839,5951700,207981232.00,0.04631692,0.035227,2.7379
SZ300041,2015-07-01,98.5660,102.6456,89.8046,90.3248,6493500,234775776.00,0.05053328,0.038433,2.7379
SZ300041,2015-07-02,87.6143,93.3639,81.2896,81.2896,5989800,188023760.00,0.04661342,0.035452,2.7379
SZ300041,2015-07-03,73.1579,85.0953,73.1579,73.1579,7301800,203962608.00,0.05682358,0.043217,2.7379
SZ300041,2015-07-06,80.4682,80.4682,65.8476,65.8476,9157500,245266992.00,0.07126488,0.054201,2.7379
SZ300041,2015-07-07,60.7824,62.4251,59.2765,59.2765,1458500,31749646.00,0.01135024,0.008632,2.7379
SZ300041,2015-07-14,65.2178,65.2178,65.2178,65.2178,14800,352536.00,0.00011518,0.000088,2.7379
SZ300041,2015-07-15,71.7342,71.7342,68.0927,71.7342,9854600,257695488.00,0.07668980,0.058327,2.7379
SZ300041,2015-07-16,71.7342,78.1957,66.2035,76.1149,10265800,279017600.00,0.07988982,0.060761,2.7379
SZ300041,2015-07-17,77.2101,83.7264,76.3065,83.7264,6235900,184744240.00,0.04852860,0.036909,2.7379
SZ300041,2015-07-20,86.2453,91.9950,86.2453,88.6547,9270700,299400640.00,0.07214582,0.054871,2.7379
SZ300041,2015-07-21,87.3405,89.5034,84.3287,87.4500,6962100,220441104.00,0.05417999,0.041207,2.7379
SZ300041,2015-07-22,85.8346,89.9689,82.5491,89.1201,6525600,205509904.00,0.05078308,0.038623,2.7379
SZ300041,2015-07-23,87.6964,96.1293,86.2453,93.9115,7124500,235093024.00,0.05544380,0.042168,2.7379
SZ300041,2015-07-24,93.0901,94.7329,86.5191,87.3131,6835600,228933280.00,0.05319555,0.040458,2.7379
SZ300041,2015-07-27,84.4656,90.2974,78.5790,78.5790,5899500,183548000.00,0.04591069,0.034918,2.7379
SZ300041,2015-07-28,72.2818,81.5360,70.7211,73.4591,5792100,156784928.00,0.04507489,0.034282,2.7379
SZ300041,2015-07-29,75.2935,80.7146,71.3235,80.6872,4681200,128553552.00,0.03642972,0.027707,2.7379
SZ300041,2015-07-30,80.4135,83.7811,78.3326,79.3730,7469300,220566256.00,0.05812708,0.044209,2.7379
SZ300041,2015-07-31,79.1266,82.0288,77.7850,80.1944,6519900,191345312.00,0.05073873,0.038590,2.7379
SZ300041,2015-08-03,77.5112,77.5112,72.1722,72.1722,5565200,149109360.00,0.04330912,0.032939,2.7379
SZ300041,2015-08-04,71.7342,77.9493,71.1866,77.9219,7804100,213276032.00,0.06073254,0.046190,2.7379
SZ300041,2015-08-05,76.6625,81.9467,75.6494,77.7029,9454800,271481056.00,0.07357851,0.055960,2.7379
SZ300041,2015-08-06,75.8411,80.9337,73.6507,79.9480,8995700,256010176.00,0.07000573,0.053243,2.7379
SZ300041,2015-08-07,80.7146,87.9428,79.2635,87.9428,11097500,337554528.00,0.08636222,0.065683,2.7379
SZ300041,2015-08-10,87.5869,94.7329,87.0667,90.7355,10467700,344732256.00,0.08146103,0.061956,2.7379
SZ300041,2015-08-11,89.8320,92.1592,88.5999,91.6390,11047700,363993920.00,0.08597467,0.065388,2.7379
SZ300041,2015-08-12,88.0249,89.3392,82.4669,82.4669,18097400,565437696.00,0.14083637,0.107114,2.7379
SZ300041,2015-08-13,79.7016,83.7811,78.8802,83.7264,10626300,313495808.00,0.08269528,0.062894,2.7379
SZ300041,2015-08-14,83.4800,85.0406,82.1931,82.4122,7839000,238760752.00,0.06100414,0.046397,2.7379
SZ300041,2015-08-17,81.3991,90.5439,77.8124,88.9285,17411500,530022752.00,0.13549860,0.103054,2.7379
SZ300041,2015-08-18,89.2570,92.7890,80.0301,80.0301,17621700,566842112.00,0.13713441,0.104298,2.7379
SZ300041,2015-08-19,75.5125,82.6586,72.9936,82.0562,10256400,292742656.00,0.07981667,0.060705,2.7379
SZ300041,2015-08-20,80.2766,82.8228,76.9363,77.1005,6757300,195675664.00,0.05258621,0.039995,2.7379
SZ300041,2015-08-21,75.5125,76.5256,69.3795,69.3795,6802600,178964240.00,0.05293874,0.040263,2.7379
SZ300041,2015-08-24,63.2465,65.5464,62.4525,62.4525,2570200,59217216.00,0.02000164,0.015212,2.7379
SZ300041,2015-08-25,56.2100,58.3182,56.2100,56.2100,5935700,122775928.00,0.04619240,0.035132,2.7379
SZ300041,2015-08-26,56.1279,57.4421,50.5972,50.5972,10657000,207164288.00,0.08293419,0.063076,2.7379
SZ300041,2015-08-27,52.0209,54.7315,47.0379,52.3221,9222400,170656512.00,0.07176994,0.054585,2.7379
SZ300041,2015-08-28,53.1983,56.8397,52.0209,56.5112,8932500,176693824.00,0.06951390,0.052869,2.7379
SZ300041,2015-08-31,55.2791,55.8541,52.9792,53.2530,6481000,128373992.00,0.05043600,0.038359,2.7379
SZ300041,2015-09-01,51.6924,51.7198,47.9414,47.9414,7052500,124795152.00,0.05488349,0.041742,2.7379
SZ300041,2015-09-02,43.2869,50.2413,43.2869,45.3951,6757500,115890432.00,0.05258776,0.039996,2.7379
SZ300041,2015-09-07,46.5450,49.7758,45.1761,47.0926,6199400,109324416.00,0.04824455,0.036693,2.7379
SZ300041,2015-09-08,46.9557,51.0627,46.1344,50.8710,4502500,79995480.00,0.03503905,0.026649,2.7379
SZ300041,2015-09-09,51.5007,55.9636,51.5007,55.9636,12420900,249695616.00,0.09673905,0.073516,2.7379
SZ300041,2015-09-10,54.4851,57.4695,53.9375,54.7589,7740200,156248480.00,0.06028384,0.038625,2.7379
SZ300041,2015-09-11,54.6220,56.2648,54.3482,55.4434,4389500,88628320.00,0.03418722,0.021905,2.7379
SZ300041,2015-09-14,55.3886,56.0183,49.9127,49.9127,5338000,101153168.00,0.04157453,0.026638,2.7379
SZ300041,2015-09-15,45.8606,48.6259,44.9297,44.9297,6142400,102849896.00,0.04783952,0.030652,2.7379
SZ300041,2015-09-16,44.7654,49.4199,44.7654,49.4199,5835500,101005240.00,0.04544926,0.029120,2.7379
SZ300041,2015-09-17,50.0222,53.0340,49.3104,49.3651,7401700,137793456.00,0.05764747,0.036936,2.7379
SZ300041,2015-09-18,50.3782,51.0627,48.2700,50.3782,6762400,122623768.00,0.05266834,0.033746,2.7379
SZ300041,2015-09-21,49.3104,54.9779,48.9818,54.3756,6508100,125142040.00,0.05068774,0.032477,2.7379
SZ300041,2015-09-22,54.1565,55.7172,52.3221,53.2804,7701100,151006672.00,0.05997932,0.038430,2.7379
SZ300041,2015-09-23,52.0209,53.3899,51.5281,52.5959,4872500,93302880.00,0.03794902,0.024315,2.7379
SZ300041,2015-09-24,52.7054,54.1839,52.5959,53.3352,4354400,85153400.00,0.03391385,0.021729,2.7379
SZ300041,2015-09-25,53.1161,56.0731,49.5568,55.8541,11495300,225001744.00,0.08953010,0.057364,2.7379
SZ300041,2015-09-28,54.7863,59.9610,53.1161,59.9062,13805500,286570528.00,0.10752288,0.068892,2.7379
SZ300041,2015-09-29,57.6337,58.4004,55.3612,56.1279,10156500,211639712.00,0.07910297,0.050683,2.7379
SZ300041,2015-09-30,56.2921,57.0861,52.7876,54.1292,6449800,128567480.00,0.05023368,0.032186,2.7379
SZ300041,2015-10-08,56.8945,57.9897,55.4708,56.2921,6643300,137724096.00,0.05174074,0.033151,2.7379
SZ300041,2015-10-09,56.4564,58.4551,56.0183,58.1813,6215900,130069616.00,0.04841197,0.031019,2.7379
SZ300041,2015-10-12,58.8658,61.4669,58.2635,61.0835,9312100,205203072.00,0.07252644,0.046469,2.7379
SZ300041,2015-10-13,60.2622,62.1787,60.0431,61.6038,6895400,154062768.00,0.05370419,0.034410,2.7379
SZ300041,2015-10-14,61.3300,62.0692,59.4408,59.7967,7613300,168351248.00,0.05929549,0.037992,2.7379
SZ300041,2015-10-15,59.1122,62.5073,58.2908,62.5073,10977300,240652240.00,0.08549570,0.054779,2.7379
SZ300041,2015-10-16,62.9454,64.2596,61.4395,64.1774,11613800,267933184.00,0.09045302,0.057955,2.7379
SZ300041,2015-10-19,64.6155,64.6155,61.0562,62.0966,9806200,222905808.00,0.07637470,0.048935,2.7379
SZ300041,2015-10-20,61.6311,63.6025,60.1253,63.4929,11946400,270858208.00,0.09304345,0.059615,2.7379
SZ300041,2015-10-21,63.4382,63.6846,57.1409,57.1409,10575400,233655344.00,0.08236554,0.052774,2.7379
SZ300041,2015-10-22,57.2230,59.2765,55.5803,58.9479,7693600,162485680.00,0.05992090,0.038393,2.7379
SZ300041,2015-10-23,59.4955,61.9871,59.1944,61.9049,8698800,192288624.00,0.06774981,0.043409,2.7379
SZ300041,2015-10-26,62.6989,64.3417,60.6729,63.1918,10778300,245196704.00,0.08394581,0.053786,2.7379
SZ300041,2015-10-27,62.3156,63.5203,58.7015,62.8358,12420600,276730112.00,0.09673671,0.061981,2.7379
SZ300041,2015-10-28,62.9180,65.6285,60.7824,61.0562,11489600,266329296.00,0.08948570,0.057336,2.7379
SZ300041,2015-10-29,61.0562,63.7941,60.5633,62.4799,7435500,168528224.00,0.05791071,0.037105,2.7379
SZ300041,2015-10-30,62.0692,65.0536,60.2348,63.4929,9606500,221926288.00,0.07481935,0.047939,2.7379
SZ300041,2015-11-02,61.6038,66.6690,61.3026,64.1500,12886800,302311200.00,0.10036767,0.064308,2.7379
SZ300041,2015-11-03,64.3417,66.7511,62.4251,66.7511,12598800,297523680.00,0.09812461,0.062871,2.7379
SZ300041,2015-11-04,66.7511,70.5295,66.2583,69.8176,18048100,451982464.00,0.14056598,0.090064,2.7379
SZ300041,2015-11-05,69.2700,69.5986,66.5321,68.0106,18181100,452618080.00,0.14160184,0.090728,2.7379
SZ300041,2015-11-06,67.4903,71.0223,67.4903,70.3652,13554600,342222208.00,0.10556877,0.067640,2.7379
SZ300041,2015-11-09,69.1331,70.6390,67.6272,69.6533,12534700,316576096.00,0.09762537,0.062551,2.7379
SZ300041,2015-11-10,69.4069,71.6794,68.7498,70.0366,11003400,282060096.00,0.08569898,0.054909,2.7379
SZ300041,2015-11-11,69.1331,71.1866,68.8867,71.1866,13977900,357462592.00,0.10886560,0.069753,2.7379
SZ300041,2015-11-12,71.5425,75.4851,71.4877,73.9793,19160500,513732320.00,0.14922981,0.095615,2.7379
SZ300041,2015-11-13,73.1305,73.1305,68.9962,69.8450,12081100,312819456.00,0.09409255,0.060287,2.7379
SZ300041,2015-11-16,68.2022,71.7342,67.0797,71.4330,9772200,247731152.00,0.07610989,0.048765,2.7379
SZ300041,2015-11-17,71.8437,73.1031,69.8176,70.2557,12147600,316380704.00,0.09461048,0.060619,2.7379
SZ300041,2015-11-18,70.2283,70.6390,67.6820,67.8463,6839700,172567040.00,0.05327038,0.034132,2.7379
SZ300041,2015-11-19,68.0927,70.2283,68.0106,69.9545,6338400,159779568.00,0.04936605,0.031630,2.7379
SZ300041,2015-11-20,70.5842,71.6520,69.9545,71.2687,8805900,228209008.00,0.06858395,0.043943,2.7379
SZ300041,2015-11-23,70.6390,72.8293,69.8176,70.0914,10347000,270218080.00,0.08058667,0.051634,2.7379
SZ300041,2015-11-24,69.8176,72.3639,68.4212,72.2818,9581800,245707440.00,0.07462698,0.047815,2.7379
SZ300041,2015-11-25,72.6377,75.2935,71.7889,74.4173,14940800,400909088.00,0.11636506,0.074558,2.7379
SZ300041,2015-11-26,75.5399,75.5399,72.0080,72.4186,10718900,287714176.00,0.08348318,0.053490,2.7379
SZ300041,2015-11-27,71.9532,74.9649,67.2987,68.4760,14726400,388027680.00,0.11469522,0.073488,2.7379
SZ300041,2015-11-30,69.0784,69.6259,62.6442,67.3534,12295500,298046944.00,0.09576238,0.061357,2.7379
SZ300041,2015-12-01,66.7785,68.1748,65.7107,67.0797,6412000,156883456.00,0.04993928,0.031997,2.7379
SZ300041,2015-12-02,67.2987,67.5451,62.1513,64.5881,5735600,135995440.00,0.04467120,0.028622,2.7379
SZ300041,2015-12-03,64.8893,66.5321,64.7798,66.4499,5558300,133441288.00,0.04329031,0.027737,2.7379
SZ300041,2015-12-04,66.2309,68.1201,65.4369,66.1487,7094100,173165376.00,0.05525175,0.035401,2.7379
SZ300041,2015-12-07,66.2856,67.9010,65.7107,67.6272,6106900,149472352.00,0.04756303,0.030475,2.7379
SZ300041,2015-12-08,67.3534,67.6272,64.6155,65.3274,5732100,137825056.00,0.04464394,0.028604,2.7379
SZ300041,2015-12-09,64.8893,65.3547,63.8763,64.1500,4330800,102077024.00,0.03373004,0.021612,2.7379
SZ300041,2015-12-10,63.6846,65.7107,63.6846,64.8072,4051500,95744256.00,0.03155474,0.020218,2.7379
SZ300041,2015-12-11,64.9441,64.9988,62.6716,63.5203,3718700,86647864.00,0.02896276,0.018557,2.7379
SZ300041,2015-12-14,62.4525,64.8619,62.0966,64.6155,4238800,97966760.00,0.03301351,0.021153,2.7379
SZ300041,2015-12-15,64.8893,66.0666,64.6155,65.1905,5113700,122097008.00,0.03982759,0.025518,2.7379
SZ300041,2015-12-16,65.7107,67.7641,65.3821,67.0797,6869700,167332992.00,0.05350403,0.034281,2.7379
SZ300041,2015-12-17,67.4082,69.9271,67.4082,69.8176,8977700,226053920.00,0.06992200,0.044801,2.7379
SZ300041,2015-12-18,70.7485,70.8580,68.7772,69.0784,7892900,200962800.00,0.06147313,0.039387,2.7379
SZ300041,2015-12-21,68.5855,70.8306,68.4760,70.6664,6644100,169084848.00,0.05174697,0.033155,2.7379
SZ300041,2015-12-22,70.8580,72.5282,70.2557,71.1866,6461300,168217088.00,0.05032325,0.032243,2.7379
SZ300041,2015-12-23,71.1866,72.5555,70.7211,71.7068,7191300,188059520.00,0.05600878,0.035886,2.7379
SZ300041,2015-12-24,70.8854,71.4604,69.2153,70.9402,5850600,150070080.00,0.04556686,0.029196,2.7379
SZ300041,2015-12-25,70.7759,73.6507,70.7759,72.1175,6953400,183980976.00,0.05415592,0.034699,2.7379
SZ300041,2015-12-28,72.1722,75.5399,72.0080,72.0353,15059400,405893216.00,0.11728876,0.075150,2.7379
SZ300041,2015-12-29,71.4056,72.2270,69.8176,71.4877,6655200,172333600.00,0.05183342,0.033211,2.7379
SZ300041,2015-12-30,72.5008,77.2101,72.2270,76.2518,13263000,359992000.00,0.10329767,0.066185,2.7379
SZ300041,2015-12-31,76.5529,76.5529,73.0484,73.1031,9347200,254420096.00,0.07279982,0.046645,2.7379
SZ300041,2016-01-04,73.3769,74.4173,65.7928,65.7928,6061200,155282864.00,0.04720710,0.030247,2.7379
SZ300041,2016-01-05,62.1513,67.3534,61.2752,65.6285,10388900,244174304.00,0.08091300,0.051843,2.7379
SZ300041,2016-01-06,67.3534,68.8867,64.4786,66.5868,7968400,194253072.00,0.06206116,0.039764,2.7379
SZ300041,2016-01-07,67.3534,68.2570,59.9610,60.6455,4655200,109063856.00,0.03625660,0.023230,2.7379
SZ300041,2016-01-08,62.2882,63.5203,57.5790,59.7693,8487900,187062064.00,0.06610724,0.042356,2.7379
SZ300041,2016-01-11,57.4695,58.3182,53.8006,53.8006,7401300,150531792.00,0.05764435,0.036934,2.7379
SZ300041,2016-01-12,54.0196,54.8958,51.1996,53.6363,6093200,119038064.00,0.04745633,0.030406,2.7379
SZ300041,2016-01-13,54.0744,54.4303,48.8723,49.1461,4647000,89015552.00,0.03619274,0.023190,2.7379
SZ300041,2016-01-14,47.6402,51.9662,46.8462,51.6103,5310200,96829968.00,0.04135801,0.026499,2.7379
SZ300041,2016-01-15,51.4460,51.8293,47.9414,49.0640,4491700,82318736.00,0.03498320,0.022415,2.7379
SZ300041,2016-01-18,48.1331,53.9649,47.9140,53.9649,19734500,384920544.00,0.15370035,0.098479,2.7379
SZ300041,2016-01-19,53.9101,55.5803,52.5138,55.0327,17449500,344120448.00,0.13590384,0.087077,2.7379
SZ300041,2016-01-20,54.2387,55.5803,53.2804,53.5268,10568900,209417728.00,0.08231491,0.052741,2.7379
SZ300041,2016-01-21,52.7876,54.6768,51.3091,51.3091,8630200,167013664.00,0.06721553,0.043067,2.7379
SZ300041,2016-01-22,52.0209,53.1435,50.3234,52.5685,5830500,110564000.00,0.04541032,0.029095,2.7379
SZ300041,2016-01-25,53.3078,54.4303,52.5138,53.3352,5191600,101545904.00,0.04043430,0.025907,2.7379
SZ300041,2016-01-26,52.0757,53.2256,47.9962,48.1331,8299600,153963872.00,0.06464068,0.041417,2.7379
SZ300041,2016-01-27,48.1331,48.4616,44.7654,47.1748,6043700,103223808.00,0.04707081,0.030159,2.7379
SZ300041,2016-01-28,46.9284,47.7771,44.6285,44.6285,4014200,67791488.00,0.03126423,0.020032,2.7379
SZ300041,2016-01-29,44.0809,47.7497,44.0809,47.6402,5350800,90966360.00,0.04167422,0.026702,2.7379
SZ300041,2016-02-01,47.3117,49.2556,46.9284,48.4890,7837100,138088384.00,0.06103854,0.039109,2.7379
SZ300041,2016-02-02,48.5164,50.5972,48.0235,50.0770,12601300,226579392.00,0.09814408,0.062883,2.7379
SZ300041,2016-02-03,48.7628,49.5294,47.5307,48.9271,7257400,128817616.00,0.05652360,0.036216,2.7379
SZ300041,2016-02-04,49.2830,50.1865,49.1461,49.8580,6898300,125137760.00,0.05372678,0.034424,2.7379
SZ300041,2016-02-05,49.8306,50.0222,48.5985,48.5985,3916800,70644336.00,0.03050564,0.019546,2.7379
SZ300041,2016-02-15,46.5724,49.1461,46.2713,48.4342,3709900,64689616.00,0.02889422,0.018513,2.7379
SZ300041,2016-02-16,48.8723,52.3769,48.8723,51.8293,7078000,132122176.00,0.05512636,0.035321,2.7379
SZ300041,2016-02-17,51.3365,52.5138,50.5151,52.0209,6709700,126576616.00,0.05225789,0.033483,2.7379
SZ300041,2016-02-18,52.5685,53.6637,51.7745,51.8293,7342900,141266432.00,0.05718951,0.036643,2.7379
SZ300041,2016-02-19,52.5959,56.9766,52.5685,54.3208,13173300,264538208.00,0.10259905,0.065738,2.7379
SZ300041,2016-02-22,54.7589,55.2517,53.4994,54.8136,8099600,160575520.00,0.06308300,0.040419,2.7379
SZ300041,2016-02-23,55.0874,55.3612,53.6637,55.0874,6551100,130031064.00,0.05102265,0.032691,2.7379
SZ300041,2016-02-24,54.5125,56.0457,53.1435,55.7172,8986900,178836688.00,0.06999365,0.044847,2.7379
SZ300041,2016-02-25,55.0601,55.3065,50.1591,50.1591,7716700,147926272.00,0.06010081,0.038508,2.7379
SZ300041,2016-02-26,50.7341,51.6376,47.6402,49.0366,5018100,91243712.00,0.03908301,0.025041,2.7379
SZ300041,2016-02-29,47.9414,49.7758,44.3547,45.0666,8379200,139211440.00,0.06526064,0.041814,2.7379
SZ300041,2016-03-01,45.4499,46.8188,44.0809,46.5450,3983800,66781488.00,0.03102746,0.019880,2.7379
SZ300041,2016-03-02,46.9557,49.8853,46.2439,49.5568,6001700,105524992.00,0.04674369,0.029950,2.7379
SZ300041,2016-03-03,51.4734,51.9662,49.8580,49.9401,6712200,124403472.00,0.05227736,0.033495,2.7379
SZ300041,2016-03-04,49.3104,51.4734,46.5450,48.1878,6624900,120717824.00,0.05159743,0.033060,2.7379
SZ300041,2016-03-07,48.8175,53.0066,48.8175,50.2413,17823100,332170944.00,0.13881359,0.088941,2.7379
SZ300041,2016-03-08,50.2687,50.9258,46.6272,50.2413,15016000,271902752.00,0.11695075,0.074933,2.7379
SZ300041,2016-03-09,48.4616,49.2282,47.3938,47.8866,7157000,126197176.00,0.05574164,0.035715,2.7379
SZ300041,2016-03-10,47.8045,49.2282,46.8736,48.4616,7957800,140629152.00,0.06197860,0.039711,2.7379
SZ300041,2016-03-11,47.5033,49.6663,47.0926,49.1735,9253700,163800144.00,0.07207160,0.046178,2.7379
SZ300041,2016-03-14,49.6663,51.9114,49.2556,51.0353,11045500,204959120.00,0.08602687,0.055119,2.7379
SZ300041,2016-03-15,50.5698,50.7889,49.3651,49.6937,6789700,124177936.00,0.05288096,0.033882,2.7379
SZ300041,2016-03-16,50.4603,50.8162,48.4069,48.5164,5028600,90701352.00,0.03916479,0.025094,2.7379
SZ300041,2016-03-17,48.8723,51.2269,48.4069,51.1996,9945800,182331968.00,0.07746196,0.049632,2.7379
SZ300041,2016-03-18,50.9531,53.3625,50.9258,52.9245,11823600,225845248.00,0.09208703,0.059002,2.7379
SZ300041,2016-03-21,53.8827,53.9923,52.8423,53.8554,10121700,197464960.00,0.07883194,0.050509,2.7379
SZ300041,2016-03-22,53.3899,55.1422,52.5685,54.2113,9959400,197905936.00,0.07756788,0.049700,2.7379
SZ300041,2016-03-23,53.8006,55.1422,53.2804,54.9232,7574100,149696464.00,0.05899019,0.037796,2.7379
SZ300041,2016-03-24,54.1839,56.3195,53.4447,53.6911,10088000,201702176.00,0.07856947,0.050341,2.7379
SZ300041,2016-03-25,53.3078,54.7041,52.9792,54.5672,5443900,106798888.00,0.04239932,0.027166,2.7379
SZ300041,2016-03-28,55.1422,55.7993,53.0614,53.2256,5951900,118861056.00,0.04635583,0.029701,2.7379
SZ300041,2016-03-29,52.7054,53.4173,51.1448,52.1305,5578200,106285904.00,0.04344530,0.027836,2.7379
SZ300041,2016-03-30,52.8423,56.0731,52.4864,55.6350,8077800,160389840.00,0.06291321,0.040310,2.7379
SZ300041,2016-03-31,55.7993,56.6755,55.0327,55.6624,6470300,131858144.00,0.05039334,0.032288,2.7379
SZ300041,2016-04-01,55.6624,56.9492,54.3482,56.8945,6734100,136847200.00,0.05244792,0.033605,2.7379
SZ300041,2016-04-05,56.8945,62.5894,56.1552,62.5894,22956700,515354464.00,0.17879617,0.114559,2.7379
SZ300041,2016-04-06,62.9180,64.3143,60.8645,61.4395,20119000,456629600.00,0.15669500,0.100398,2.7379
SZ300041,2016-04-07,63.2465,66.7785,62.4251,63.2465,23277500,551295104.00,0.18129469,0.116160,2.7379
SZ300041,2016-04-08,62.2882,65.6559,61.8228,65.1631,16504400,386962784.00,0.12854302,0.082361,2.7379
SZ300041,2016-04-11,64.9441,66.5321,64.3417,65.1631,15515400,371915968.00,0.12084028,0.077425,2.7379
SZ300041,2016-04-12,64.6155,64.6703,61.3300,62.0144,11000400,251978992.00,0.08567561,0.054894,2.7379
SZ300041,2016-04-13,62.5620,64.3417,62.4525,62.5894,7098100,164622736.00,0.05528290,0.035421,2.7379
SZ300041,2016-04-14,63.6846,64.7798,62.4525,64.7524,6473800,150142992.00,0.05042060,0.032306,2.7379
SZ300041,2016-04-15,64.7798,65.7107,63.2465,64.0405,8643800,203382912.00,0.06732145,0.043134,2.7379
SZ300041,2016-04-18,62.6442,65.0536,61.6585,64.4512,8321000,194364928.00,0.06480735,0.041524,2.7379
SZ300041,2016-04-19,64.6155,64.8893,62.6716,63.4656,4805700,111706344.00,0.03742876,0.023981,2.7379
SZ300041,2016-04-20,63.6572,63.6846,57.5242,58.8658,10802900,237583984.00,0.08413740,0.053909,2.7379
SZ300041,2016-04-21,58.0992,60.0705,57.8528,58.2361,5225000,112820088.00,0.04069444,0.026074,2.7379
SZ300041,2016-04-22,57.7706,59.3860,57.6064,59.0027,2978900,63762320.00,0.02320089,0.014865,2.7379
SZ300041,2016-04-25,59.0301,60.6455,58.0718,60.0979,4141400,90124392.00,0.03225492,0.020666,2.7379
SZ300041,2016-04-26,59.5503,61.3847,59.1670,61.2204,5133500,113219088.00,0.03998180,0.025617,2.7379
SZ300041,2016-04-27,60.8919,62.7811,60.7276,61.2204,8556100,193086544.00,0.06663841,0.042697,2.7379
SZ300041,2016-04-28,61.2204,62.6989,60.2895,62.1787,5087300,114582640.00,0.03962197,0.025387,2.7379
SZ300041,2016-04-29,61.6311,62.6989,61.3300,61.8502,3262800,73860976.00,0.02541202,0.016282,2.7379
SZ300041,2016-05-03,61.8502,64.5881,61.1109,64.5881,5904900,136895200.00,0.04648119,0.029467,2.7379
SZ300041,2016-05-04,63.8215,65.4095,63.5751,64.0953,4914400,115564296.00,0.03868434,0.024524,2.7379
SZ300041,2016-05-05,63.8489,66.0119,63.4108,65.9571,6370700,150508592.00,0.05014780,0.031791,2.7379
SZ300041,2016-05-06,67.9010,69.4069,64.0953,64.5060,14063100,343323296.00,0.11069953,0.070178,2.7379
SZ300041,2016-05-09,63.3013,65.3274,61.6311,62.3704,7853000,181601296.00,0.06181592,0.039188,2.7379
SZ300041,2016-05-10,62.3430,62.9727,60.5086,61.9871,4256100,95906800.00,0.03350245,0.021239,2.7379
SZ300041,2016-05-11,64.3850,65.3772,56.9432,57.0535,20800100,233835680.00,0.08186535,0.051898,5.5124
SZ300041,2016-05-12,54.7382,56.1715,53.5255,55.9510,10478500,104323176.00,0.04124144,0.026145,5.5124
SZ300041,2016-05-13,55.5100,56.8330,54.4075,54.7382,5915500,59611336.00,0.02328231,0.014760,5.5124
SZ300041,2016-05-16,54.9036,56.9432,54.3524,56.6676,6859400,69716576.00,0.02699733,0.017115,5.5124
SZ300041,2016-05-17,56.7778,58.1559,56.3368,57.2188,7666100,79921920.00,0.03017235,0.019128,5.5124
SZ300041,2016-05-18,56.6125,56.6125,53.8011,54.7382,7430900,73999744.00,0.02924665,0.018541,5.5124
SZ300041,2016-05-19,54.8485,56.5573,54.2972,55.1792,6517200,66058980.00,0.02565049,0.016261,5.5124
SZ300041,2016-05-20,55.0139,57.7149,54.2972,56.9983,8048300,82322520.00,0.03167662,0.020081,5.5124
SZ300041,2016-05-23,57.3291,58.5418,56.9983,58.4316,7244000,75814880.00,0.02851105,0.018075,5.5124
SZ300041,2016-05-24,58.4867,59.9750,57.0535,57.9906,20063900,212605792.00,0.07896780,0.050062,5.5124
SZ300041,2016-05-25,57.9906,59.9750,56.9983,57.3291,18955600,201255328.00,0.07460574,0.047296,5.5124
SZ300041,2016-05-26,57.3291,57.3842,54.6280,56.5573,11806300,119702928.00,0.04646741,0.029458,5.5124
SZ300041,2016-05-27,56.5573,56.7227,55.5651,55.8407,6446800,65645448.00,0.02537341,0.016085,5.5124
SZ300041,2016-05-30,55.1241,56.7227,54.4626,55.8958,6031300,61065988.00,0.02373808,0.015049,5.5124
SZ300041,2016-05-31,56.1163,58.4316,55.9510,58.3764,10696100,111897888.00,0.04209787,0.026688,5.5124
SZ300041,2016-06-01,58.4867,63.8889,58.4867,61.8493,23974900,264758912.00,0.09436078,0.059820,5.5124
SZ300041,2016-06-02,62.0146,63.5581,61.1326,63.2825,14974900,169279152.00,0.05893844,0.037364,5.5124
SZ300041,2016-06-03,63.2274,63.5581,62.2903,62.2903,10382500,118313376.00,0.04086360,0.025905,5.5124
SZ300041,2016-06-06,62.8415,63.2274,62.0698,62.6210,7253900,82325096.00,0.02855001,0.018099,5.5124
SZ300041,2016-06-07,62.6210,66.5899,62.6210,65.7631,18925200,223741856.00,0.07448609,0.047220,5.5124
SZ300041,2016-06-08,65.2118,68.3539,65.1016,66.0387,20110100,245151168.00,0.07914964,0.050177,5.5124
SZ300041,2016-06-13,64.2196,65.8182,60.8019,61.0224,13989100,162087152.00,0.05505851,0.034904,5.5124
SZ300041,2016-06-14,60.0853,63.3927,59.9199,62.8966,13793700,154414896.00,0.05428945,0.034417,5.5124
SZ300041,2016-06-15,62.0146,66.0938,61.6288,64.9362,15388000,180634048.00,0.06056432,0.038395,5.5124
SZ300041,2016-06-16,65.0465,69.8974,64.7708,69.3461,24080100,294832448.00,0.09477482,0.060082,5.5124
SZ300041,2016-06-17,68.6295,71.7716,67.6924,68.6295,20475700,258561792.00,0.08058857,0.051089,5.5124
SZ300041,2016-06-20,68.9603,70.5038,67.9129,69.0705,10873200,136418256.00,0.04279491,0.027130,5.5124
SZ300041,2016-06-21,71.6614,72.9292,69.7320,70.8345,21823500,281884736.00,0.08589326,0.054452,5.5124
SZ300041,2016-06-22,70.0628,72.1024,69.7320,71.4960,15045400,193709696.00,0.05921591,0.037540,5.5124
SZ300041,2016-06-23,71.4409,71.6614,68.1334,69.2910,13601100,171555456.00,0.05353142,0.033936,5.5124
SZ300041,2016-06-24,69.2910,76.2367,68.7949,76.2367,38039900,510093344.00,0.14971802,0.094914,5.5124
SZ300041,2016-06-27,75.7957,79.8749,74.4176,78.9929,28886300,405769376.00,0.11369114,0.072074,5.5124
SZ300041,2016-06-28,78.9377,83.8989,77.3391,83.4028,21265900,313259008.00,0.08369865,0.053061,5.5124
SZ300041,2016-06-29,82.4657,83.4028,80.3710,81.0325,15505900,228747680.00,0.06102836,0.038689,5.5124
SZ300041,2016-06-30,81.5286,81.5286,77.2289,79.3236,18752000,267814720.00,0.07380441,0.046788,5.5124
SZ300041,2016-07-01,79.9300,79.9300,77.2840,77.8353,11617000,164946688.00,0.04572237,0.028986,5.5124
SZ300041,2016-07-04,76.8430,83.1272,76.6777,81.2530,17224100,251673568.00,0.06779087,0.042976,5.5124
SZ300041,2016-07-05,81.2530,81.6940,79.1031,80.3710,11629200,169344880.00,0.04577038,0.029016,5.5124
SZ300041,2016-07-06,80.3159,82.6311,78.1660,79.3236,12376500,180400512.00,0.04871162,0.030881,5.5124
SZ300041,2016-07-07,78.2763,78.8275,75.5200,77.3943,15342200,214243312.00,0.06038406,0.038280,5.5124
SZ300041,2016-07-08,76.8430,80.4812,76.0713,79.3236,12621200,179217680.00,0.04967471,0.031491,5.5124
SZ300041,2016-07-11,78.2763,79.2134,76.6225,76.7328,8302800,117477344.00,0.03267829,0.020716,5.5124
SZ300041,2016-07-12,77.1738,78.0558,75.8508,77.1738,10865000,151385024.00,0.04276263,0.027109,5.5124
SZ300041,2016-07-13,78.0006,78.9929,77.1186,78.2211,10260700,144658800.00,0.04038422,0.025602,5.5124
SZ300041,2016-07-14,78.4416,78.6621,76.9533,77.6148,6488300,91259248.00,0.02553675,0.016189,5.5124
SZ300041,2016-07-15,77.6699,78.4968,77.3391,77.8353,7308100,103403744.00,0.02876333,0.018234,5.5124
SZ300041,2016-07-18,77.7250,78.3865,75.7405,76.2918,7776000,108493224.00,0.03060490,0.019402,5.5124
SZ300041,2016-07-19,75.7957,77.7250,75.7957,77.6699,6144500,85898992.00,0.02418362,0.015331,5.5124
SZ300041,2016-07-20,77.6699,83.0169,77.2289,80.9222,14038400,204609840.00,0.05525255,0.035027,5.5124
SZ300041,2016-07-21,80.4812,80.9773,79.1582,79.4890,9734500,141057664.00,0.03831319,0.024289,5.5124
SZ300041,2016-07-22,79.4890,81.9145,77.3391,77.7250,10771500,154581312.00,0.04239463,0.026876,5.5124
SZ300041,2016-07-25,78.0006,78.5519,76.5674,78.0006,5918400,83262976.00,0.02329373,0.014767,5.5124
SZ300041,2016-07-26,78.1660,78.8275,77.6699,78.8275,5252800,74532672.00,0.02067405,0.013106,5.5124
SZ300041,2016-07-27,78.8275,78.8826,70.9447,71.2755,13679700,184082704.00,0.05384077,0.034132,5.5124
SZ300041,2016-07-28,71.6614,72.5433,69.5115,71.8819,7674300,99119552.00,0.03020463,0.019148,5.5124
SZ300041,2016-07-29,71.6062,71.9370,69.5115,70.4486,3771000,48331580.00,0.01484196,0.009409,5.5124
SZ300041,2016-08-01,70.0076,70.9999,66.8656,68.6847,6890700,85904488.00,0.02712052,0.017193,5.5124
SZ300041,2016-08-02,69.3461,70.7242,68.4642,70.4486,4336700,54931892.00,0.01706845,0.010821,5.5124
SZ300041,2016-08-03,70.8345,71.6614,69.8974,70.9999,3526100,45439884.00,0.01387808,0.008798,5.5124
SZ300041,2016-08-04,71.4409,72.4882,70.6140,71.8819,4204600,54761760.00,0.01654853,0.010491,5.5124
SZ300041,2016-08-05,71.6614,72.0472,70.0076,70.5038,4347800,56018448.00,0.01711214,0.010848,5.5124
SZ300041,2016-08-08,70.7794,72.5985,69.5666,72.5985,4860700,62950676.00,0.01913082,0.012128,5.5124
SZ300041,2016-08-09,72.6536,73.4805,71.9370,72.5433,5587100,73498688.00,0.02198979,0.013940,5.5124
SZ300041,2016-08-10,72.9292,73.2600,71.3857,71.9921,3778400,49522472.00,0.01487108,0.009428,5.5124
SZ300041,2016-08-11,71.9370,72.1575,70.6691,70.6691,3844100,49804280.00,0.01512967,0.009591,5.5124
SZ300041,2016-08-12,70.9999,71.8819,70.2281,71.4960,2738400,35333792.00,0.01077784,0.006833,5.5124
SZ300041,2016-08-15,71.9370,73.3702,70.5589,72.5985,10172700,133852280.00,0.04003787,0.025382,5.5124
SZ300041,2016-08-16,72.7638,73.1497,72.3228,72.7087,5087400,67120816.00,0.02002307,0.012694,5.5124
SZ300041,2016-08-17,72.9843,73.0395,71.9921,72.5985,4949400,65083980.00,0.01947992,0.012349,5.5124
SZ300041,2016-08-18,72.2677,72.9292,71.9921,72.4882,4383900,57660120.00,0.01725422,0.010938,5.5124
SZ300041,2016-08-19,72.8190,73.0395,71.9921,72.7087,3666300,48277660.00,0.01442988,0.009148,5.5124
SZ300041,2016-08-22,72.7087,73.0395,71.7716,71.9921,4003000,52613196.00,0.01575507,0.009988,5.5124
SZ300041,2016-08-23,71.6614,73.1497,71.2755,72.5985,4269000,56307152.00,0.01680200,0.010652,5.5124
SZ300041,2016-08-24,72.7638,73.2048,72.2126,73.0395,3629000,47909480.00,0.01428307,0.009055,5.5124
SZ300041,2016-08-25,72.4882,72.4882,71.1101,72.4882,4156500,54206152.00,0.01635922,0.010371,5.5124
SZ300041,2016-08-26,72.7087,72.9292,72.1575,72.2126,3435500,45222316.00,0.01352149,0.008572,5.5124
SZ300041,2016-08-29,71.9370,73.0946,71.7165,72.8741,4267700,56223760.00,0.01679688,0.010648,5.5124
SZ300041,2016-08-30,72.8741,73.3702,72.4882,72.5985,3258300,43118700.00,0.01282407,0.008130,5.5124
SZ300041,2016-08-31,72.3780,72.8741,70.7794,71.3857,6695400,86743616.00,0.02635186,0.016706,5.5124
SZ300041,2016-09-01,71.1652,71.4960,70.1179,70.2281,5201100,66674040.00,0.02047057,0.012977,5.5124
SZ300041,2016-09-02,70.0076,70.4486,69.1808,70.2281,4326900,54805452.00,0.01702988,0.010796,5.5124
SZ300041,2016-09-05,70.0628,70.4486,69.7320,70.3384,3292900,41847152.00,0.01296025,0.008216,5.5124
SZ300041,2016-09-06,70.1179,71.3857,69.2359,71.1652,5473300,69801856.00,0.02154190,0.013656,5.5124
SZ300041,2016-09-07,70.8896,71.3306,70.3384,71.0550,3884700,50035332.00,0.01528946,0.009693,5.5124
SZ300041,2016-09-08,70.8896,70.9447,69.4013,70.3935,7245700,91922904.00,0.02851774,0.018079,5.5124
SZ300041,2016-09-09,70.0076,71.3857,69.6769,70.3935,6917800,88881976.00,0.02722718,0.017261,5.5124
SZ300041,2016-09-12,68.9052,69.4013,66.5899,66.8656,7312700,89796544.00,0.02878144,0.018246,5.5124
SZ300041,2016-09-13,67.6373,67.9129,66.5899,66.7553,4172800,50670648.00,0.01642337,0.010412,5.5124
SZ300041,2016-09-14,67.0309,68.2437,66.7002,67.3617,3980600,48790384.00,0.01566691,0.009932,5.5124
SZ300041,2016-09-19,67.4168,69.1808,67.4168,68.9052,3013800,37544720.00,0.01186176,0.007520,5.5124
SZ300041,2016-09-20,69.0705,69.0705,66.9758,67.9129,3662400,45011936.00,0.01441453,0.009138,5.5124
SZ300041,2016-09-21,67.3617,69.6218,67.3065,68.9052,5304900,66439060.00,0.02087911,0.013236,5.5124
SZ300041,2016-09-22,68.9603,70.9999,68.9603,69.5115,6329100,80672960.00,0.02491017,0.015792,5.5124
SZ300041,2016-09-23,69.8423,70.8896,69.5115,69.7320,4538800,57835516.00,0.01786388,0.011325,5.5124
SZ300041,2016-09-26,69.2910,70.1730,69.1256,69.2359,3480500,43972012.00,0.01369860,0.008684,5.5124
SZ300041,2016-09-27,69.1256,69.7320,67.5822,68.9603,3191700,39804072.00,0.01256194,0.007964,5.5124
SZ300041,2016-09-28,69.0154,69.3461,68.4090,68.5744,1969700,24576484.00,0.00775238,0.004915,5.5124
SZ300041,2016-09-29,68.5744,69.7320,68.5193,68.9052,2542700,31919874.00,0.01000760,0.006344,5.5124
SZ300041,2016-09-30,69.2359,71.4409,68.8500,71.3857,5537000,70756808.00,0.02179261,0.013815,5.5124
SZ300041,2016-10-10,71.9370,73.4253,71.6614,72.2677,6184700,81631880.00,0.02434184,0.015431,5.5124
SZ300041,2016-10-11,73.0946,73.2048,72.3780,72.7087,4964200,65543720.00,0.01953817,0.012386,5.5124
SZ300041,2016-10-12,72.7087,73.1497,72.0472,72.8190,4367500,57690504.00,0.01718967,0.010897,5.5124
SZ300041,2016-10-13,72.8741,73.1497,72.5433,72.7087,2649900,35043664.00,0.01042952,0.006612,5.5124
SZ300041,2016-10-14,72.3228,73.2048,72.2677,72.9292,3541300,46817848.00,0.01393790,0.008836,5.5124
SZ300041,2016-10-17,73.0395,74.0317,72.3780,72.7638,4461000,59351584.00,0.01755767,0.011131,5.5124
SZ300041,2016-10-18,72.7638,73.5907,72.2126,73.3151,3366800,44572308.00,0.01325110,0.008401,5.5124
SZ300041,2016-10-19,73.3151,73.3151,72.2677,72.5433,3676800,48482356.00,0.01447121,0.009174,5.5124
SZ300041,2016-10-20,72.3228,72.7638,71.6614,71.8819,3826600,50102268.00,0.01506079,0.009548,5.5124
SZ300041,2016-10-21,71.8819,72.4882,71.4409,72.4331,3631900,47370640.00,0.01429449,0.009062,5.5124
SZ300041,2016-10-24,72.4331,72.7638,71.6614,72.6536,4053300,53280960.00,0.01595304,0.010113,5.5124
SZ300041,2016-10-25,72.7087,72.9843,71.6614,71.9370,5446400,71348152.00,0.02143602,0.013589,5.5124
SZ300041,2016-10-26,72.2126,72.2126,70.5589,70.8896,4986800,64384680.00,0.01962712,0.012443,5.5124
SZ300041,2016-10-27,71.0550,71.2204,70.4486,70.7242,2629900,33810328.00,0.01035080,0.006562,5.5124
SZ300041,2016-10-28,70.8345,71.0550,69.8423,69.8423,2754200,35112768.00,0.01084002,0.006872,5.5124
SZ300041,2016-10-31,69.8974,70.4486,69.0154,70.1179,3085400,39017528.00,0.01214356,0.007698,5.5124
SZ300041,2016-11-01,70.1179,71.2755,69.5115,70.8896,3119400,40061448.00,0.01227738,0.007783,5.5124
SZ300041,2016-11-02,70.8896,70.8896,69.4564,69.9525,3591600,45688548.00,0.01413587,0.008961,5.5124
SZ300041,2016-11-03,70.2281,70.8345,69.4564,69.8974,3397100,43271744.00,0.01337036,0.008476,5.5124
SZ300041,2016-11-04,69.9525,70.1179,69.0705,69.1808,2916200,36798432.00,0.01147762,0.007276,5.5124
SZ300041,2016-11-07,69.1808,69.8423,68.6847,69.6218,2429200,30554266.00,0.00956088,0.006061,5.5124
SZ300041,2016-11-08,69.8974,70.0076,69.2359,69.7320,2643600,33362852.00,0.01040472,0.006596,5.5124
SZ300041,2016-11-09,69.6769,69.8423,68.5744,68.8500,4464700,55999624.00,0.01757223,0.011140,5.5124
SZ300041,2016-11-10,69.8974,69.9525,69.3461,69.7871,2834900,35854996.00,0.01115764,0.007073,5.5124
SZ300041,2016-11-11,69.6769,72.4882,69.6769,71.7165,8550300,110963136.00,0.03365240,0.021334,5.5124
SZ300041,2016-11-14,71.4960,73.1497,71.1652,72.2126,6529600,85583136.00,0.02569930,0.016292,5.5124
SZ300041,2016-11-15,72.5985,72.5985,71.3857,72.3780,4799400,62707912.00,0.01888955,0.011975,5.5124
SZ300041,2016-11-16,72.6536,72.9292,72.2126,72.4331,4972300,65515180.00,0.01957005,0.012406,5.5124
SZ300041,2016-11-17,72.2677,72.3228,71.1101,71.3306,4023300,52265192.00,0.01583497,0.010039,5.5124
SZ300041,2016-11-18,71.6614,72.2677,70.8896,71.5511,3085600,40049500.00,0.01214435,0.007699,5.5124
SZ300041,2016-11-21,71.3857,72.3228,71.2204,71.8267,3544200,46178928.00,0.01394932,0.008843,5.5124
SZ300041,2016-11-22,72.2677,72.3780,71.2204,72.1575,4497500,58474900.00,0.01770133,0.011222,5.5124
SZ300041,2016-11-23,72.2126,72.7638,71.9921,72.1024,5653300,74241072.00,0.02225034,0.014106,5.5124
SZ300041,2016-11-24,71.8267,72.3228,70.7242,71.1101,3564400,46296832.00,0.01402882,0.008894,5.5124
SZ300041,2016-11-25,70.9999,71.3306,69.4564,70.6691,3966600,50521988.00,0.01561180,0.009897,5.5124
SZ300041,2016-11-28,70.6691,71.2755,70.6691,70.6691,2619700,33745428.00,0.01031066,0.006536,5.5124
SZ300041,2016-11-29,70.3935,70.7242,68.9052,69.1808,4688800,59292288.00,0.01845425,0.011699,5.5124
SZ300041,2016-11-30,69.1808,70.0628,68.7398,69.5666,3407600,42993748.00,0.01341168,0.008502,5.5124
SZ300041,2016-12-01,70.3935,71.2204,69.4564,71.0550,4864000,62341868.00,0.01914381,0.012136,5.5124
SZ300041,2016-12-02,71.1652,71.1652,69.4013,69.4013,3229200,41021072.00,0.01270953,0.008057,5.5124
SZ300041,2016-12-05,69.4013,70.4486,68.9052,69.7871,2866300,36384868.00,0.01128123,0.007152,5.5124
SZ300041,2016-12-06,69.5115,70.5038,69.5115,70.0628,2386700,30382816.00,0.00939361,0.005955,5.5124
SZ300041,2016-12-07,69.8974,70.2833,69.4564,70.0076,3483700,44187892.00,0.01371120,0.008692,5.5124
SZ300041,2016-12-08,70.2281,70.3935,69.5666,69.6769,2931300,37234488.00,0.01153706,0.007314,5.5124
SZ300041,2016-12-09,69.4564,70.0628,68.7949,68.9603,2679700,33682168.00,0.01054680,0.006686,5.5124
SZ300041,2016-12-12,69.4564,69.4564,63.7786,64.3298,5278500,63593164.00,0.02077520,0.013170,5.5124
SZ300041,2016-12-13,64.2196,64.8811,62.8966,64.2196,2521100,29287684.00,0.00992258,0.006290,5.5124
SZ300041,2016-12-14,63.7786,64.6606,62.9517,63.2274,2295500,26474696.00,0.00903466,0.005728,5.5124
SZ300041,2016-12-15,63.2825,64.4952,63.0069,63.7235,2674000,30957312.00,0.01052437,0.006672,5.5124
SZ300041,2016-12-16,64.2747,65.4323,63.6684,65.1567,2917200,34326400.00,0.01148156,0.007279,5.5124
SZ300041,2016-12-19,65.1016,65.1016,64.1645,64.7157,1328700,15569307.00,0.00522952,0.003315,5.5124
SZ300041,2016-12-20,64.7157,65.8733,64.7157,65.7079,2395000,28463576.00,0.00942628,0.005976,5.5124
SZ300041,2016-12-21,65.3772,67.0861,65.3772,66.3694,3013800,36421044.00,0.01186176,0.007520,5.5124
SZ300041,2016-12-22,65.8182,67.8027,65.8182,66.7553,4544800,55322752.00,0.01788749,0.011340,5.5124
SZ300041,2016-12-23,66.7002,67.9680,66.4246,66.8656,2994200,36460528.00,0.01178462,0.007471,5.5124
SZ300041,2016-12-26,66.7002,68.1885,64.6055,68.1885,3217100,38868768.00,0.01266191,0.008027,5.5124
SZ300041,2016-12-27,68.0783,68.5744,67.5822,68.1334,2808800,34685488.00,0.01105492,0.007008,5.5124
SZ300041,2016-12-28,68.1885,68.5193,67.0309,67.0861,2281800,28083338.00,0.00898074,0.005693,5.5124
SZ300041,2016-12-29,67.3065,68.7398,66.8656,68.4090,3468600,42750260.00,0.01365177,0.008655,5.5124
SZ300041,2016-12-30,68.0232,69.0705,66.9758,68.8500,3400300,42001616.00,0.01338295,0.008484,5.5124
SZ300041,2017-01-03,68.7949,68.9603,67.9680,68.5744,2868300,35551064.00,0.01128910,0.007157,5.5124
SZ300041,2017-01-04,68.5744,71.1101,68.0232,71.0550,5400500,68541992.00,0.02125537,0.013475,5.5124
SZ300041,2017-01-05,71.0550,71.0550,69.1808,69.4013,3062200,38888184.00,0.01205225,0.007641,5.5124
SZ300041,2017-01-06,69.9525,69.9525,68.9603,69.0705,1503100,18878242.00,0.00591592,0.003750,5.5124
SZ300041,2017-01-09,68.9052,69.4013,68.3539,68.4642,2344800,29272888.00,0.00922870,0.005851,5.5124
SZ300041,2017-01-10,68.8500,68.8500,67.4168,68.0232,2716400,33478392.00,0.01069125,0.006778,5.5124
SZ300041,2017-01-11,68.2437,68.2988,65.6528,65.9836,2841000,34400576.00,0.01118165,0.007089,5.5124
SZ300041,2017-01-12,65.5977,66.4246,65.1016,65.4323,2111000,25220568.00,0.00830851,0.005267,5.5124
SZ300041,2017-01-13,65.4323,65.8733,62.4556,62.9517,4121600,47682200.00,0.01622186,0.010284,5.5124
SZ300041,2017-01-16,62.9517,63.7235,59.5892,61.6288,2803700,31627912.00,0.01103485,0.006996,5.5124
SZ300041,2017-01-17,61.6839,62.7864,59.8648,61.7390,2676700,29731926.00,0.01053500,0.006679,5.5124
SZ300041,2017-01-18,61.7390,62.1249,60.7468,61.7390,2193500,24510812.00,0.00863321,0.005473,5.5124
SZ300041,2017-01-19,61.4634,61.4634,60.3609,60.4712,2087100,22953036.00,0.00821444,0.005208,5.5124
SZ300041,2017-01-20,59.9750,61.5736,59.9750,61.2980,1675100,18588298.00,0.00659288,0.004180,5.5124
SZ300041,2017-01-23,61.0775,61.6288,61.0775,61.5736,2721600,30333022.00,0.01071171,0.006791,5.5124
SZ300041,2017-01-24,61.2980,61.5736,60.1404,60.1955,3094100,33955952.00,0.01217781,0.007720,5.5124
SZ300041,2017-01-25,60.3609,60.8570,60.0853,60.5263,2404600,26388880.00,0.00946406,0.006000,5.5124
SZ300041,2017-01-26,60.9673,61.5736,60.4712,61.3531,2377500,26277156.00,0.00935740,0.005932,5.5124
SZ300041,2017-02-03,61.3531,61.4083,60.8019,61.0775,2081200,23034010.00,0.00819122,0.005193,5.5124
SZ300041,2017-02-06,60.9121,61.8493,60.6365,61.7941,4147100,45947220.00,0.01632222,0.010347,5.5124
SZ300041,2017-02-07,61.4634,61.5736,61.0775,61.2429,3360500,37389660.00,0.01322631,0.008385,5.5124
SZ300041,2017-02-08,61.1878,62.2903,61.1878,62.2903,3697600,41364792.00,0.01455307,0.009226,5.5124
SZ300041,2017-02-09,61.9044,62.7312,61.9044,62.5659,3535200,40002668.00,0.01391389,0.008821,5.5124
SZ300041,2017-02-10,62.4556,62.6210,61.4083,61.7941,4484500,50394112.00,0.01765016,0.011189,5.5124
SZ300041,2017-02-13,61.7390,62.1800,61.2429,62.1249,4527500,50727892.00,0.01781940,0.011297,5.5124
SZ300041,2017-02-14,62.0698,62.2351,61.6839,61.7941,2557500,28700930.00,0.01006585,0.006381,5.5124
SZ300041,2017-02-15,61.6839,62.0698,60.6365,60.6365,3624100,40402528.00,0.01426379,0.009043,5.5124
SZ300041,2017-02-16,60.4712,61.1326,60.4712,60.9121,3133500,34562532.00,0.01233288,0.007818,5.5124
SZ300041,2017-02-17,60.8019,61.5736,60.7468,61.0224,4252500,47218088.00,0.01673705,0.010610,5.5124
SZ300041,2017-02-20,60.9121,61.5185,60.5263,61.4634,3045600,33709472.00,0.01198692,0.007599,5.5124
SZ300041,2017-02-21,61.4083,62.3454,61.2980,62.1800,4741600,53289576.00,0.01866206,0.011831,5.5124
SZ300041,2017-02-22,62.2903,62.4556,61.6288,62.1800,3939000,44317776.00,0.01550318,0.009828,5.5124
SZ300041,2017-02-23,62.1249,62.1800,61.2429,61.9044,4429200,49591740.00,0.01743251,0.011051,5.5124
SZ300041,2017-02-24,61.7390,62.4005,61.5736,62.3454,4120800,46441304.00,0.01621871,0.010282,5.5124
SZ300041,2017-02-27,62.4005,62.6210,61.9044,62.4556,4379900,49476988.00,0.01723848,0.010928,5.5124
SZ300041,2017-02-28,62.0698,63.6684,61.9044,63.1171,6236300,71338168.00,0.02454492,0.015560,5.5124
SZ300041,2017-03-01,62.8966,63.3927,62.6761,62.8966,5879800,67194496.00,0.02314181,0.014671,5.5124
SZ300041,2017-03-02,62.9517,64.3298,62.9517,63.5581,5994300,69400096.00,0.02359246,0.014956,5.5124
SZ300041,2017-03-03,63.3927,63.3927,62.3454,63.1171,4925600,56189120.00,0.01938625,0.012290,5.5124
SZ300041,2017-03-06,62.8415,64.1645,62.8415,64.1093,4957300,57272572.00,0.01951102,0.012369,5.5124
SZ300041,2017-03-07,64.0542,64.4952,63.6684,64.1093,2747500,31924136.00,0.01081365,0.006855,5.5124
SZ300041,2017-03-08,63.8337,64.5503,63.5030,63.6132,3145500,36453008.00,0.01238011,0.007848,5.5124
SZ300041,2017-03-09,63.4479,64.0542,63.2825,63.3376,2831700,32676200.00,0.01114505,0.007065,5.5124
SZ300041,2017-03-10,63.1722,63.5030,61.9044,62.5107,4400400,50120096.00,0.01731916,0.010979,5.5124
SZ300041,2017-03-13,62.1249,63.3927,61.9044,63.3376,3279200,37283436.00,0.01290633,0.008182,5.5124
SZ300041,2017-03-14,63.4479,63.6132,62.6210,62.7312,2387300,27266982.00,0.00939597,0.005957,5.5124
SZ300041,2017-03-15,62.6210,63.1722,62.2903,62.8966,2616300,29768610.00,0.01029727,0.006528,5.5124
SZ300041,2017-03-16,62.7864,64.3850,62.7864,64.3298,4896600,56765908.00,0.01927211,0.012218,5.5124
SZ300041,2017-03-17,64.2196,64.3298,62.8415,63.0620,5076500,58552700.00,0.01998017,0.012666,5.5124
SZ300041,2017-03-20,62.9517,63.2825,61.9595,62.3454,4043900,45903416.00,0.01591604,0.010090,5.5124
SZ300041,2017-03-21,62.5107,62.8966,62.0146,62.6210,4185200,47449304.00,0.01647217,0.010443,5.5124
SZ300041,2017-03-22,62.1800,62.9517,61.7941,62.5107,3531000,39887960.00,0.01389736,0.008810,5.5124
SZ300041,2017-03-23,62.2903,62.6210,61.2429,61.9595,3307500,37178940.00,0.01301771,0.008253,5.5124
SZ300041,2017-03-24,61.8493,62.3454,61.4083,62.3454,2386000,26804800.00,0.00939086,0.005953,5.5124
SZ300041,2017-03-27,62.2903,62.4005,61.4634,61.9595,4157100,46674432.00,0.01636158,0.010372,5.5124
SZ300041,2017-03-28,61.7941,63.2825,61.7941,62.8415,4847600,55152156.00,0.01907926,0.012095,5.5124
SZ300041,2017-03-29,63.1171,64.2196,62.5107,63.3927,7559600,87256320.00,0.02975319,0.018862,5.5124
SZ300041,2017-03-30,63.1171,63.5581,61.4083,61.7390,5343800,60377056.00,0.02103221,0.013333,5.5124
SZ300041,2017-03-31,61.7390,61.9595,60.9121,61.5185,3575400,39793860.00,0.01407211,0.008921,5.5124
SZ300041,2017-04-05,61.6288,62.6761,61.2429,62.5107,4213100,47352536.00,0.01658198,0.010512,5.5124
SZ300041,2017-04-06,62.5659,63.8889,62.2351,63.8337,5257000,60372036.00,0.02069058,0.013117,5.5124
SZ300041,2017-04-07,63.6132,63.6684,63.0069,63.2274,3368000,38684680.00,0.01325583,0.008404,5.5124
SZ300041,2017-04-10,63.2274,66.9758,63.0069,65.4323,11230800,133118704.00,0.04420235,0.028022,5.5124
SZ300041,2017-04-11,65.2670,66.9758,64.2196,66.5348,9704200,115660104.00,0.03819394,0.024213,5.5124
SZ300041,2017-04-12,67.7475,70.4486,66.7553,67.1412,12757000,158662128.00,0.05020919,0.031830,5.5124
SZ300041,2017-04-13,67.5270,67.6373,66.2592,67.2514,4148200,50504744.00,0.01632655,0.010350,5.5124
SZ300041,2017-04-14,68.3539,69.3461,66.6451,66.8104,6323600,77860208.00,0.02488852,0.015778,5.5124
SZ300041,2017-04-17,66.8104,69.0154,65.1567,65.9836,7319783,89096656.00,0.02850273,0.018264,5.5124
SZ300041,2017-04-18,65.4875,66.6451,63.6132,63.6132,6393403,75352584.00,0.02489547,0.015952,5.5124
SZ300041,2017-04-19,62.8966,63.8337,61.0224,62.1249,6936983,77977576.00,0.02701213,0.017309,5.5124
SZ300041,2017-04-20,61.5736,62.7864,60.6365,62.0146,4794475,53665176.00,0.01866936,0.011963,5.5124
SZ300041,2017-04-21,61.9595,62.1800,60.9121,61.1326,3667684,40825092.00,0.01428171,0.009151,5.5124
SZ300041,2017-04-24,61.1878,61.4634,56.3368,58.8174,5516870,59491456.00,0.02148231,0.013765,5.5124
SZ300041,2017-04-25,58.8726,59.7545,58.1559,59.0379,3289206,35234600.00,0.01280794,0.008207,5.5124
SZ300041,2017-04-26,59.0930,59.6994,58.5969,58.9277,2150770,23130552.00,0.00837495,0.005366,5.5124
SZ300041,2017-04-27,58.7623,60.3609,56.8881,60.1404,5479536,58330344.00,0.02133694,0.013672,5.5124
SZ300041,2017-04-28,59.9199,62.4005,59.5340,61.3531,6187336,69154288.00,0.02409306,0.015438,5.5124
SZ300041,2017-05-02,61.6839,62.1249,61.2980,61.7941,2574800,28844930.00,0.01002609,0.006424,5.5124
SZ300041,2017-05-03,61.6839,61.7941,60.3058,61.0775,3361000,37182740.00,0.01308750,0.008386,5.5124
SZ300041,2017-05-04,60.9121,61.6839,59.0379,60.6365,2651329,29174400.00,0.01032409,0.006615,5.5124
SZ300041,2017-05-05,60.3609,62.0146,60.0853,61.2429,3759756,41825564.00,0.01464023,0.009381,5.5124
SZ300041,2017-05-08,61.0775,62.4556,60.7468,61.2429,2818006,31415872.00,0.01097312,0.007031,5.5124
SZ300041,2017-05-09,61.0775,61.4083,60.0302,61.1326,4033848,44373732.00,0.01570753,0.010065,5.5124
SZ300041,2017-05-10,61.8032,62.7532,60.1827,60.2944,4744334,52490164.00,0.01847411,0.011838,5.5879
SZ300041,2017-05-11,59.5121,60.5180,58.8416,60.1268,4112624,43845948.00,0.01601427,0.010261,5.5879
SZ300041,2017-05-12,60.0709,60.0709,58.5622,59.2886,2470300,26192456.00,0.00961918,0.006164,5.5879
SZ300041,2017-05-15,59.4004,62.0267,59.4004,61.3562,3994818,43801696.00,0.01555555,0.009968,5.5879
SZ300041,2017-05-16,60.6297,63.8149,60.3503,63.3120,11840942,132265640.00,0.04610781,0.029544,5.5879
SZ300041,2017-05-17,67.0000,69.6264,63.9825,64.2619,21789410,256638848.00,0.08484646,0.054367,5.5879
SZ300041,2017-05-18,64.3737,67.0559,63.4237,65.7707,15030981,176401792.00,0.05852961,0.037504,5.5879
SZ300041,2017-05-19,71.9175,71.9175,65.9942,67.5588,19277804,235927312.00,0.07506644,0.048100,5.5879
SZ300041,2017-05-22,67.6147,67.6147,62.8649,63.3120,15100925,175444176.00,0.05880196,0.037678,5.5879
SZ300041,2017-05-23,64.4854,69.6264,64.0943,69.6264,50363108,620466432.00,0.19611048,0.125661,5.5879
SZ300041,2017-05-24,68.2853,74.5438,67.8941,73.0910,58279028,743580160.00,0.22693452,0.145412,5.5879
SZ300041,2017-05-25,71.8057,79.9083,69.9617,75.1585,57416336,755433024.00,0.22357526,0.143260,5.5879
SZ300041,2017-05-26,72.6439,77.8966,72.3645,73.2027,50187932,672499776.00,0.19542835,0.125224,5.5879
SZ300041,2017-05-31,77.0584,77.5613,73.2586,73.7615,45852432,616482368.00,0.17854621,0.114407,5.5879
SZ300041,2017-06-01,75.4379,76.7790,70.2411,71.5822,39346676,514853792.00,0.15321325,0.098174,5.5879
SZ300041,2017-06-02,68.7323,73.5380,68.1735,73.3145,31580850,401982400.00,0.12297366,0.078798,5.5879
SZ300041,2017-06-05,72.6439,74.7673,71.2469,71.2469,27500648,358112896.00,0.10708563,0.068617,5.5879
SZ300041,2017-06-06,70.0176,73.6498,68.9000,71.2469,30101672,386326144.00,0.11721384,0.075107,5.5879
SZ300041,2017-06-07,78.2319,78.3995,78.2319,78.3995,22291860,312677184.00,0.08680297,0.055621,5.5879
SZ300041,2017-06-08,86.2227,86.2227,82.9817,84.9375,107541144,1645268608.00,0.41875781,0.268327,5.5879
SZ300041,2017-06-09,84.9375,93.4313,83.8758,87.1727,119054664,1866659584.00,0.46359067,0.297054,5.5879
SZ300041,2017-06-12,83.3729,84.3787,78.7907,79.4613,78802656,1150997120.00,0.30685212,0.196621,5.5879
SZ300041,2017-06-13,80.2436,80.8024,78.7907,80.1877,48935272,698806400.00,0.19055058,0.122099,5.5879
SZ300041,2017-06-14,79.8524,81.1377,77.7849,78.1201,45122808,639713920.00,0.17570511,0.112586,5.5879
SZ300041,2017-06-15,78.3437,79.3495,76.6114,77.1702,41953464,585227008.00,0.16336390,0.104678,5.5879
SZ300041,2017-06-16,77.0584,78.7907,75.8849,76.2761,35903988,495309760.00,0.13980766,0.089584,5.5879
SZ300041,2017-06-19,75.9408,79.5171,75.1585,78.4554,43415704,603056512.00,0.16905776,0.108327,5.5879
SZ300041,2017-06-20,77.8407,78.7907,76.2761,77.2261,34166312,473047552.00,0.13304127,0.085249,5.5879
SZ300041,2017-06-21,76.8349,77.7849,75.8849,76.8349,26462328,363479392.00,0.10304248,0.066026,5.5879
SZ300041,2017-06-22,76.2761,77.6731,72.7557,72.9792,38409336,517499872.00,0.14956331,0.095835,5.5879
SZ300041,2017-06-23,72.5880,72.9792,69.4029,70.9675,28892080,367989568.00,0.11250377,0.072089,5.5879
SZ300041,2017-06-26,71.0793,72.2528,70.2970,71.6381,16753106,214027952.00,0.06523544,0.041801,5.5879
SZ300041,2017-06-27,71.6381,72.0292,71.0234,71.3587,13622406,174458832.00,0.05304471,0.033989,5.5879
SZ300041,2017-06-28,70.8558,72.4763,69.6264,72.0851,18728354,238566640.00,0.07292692,0.046729,5.5879
SZ300041,2017-06-29,72.3086,73.0351,71.5822,71.5822,15107306,195168160.00,0.05882681,0.037694,5.5879
SZ300041,2017-06-30,70.7440,71.8057,70.4646,71.0793,11001506,139928352.00,0.04283911,0.027450,5.5879
SZ300041,2017-07-03,71.0793,72.3645,70.9675,72.0851,9998908,128311448.00,0.03893506,0.024948,5.5879
SZ300041,2017-07-04,72.0292,72.6998,71.2469,71.5263,10781700,138793728.00,0.04198320,0.026902,5.5879
SZ300041,2017-07-05,71.7498,71.7498,70.1852,71.4146,14900548,188957920.00,0.05802171,0.037178,5.5879
SZ300041,2017-07-06,71.3587,72.3086,70.7999,71.6381,13245081,169741168.00,0.05157543,0.033048,5.5879
SZ300041,2017-07-07,71.2469,71.5263,70.1293,70.3528,13645836,172799984.00,0.05313595,0.032054,5.5879
SZ300041,2017-07-10,70.1852,70.7999,69.2911,69.7940,10974186,137353280.00,0.04273273,0.025778,5.5879
SZ300041,2017-07-11,69.2911,70.1293,67.0559,67.2236,13802282,169670688.00,0.05374514,0.032422,5.5879
SZ300041,2017-07-12,66.9442,68.9558,65.3795,68.6206,18574884,222905808.00,0.07232932,0.043632,5.5879
SZ300041,2017-07-13,69.2911,70.3528,67.8382,68.3970,13751252,170673344.00,0.05354643,0.032302,5.5879
SZ300041,2017-07-14,68.3970,69.6264,68.0618,69.5146,8975419,110453512.00,0.03494966,0.021083,5.5879
SZ300041,2017-07-17,68.9000,68.9000,63.1443,64.0943,16871136,200687232.00,0.06569504,0.039630,5.5879
SZ300041,2017-07-18,63.6472,66.2177,63.5355,65.3236,15029860,174828688.00,0.05852524,0.035305,5.5879
SZ300041,2017-07-19,64.3178,65.6589,63.5914,65.2119,10044055,116277608.00,0.03911086,0.023594,5.5879
SZ300041,2017-07-20,65.2678,65.9383,63.9825,64.1502,8942000,104308392.00,0.03481953,0.021005,5.5879
SZ300041,2017-07-21,63.7590,65.1560,63.7590,64.4296,7350000,84858760.00,0.02862039,0.017265,5.5879
SZ300041,2017-07-24,64.4296,65.8266,63.8149,65.8266,8587524,100013240.00,0.03343923,0.020172,5.5879
SZ300041,2017-07-25,65.8266,68.9558,65.4354,68.2853,15708034,190341280.00,0.06116600,0.036898,5.5879
SZ300041,2017-07-26,67.5588,68.5088,67.0559,67.5588,9918658,120083584.00,0.03862257,0.023299,5.5879
SZ300041,2017-07-27,67.7265,72.3086,67.5030,70.9675,21173700,266132992.00,0.08244893,0.049737,5.5879
SZ300041,2017-07-28,70.2411,71.6381,69.8499,70.2411,14489449,183266592.00,0.05642092,0.034036,5.5879
SZ300041,2017-07-31,69.7382,70.2970,68.7882,70.0734,12266751,152583584.00,0.04776588,0.028815,5.5879
SZ300041,2017-08-01,70.0734,72.4204,69.5705,71.4704,17915832,228539392.00,0.06976302,0.042084,5.5879
SZ300041,2017-08-02,70.9675,74.0968,68.7882,72.1410,24685190,315510592.00,0.09612243,0.057986,5.5879
SZ300041,2017-08-03,71.5822,73.7615,71.0793,72.0292,16852070,218259616.00,0.06562080,0.039586,5.5879
SZ300041,2017-08-04,71.8616,72.5322,70.2970,70.5205,13529573,172176528.00,0.05268323,0.031781,5.5879
SZ300041,2017-08-07,69.8499,71.6940,69.4029,70.0734,9054435,114380680.00,0.03525735,0.021269,5.5879
SZ300041,2017-08-08,70.9675,71.9734,69.6264,69.9058,10905236,137683968.00,0.04246424,0.025616,5.5879
SZ300041,2017-08-09,69.5705,73.5939,69.1794,73.2027,23343064,299832736.00,0.09089628,0.054833,5.5879
SZ300041,2017-08-10,73.2027,73.8174,72.0851,73.6498,20193238,263667856.00,0.07863108,0.047434,5.5879
SZ300041,2017-08-11,73.0351,76.7790,72.4204,74.8791,33152816,443973664.00,0.12909478,0.077876,5.5879
SZ300041,2017-08-14,75.4379,78.1760,75.1585,77.2261,33323282,455397184.00,0.12975857,0.078277,5.5879
SZ300041,2017-08-15,78.7907,79.6289,75.9408,78.0643,30232192,419062688.00,0.11772208,0.071016,5.5879
SZ300041,2017-08-16,77.0584,77.8966,75.1585,75.1585,24314474,331961632.00,0.09467889,0.057115,5.5879
SZ300041,2017-08-17,74.8791,76.2761,74.3762,75.9408,18197820,245541424.00,0.07086106,0.042747,5.5879
SZ300041,2017-08-18,74.9909,76.3879,74.2086,74.7115,14098861,189593136.00,0.05489999,0.033118,5.5879
SZ300041,2017-08-21,75.1026,77.2261,74.5438,76.8908,17194300,234182112.00,0.06695342,0.040389,5.5879
SZ300041,2017-08-22,76.9467,76.9467,73.3145,73.9850,17366860,232587360.00,0.06762536,0.040795,5.5879
SZ300041,2017-08-23,73.4821,74.6556,73.4821,73.5939,9629463,127654888.00,0.03749647,0.022620,5.5879
SZ300041,2017-08-24,74.0968,74.1527,70.9675,71.0793,15485601,199845312.00,0.06029986,0.036376,5.5879
SZ300041,2017-08-25,70.6881,73.6498,70.2970,73.1468,14699726,189788336.00,0.05723972,0.034530,5.5879
SZ300041,2017-08-28,73.5939,74.0968,72.4204,73.2027,13565444,178198016.00,0.05282291,0.031865,5.5879
SZ300041,2017-08-29,72.6998,73.5380,71.9175,72.3645,9778365,127066768.00,0.03807628,0.022969,5.5879
SZ300041,2017-08-30,71.8616,73.4262,71.4704,72.3645,9215859,119642528.00,0.03588592,0.021648,5.5879
SZ300041,2017-08-31,71.9734,72.5880,71.3028,71.9734,8104542,104205992.00,0.03155853,0.019038,5.5879
SZ300041,2017-09-01,71.6381,72.7557,71.2469,71.8616,9075295,117037544.00,0.03533857,0.021318,5.5879
SZ300041,2017-09-04,71.6940,74.8232,71.6381,74.7115,18583180,244982272.00,0.07236162,0.043652,5.5879
SZ300041,2017-09-05,75.0467,75.5497,73.9850,74.9350,14193962,189899152.00,0.05527031,0.033342,5.5879
SZ300041,2017-09-06,74.4321,74.7673,73.4262,74.5438,10700156,141664016.00,0.04166567,0.025135,5.5879
SZ300041,2017-09-07,74.8791,78.0084,74.4880,75.8849,26976308,366513888.00,0.10504389,0.063367,5.5879
SZ300041,2017-09-08,75.4938,76.7231,74.0409,74.7115,17098642,230588464.00,0.06658094,0.040165,5.5879
SZ300041,2017-09-11,74.5997,74.6556,73.5939,74.1527,9001245,119395720.00,0.03505023,0.021144,5.5879
SZ300041,2017-09-12,74.4880,74.8232,71.8616,72.4763,13841532,181757888.00,0.05389797,0.032514,5.5879
SZ300041,2017-09-13,72.3645,73.6498,71.6381,73.0351,7118100,93018624.00,0.02771739,0.016720,5.5879
SZ300041,2017-09-14,72.8674,72.9233,71.3587,71.4146,10647475,137102144.00,0.04146053,0.025011,5.5879
SZ300041,2017-09-15,71.4146,73.9850,71.1352,72.7557,11660914,151929952.00,0.04540680,0.027392,5.5879
SZ300041,2017-09-18,72.6439,72.8116,71.4146,72.1969,7575051,97607512.00,0.02949673,0.017794,5.5879
SZ300041,2017-09-19,72.1410,72.8674,71.4146,71.5263,6394439,82473008.00,0.02489951,0.015021,5.5879
SZ300041,2017-09-20,71.1910,71.4704,69.1235,71.3028,14022068,176393088.00,0.05460097,0.032938,5.5879
SZ300041,2017-09-21,70.9675,71.1352,69.5146,69.6264,6859388,86466608.00,0.02670998,0.016113,5.5879
SZ300041,2017-09-22,69.6264,69.6264,68.8441,69.0676,5137831,63635988.00,0.02000636,0.012069,5.5879
SZ300041,2017-09-25,69.0117,69.6823,68.2853,68.3970,4222208,52147332.00,0.01644099,0.009918,5.5879
SZ300041,2017-09-26,68.3412,69.6823,68.2853,69.5146,4588093,56794392.00,0.01786572,0.010777,5.5879
SZ300041,2017-09-27,69.6264,69.9617,69.3470,69.5146,3967510,49436144.00,0.01544921,0.009320,5.5879
SZ300041,2017-09-28,69.5146,70.2411,69.2911,69.3470,4525842,56512004.00,0.01762332,0.010631,5.5879
SZ300041,2017-09-29,69.5705,70.6881,69.3470,70.5205,4689628,58843500.00,0.01826109,0.011016,5.5879
SZ300041,2017-10-09,70.9675,71.3587,70.4646,70.7440,5413942,68741088.00,0.02108152,0.012717,5.5879
SZ300041,2017-10-10,70.7440,71.3587,70.5205,71.3028,3906292,49702604.00,0.01521083,0.009176,5.5879
SZ300041,2017-10-11,71.4146,71.8057,70.3528,70.4646,4798892,60962280.00,0.01868656,0.011273,5.5879
SZ300041,2017-10-12,70.4646,70.6881,68.7323,69.5705,4801400,59948032.00,0.01869632,0.011279,5.5879
SZ300041,2017-10-13,69.5705,70.5205,69.1235,69.9058,3525902,43966716.00,0.01372962,0.008282,5.5879
SZ300041,2017-10-16,69.6264,70.4087,67.7824,67.8941,5457487,67226824.00,0.02125108,0.012820,5.5879
SZ300041,2017-10-17,67.6706,68.5088,67.4471,67.7824,3619336,44034356.00,0.01409345,0.008502,5.5879
SZ300041,2017-10-18,67.6147,68.3970,67.2236,67.2236,3382201,41140796.00,0.01317006,0.007945,5.5879
SZ300041,2017-10-19,67.2794,67.6706,64.0384,64.8207,8104493,94675904.00,0.03155834,0.019037,5.5879
SZ300041,2017-10-20,64.8207,65.3795,64.5972,65.2119,3176796,36936236.00,0.01237023,0.007462,5.5879
SZ300041,2017-10-23,65.2678,66.8324,64.8766,66.5530,5355431,63365048.00,0.02085368,0.012580,5.5879
SZ300041,2017-10-24,66.0501,66.5530,65.0442,65.4354,3755753,44103160.00,0.01462464,0.008822,5.5879
SZ300041,2017-10-25,64.9325,66.2177,64.8207,65.9383,2742245,32264204.00,0.01067811,0.006442,5.5879
SZ300041,2017-10-26,66.2177,67.5030,65.7707,67.4471,5124741,61416584.00,0.01995539,0.012038,5.5879
SZ300041,2017-10-27,67.3353,67.3353,65.8266,65.8266,3973600,47291536.00,0.01547292,0.009334,5.5879
SZ300041,2017-10-30,65.7707,65.7707,63.3120,64.2619,5082500,58323244.00,0.01979091,0.011939,5.5879
SZ300041,2017-10-31,64.3178,64.7090,63.7031,64.4854,3095400,35574280.00,0.01205327,0.007271,5.5879
SZ300041,2017-11-01,65.0442,65.6030,64.4296,64.7090,3059900,35573208.00,0.01191504,0.007188,5.5879
SZ300041,2017-11-02,64.2619,64.4854,63.1443,64.3178,4364090,49771792.00,0.01699347,0.010251,5.5879
SZ300041,2017-11-03,64.3178,64.3178,63.0884,63.4796,2193512,24910106.00,0.00854138,0.005153,5.5879
SZ300041,2017-11-06,63.6472,63.8149,62.6973,63.8149,2224926,25217864.00,0.00866371,0.005226,5.5879
SZ300041,2017-11-07,65.4354,66.5530,64.8207,65.2119,7554700,88725672.00,0.02941748,0.017746,5.5879
SZ300041,2017-11-08,64.3178,66.1060,64.2619,65.2678,4875300,56799148.00,0.01898408,0.011452,5.5879
SZ300041,2017-11-09,64.8207,65.8266,64.5972,65.1560,4026538,47036612.00,0.01567906,0.009458,5.5879
SZ300041,2017-11-10,65.1560,65.2119,64.2619,64.5413,3355625,38808940.00,0.01306657,0.007882,5.5879
SZ300041,2017-11-13,64.4854,64.8207,63.4796,63.6472,3577275,40864528.00,0.01392966,0.008403,5.5879
SZ300041,2017-11-14,63.6472,64.0384,61.7473,62.5855,5964300,67075400.00,0.02322457,0.014010,5.5879
SZ300041,2017-11-15,62.5855,62.8649,61.8032,62.0267,2645700,29454192.00,0.01030217,0.006215,5.5879
SZ300041,2017-11-16,62.5296,62.5296,61.3003,61.3003,3022400,33394848.00,0.01176902,0.007100,5.5879
SZ300041,2017-11-17,61.4679,61.4679,58.0592,58.1710,5671354,60328424.00,0.02208386,0.013322,5.5879
SZ300041,2017-11-20,58.1151,58.1151,56.2152,57.6681,3635300,37074248.00,0.01415561,0.008539,5.5879
SZ300041,2017-11-21,58.0034,58.9533,57.7240,58.1151,2707034,28213832.00,0.01054100,0.006359,5.5879
SZ300041,2017-11-22,58.6739,58.6739,57.1093,57.5563,2768000,28602956.00,0.01077840,0.006502,5.5879
SZ300041,2017-11-23,57.7240,57.8357,55.7682,56.1034,3407100,34745768.00,0.01326701,0.008003,5.5879
SZ300041,2017-11-24,55.9917,56.5505,55.7682,56.1593,2472980,24844600.00,0.00962961,0.005809,5.5879
SZ300041,2017-11-27,56.4387,57.2210,55.3211,56.1034,3336000,33584592.00,0.01299015,0.007836,5.5879
SZ300041,2017-11-28,58.6739,59.5680,57.2769,57.5563,4404906,45620912.00,0.01715240,0.010347,5.5879
SZ300041,2017-11-29,56.8858,57.5563,56.8299,57.3887,2788400,28523828.00,0.01085784,0.006550,5.5879
SZ300041,2017-11-30,57.1652,58.1151,57.0534,58.0034,3193500,32885400.00,0.01243527,0.007502,5.5879
SZ300041,2017-12-01,57.9475,58.2269,57.3328,58.0034,2246352,23254828.00,0.00874714,0.005277,5.5879
SZ300041,2017-12-04,58.0034,58.0034,56.7181,56.7740,2316270,23769742.00,0.00901940,0.005441,5.5879
SZ300041,2017-12-05,56.8299,57.2210,54.7623,55.1535,3310670,33020546.00,0.01289152,0.007777,5.5879
SZ300041,2017-12-06,55.0417,56.0476,54.5947,56.0476,2447427,24327126.00,0.00953011,0.005749,5.5879
SZ300041,2017-12-07,56.1593,56.1593,55.2652,55.5446,1779527,17733180.00,0.00692936,0.004180,5.5879
SZ300041,2017-12-08,55.5446,56.6064,55.5446,56.2711,1937200,19515340.00,0.00754332,0.004550,5.5879
SZ300041,2017-12-11,56.6064,57.1093,56.1034,56.9416,2130309,21605238.00,0.00829528,0.005004,5.5879
SZ300041,2017-12-12,57.1093,57.1093,56.2152,56.2152,1646700,16721270.00,0.00641214,0.003868,5.5879
SZ300041,2017-12-13,56.4946,56.6622,55.9917,56.6064,1257546,12692127.00,0.00489680,0.002954,5.5879
SZ300041,2017-12-14,56.6064,56.6622,55.9358,56.2152,1714346,17231922.00,0.00667555,0.004027,5.5879
SZ300041,2017-12-15,56.2711,56.6622,55.6564,56.5505,3450920,34651980.00,0.01343765,0.008106,5.5879
SZ300041,2017-12-18,56.5505,56.6064,55.6564,55.7123,1969800,19745984.00,0.00767027,0.004627,5.5879
SZ300041,2017-12-19,56.4387,57.7798,56.2711,56.8299,3876112,39531112.00,0.01509331,0.009105,5.5879
SZ300041,2017-12-20,56.4946,57.3328,56.2152,56.2711,2088034,21156346.00,0.00813066,0.004905,5.5879
SZ300041,2017-12-21,56.2711,56.6622,55.6564,56.2152,1648358,16561812.00,0.00641859,0.003872,5.5879
SZ300041,2017-12-22,55.9917,56.3270,55.5446,55.7123,2583424,25821576.00,0.01005968,0.006068,5.5879
SZ300041,2017-12-25,55.3770,55.6564,54.9300,55.2094,1841800,18245350.00,0.00717184,0.004326,5.5879
SZ300041,2017-12-26,55.2094,55.6005,55.0417,55.4888,1257000,12460002.00,0.00489467,0.002953,5.5879
SZ300041,2017-12-27,55.4888,56.1034,55.3211,55.4329,2079228,20750632.00,0.00809637,0.004884,5.5879
SZ300041,2017-12-28,55.3770,55.9358,55.2094,55.7123,1443904,14382471.00,0.00562246,0.003392,5.5879
SZ300041,2017-12-29,55.8240,56.1034,55.6564,55.9917,1742700,17430944.00,0.00678595,0.004094,5.5879
SZ300041,2018-01-02,55.8240,56.9416,55.8240,56.6622,3415183,34458680.00,0.01329849,0.008022,5.5879
SZ300041,2018-01-03,57.1093,59.6239,56.6064,58.7857,10949010,114576384.00,0.04263469,0.025719,5.5879
SZ300041,2018-01-04,58.6739,58.6739,57.6122,57.7240,5647453,58590688.00,0.02199079,0.013266,5.5879
SZ300041,2018-01-05,57.8357,58.2828,57.3887,57.5004,3368243,34809024.00,0.01311571,0.007912,5.5879
SZ300041,2018-01-08,57.8357,58.0592,57.0534,57.4446,2435379,25002616.00,0.00948320,0.005721,5.5879
SZ300041,2018-01-09,57.6681,57.7798,57.1652,57.4446,1759004,18084082.00,0.00684944,0.004132,5.5879
SZ300041,2018-01-10,57.6681,57.6681,56.2152,56.6064,2727813,27717802.00,0.01062192,0.006408,5.5879
SZ300041,2018-01-11,56.3828,56.8858,56.1593,56.7181,2032313,20570152.00,0.00791369,0.004774,5.5879
SZ300041,2018-01-12,56.7740,56.9416,55.8240,55.8799,2403000,24232770.00,0.00935712,0.005645,5.5879
SZ300041,2018-01-15,55.8799,56.2152,54.3153,54.4829,4909400,48299252.00,0.01911687,0.011532,5.5879
SZ300041,2018-01-16,54.2594,54.7064,53.8682,54.4270,2566373,24928042.00,0.00999328,0.006028,5.5879
SZ300041,2018-01-17,54.4829,54.4829,52.6948,54.1476,3510928,33735336.00,0.01367131,0.008247,5.5879
SZ300041,2018-01-18,54.0359,54.5947,53.7565,54.5388,1919123,18657358.00,0.00747293,0.004508,5.5879
SZ300041,2018-01-19,54.3712,54.7064,53.8682,53.8682,2097850,20336320.00,0.00816888,0.004928,5.5879
SZ300041,2018-01-22,53.7006,54.8741,53.1418,54.4270,2791594,26973662.00,0.01087027,0.006557,5.5879
SZ300041,2018-01-23,54.3712,54.5947,54.0359,54.1476,1910802,18554906.00,0.00744053,0.004488,5.5879
SZ300041,2018-01-24,53.8124,54.7064,53.4212,54.7064,2688100,26113832.00,0.01046728,0.006314,5.5879
SZ300041,2018-01-25,54.4270,55.9358,54.3712,54.9300,4311263,42799004.00,0.01678776,0.010127,5.5879
SZ300041,2018-01-26,54.9300,55.5446,54.7064,54.9300,1842162,18149172.00,0.00717325,0.004327,5.5879
SZ300041,2018-01-29,54.9300,55.6005,53.6447,53.7006,3120470,30280088.00,0.01215090,0.007330,5.5879
SZ300041,2018-01-30,53.7006,53.9800,53.4212,53.6447,1355348,13009693.00,0.00527763,0.003184,5.5879
SZ300041,2018-01-31,53.5330,53.5330,51.5213,51.5213,3489910,32741526.00,0.01358947,0.008198,5.5879
SZ300041,2018-02-01,52.4712,52.5271,48.5038,48.5038,4433020,39575092.00,0.01726187,0.010413,5.5879
SZ300041,2018-02-23,53.3653,53.3653,53.3653,53.3653,5419600,51757180.00,0.02110355,0.012731,5.5879
SZ300041,2018-02-26,54.5388,55.8240,53.9800,55.7123,15401470,151858640.00,0.05997226,0.036178,5.5879
SZ300041,2018-02-27,55.3211,57.3887,54.6506,56.7740,12857145,129076088.00,0.05006484,0.030201,5.5879
SZ300041,2018-02-28,56.2711,57.5563,55.7682,56.3828,8721397,88459344.00,0.03396052,0.020487,5.5879
SZ300041,2018-03-01,56.1034,57.6681,56.0476,57.5563,6602495,67394544.00,0.02570966,0.015509,5.5879
SZ300041,2018-03-02,57.0534,58.0034,56.0476,56.3270,5708917,57965744.00,0.02223013,0.013410,5.5879
SZ300041,2018-03-05,56.9416,57.4446,56.5505,57.3328,4731101,48252796.00,0.01829608,0.011113,5.5879
SZ300041,2018-03-06,57.5563,60.6856,56.8299,58.9533,12774898,134283328.00,0.04940300,0.030008,5.5879
SZ300041,2018-03-07,59.1210,59.2886,58.2269,58.3945,5560700,58514208.00,0.02150430,0.013062,5.5879
SZ300041,2018-03-08,58.5063,60.2944,58.0592,59.9033,7676498,81596512.00,0.02968650,0.018032,5.5879
SZ300041,2018-03-09,59.7356,61.4679,59.7356,59.9592,7723673,83526520.00,0.02986894,0.018143,5.5879
