代码,时间,开盘价,最高价,最低价,收盘价,成交量(股),成交额(元),流通盘换手率,全流通换手率,复权系数
SZ300438,2015-04-24,17.8400,21.4100,17.8400,21.4100,10600,225694.00,0.00050476,0.000126,1.0000
SZ300438,2015-04-27,23.5500,23.5500,23.5500,23.5500,3000,70650.00,0.00014286,0.000036,1.0000
SZ300438,2015-04-28,25.9100,25.9100,25.9100,25.9100,6300,163233.00,0.00030000,0.000075,1.0000
SZ300438,2015-04-29,28.5000,28.5000,28.5000,28.5000,4200,119700.00,0.00020000,0.000050,1.0000
SZ300438,2015-04-30,31.3500,31.3500,31.3500,31.3500,10000,313500.00,0.00047619,0.000119,1.0000
SZ300438,2015-05-04,34.4900,34.4900,34.4900,34.4900,8100,280817.00,0.00038571,0.000096,1.0000
SZ300438,2015-05-05,37.9400,37.9400,37.9400,37.9400,55300,2098082.00,0.00263333,0.000658,1.0000
SZ300438,2015-05-06,41.7300,41.7300,41.7300,41.7300,136500,5695894.00,0.00650000,0.001625,1.0000
SZ300438,2015-05-07,45.9000,45.9000,45.9000,45.9000,366900,16842728.00,0.01747143,0.004368,1.0000
SZ300438,2015-05-08,50.4900,50.4900,49.1800,50.4900,2348500,118353960.00,0.11183333,0.027958,1.0000
SZ300438,2015-05-11,55.5400,55.5400,55.5400,55.5400,129400,7186876.00,0.00616190,0.001540,1.0000
SZ300438,2015-05-12,61.0900,61.0900,61.0900,61.0900,647700,39569460.00,0.03084286,0.007711,1.0000
SZ300438,2015-05-13,67.2000,67.2000,67.2000,67.2000,213900,14374214.00,0.01018571,0.002546,1.0000
SZ300438,2015-05-14,73.9200,73.9200,73.9200,73.9200,53600,3964329.00,0.00255238,0.000638,1.0000
SZ300438,2015-05-15,81.3100,81.3100,81.3100,81.3100,196300,15958713.00,0.00934762,0.002337,1.0000
SZ300438,2015-05-18,89.4400,89.4400,89.4400,89.4400,36700,3283789.00,0.00174762,0.000437,1.0000
SZ300438,2015-05-19,98.3800,98.3800,96.0000,98.3800,1606700,157994992.00,0.07650952,0.019127,1.0000
SZ300438,2015-05-20,108.2200,108.2200,108.2200,108.2200,124500,13470684.00,0.00592857,0.001482,1.0000
SZ300438,2015-05-21,119.0400,119.0400,119.0400,119.0400,195100,23222918.00,0.00929048,0.002323,1.0000
SZ300438,2015-05-22,130.9400,130.9400,130.9400,130.9400,163800,21444568.00,0.00780000,0.001950,1.0000
SZ300438,2015-05-25,144.0300,144.0300,140.0000,144.0300,3073700,442189376.00,0.14636667,0.036592,1.0000
SZ300438,2015-05-26,158.4300,158.4300,158.4300,158.4300,174700,27677720.00,0.00831905,0.002080,1.0000
SZ300438,2015-05-27,174.2700,174.2700,174.2700,174.2700,193200,33672448.00,0.00920000,0.002300,1.0000
SZ300438,2015-05-28,191.7000,191.7000,156.8400,156.8400,1567900,267899504.00,0.07466190,0.018665,1.0000
SZ300438,2015-05-29,141.2000,172.5200,141.1600,171.9900,10416800,1635139584.00,0.49603810,0.124010,1.0000
SZ300438,2015-06-01,164.0000,166.0000,154.7900,154.7900,2696500,425541664.00,0.12840476,0.032101,1.0000
SZ300438,2015-06-02,139.3200,149.4900,139.3100,139.3100,1672600,234178528.00,0.07964762,0.019912,1.0000
SZ300438,2015-06-03,125.9900,136.9500,125.3800,126.2000,7430400,951268352.00,0.35382857,0.088457,1.0000
SZ300438,2015-06-04,123.2200,124.8800,113.5800,119.0100,4968500,584392128.00,0.23659524,0.059149,1.0000
SZ300438,2015-06-05,121.9800,123.3800,113.5100,117.6000,4180600,498673056.00,0.19907619,0.049769,1.0000
SZ300438,2015-06-08,115.0200,115.4000,105.9000,107.7600,4378400,478245664.00,0.20849524,0.052124,1.0000
SZ300438,2015-06-09,107.9300,111.4700,106.4800,109.1100,2369700,258365856.00,0.11284286,0.028211,1.0000
SZ300438,2015-06-10,108.0000,116.9500,107.0000,113.8500,3864400,438514240.00,0.18401905,0.046005,1.0000
SZ300438,2015-06-11,113.0000,119.4000,111.5800,116.9000,3836200,445749376.00,0.18267619,0.045669,1.0000
SZ300438,2015-06-12,116.8800,119.6500,108.0000,108.9800,3784000,426209408.00,0.18019048,0.045048,1.0000
SZ300438,2015-06-15,106.0200,106.9800,98.0800,98.0800,3095600,309941856.00,0.14740952,0.036852,1.0000
SZ300438,2015-06-16,94.0000,99.4800,93.0100,97.2000,2713300,261027136.00,0.12920476,0.032301,1.0000
SZ300438,2015-06-17,96.9900,99.5900,96.0100,98.8700,2296400,226140032.00,0.10935238,0.027338,1.0000
SZ300438,2015-06-18,97.8900,98.8800,88.9800,88.9800,2879800,268781856.00,0.13713333,0.034283,1.0000
SZ300438,2015-06-19,85.5000,88.7700,80.0800,80.0800,2671800,224401264.00,0.12722857,0.031807,1.0000
SZ300438,2015-06-23,81.2000,84.9900,79.9700,84.9500,2055700,169637440.00,0.09789048,0.024473,1.0000
SZ300438,2015-06-24,86.8500,86.9000,82.6700,84.0700,2378200,200576976.00,0.11324762,0.028312,1.0000
SZ300438,2015-06-25,84.0000,85.1300,80.0000,80.1000,1979800,163957200.00,0.09427619,0.023569,1.0000
SZ300438,2015-06-26,77.9000,78.6600,72.0900,72.0900,2323400,174849104.00,0.11063810,0.027660,1.0000
SZ300438,2015-06-29,73.0000,74.0000,64.8800,64.8800,1954500,132211264.00,0.09307143,0.023268,1.0000
SZ300438,2015-06-30,62.9000,69.9800,58.5000,69.1000,2389600,154714864.00,0.11379048,0.028448,1.0000
SZ300438,2015-07-01,66.7000,71.5000,62.8000,62.8000,2621600,179687024.00,0.12483810,0.031210,1.0000
SZ300438,2015-07-02,62.7000,65.2000,57.1500,59.0900,2020300,124652752.00,0.09620476,0.024051,1.0000
SZ300438,2015-07-03,57.0000,61.9800,53.1800,55.3300,2336100,132152816.00,0.11124286,0.027811,1.0000
SZ300438,2015-07-06,60.8600,60.8600,52.0000,55.7000,2598000,149308816.00,0.12371429,0.030929,1.0000
SZ300438,2015-07-07,52.5000,53.8000,50.1300,50.1300,1046700,53609560.00,0.04984286,0.012461,1.0000
SZ300438,2015-07-08,45.1200,45.7900,45.1200,45.1200,2196500,99231288.00,0.10459524,0.026149,1.0000
SZ300438,2015-07-09,43.3000,49.6300,43.3000,49.6300,1720700,83112552.00,0.08193810,0.020485,1.0000
SZ300438,2015-09-10,54.5900,54.5900,54.5900,54.5900,289700,15814286.00,0.01379524,0.003449,1.0000
SZ300438,2015-09-11,60.0500,60.0500,60.0500,60.0500,1244300,74720816.00,0.05925238,0.014813,1.0000
SZ300438,2015-09-14,63.0000,64.8000,57.0700,57.2100,7003100,435302432.00,0.33348095,0.083370,1.0000
SZ300438,2015-09-15,53.0300,59.9300,53.0300,54.0300,4418300,249472256.00,0.21039524,0.052599,1.0000
SZ300438,2015-09-16,54.8000,59.4300,53.5000,59.4300,4278500,241775424.00,0.20373810,0.050935,1.0000
SZ300438,2015-09-17,57.9000,60.0000,54.7700,55.0000,4194700,242630480.00,0.19974762,0.049937,1.0000
SZ300438,2015-09-18,55.5300,55.5500,51.0100,52.1400,2845500,149771056.00,0.13550000,0.033875,1.0000
SZ300438,2015-09-21,50.1100,57.3500,50.0000,57.3500,3097100,167379120.00,0.14748095,0.036870,1.0000
SZ300438,2015-09-22,58.8000,63.0000,58.5500,60.2000,4373400,266340544.00,0.20825714,0.052064,1.0000
SZ300438,2015-09-23,58.0200,62.9900,58.0000,61.3000,4383900,267799728.00,0.20875714,0.052189,1.0000
SZ300438,2015-09-24,61.9200,64.5800,59.8800,60.5000,3572800,223338800.00,0.17013333,0.042533,1.0000
SZ300438,2015-09-25,60.9500,62.0000,54.4500,54.6000,2914600,168679856.00,0.13879048,0.034698,1.0000
SZ300438,2015-09-28,56.8000,58.1300,53.8100,58.1200,2252700,127329968.00,0.10727143,0.026818,1.0000
SZ300438,2015-09-29,56.0000,57.4700,55.3500,55.9800,1940300,109198776.00,0.09239524,0.023099,1.0000
SZ300438,2015-09-30,56.9300,56.9900,53.5800,54.8800,2029600,111525680.00,0.09664762,0.024162,1.0000
SZ300438,2015-10-08,56.5900,60.3700,56.5900,60.3700,2087700,123816184.00,0.09941429,0.024854,1.0000
SZ300438,2015-10-09,63.0000,66.4100,63.0000,66.4100,6197200,399377664.00,0.29510476,0.073776,1.0000
SZ300438,2015-10-12,68.8000,73.0500,68.4100,69.9900,6914900,492145600.00,0.32928095,0.082320,1.0000
SZ300438,2015-10-13,68.5000,71.8000,68.4700,70.5100,4374500,305087328.00,0.20830952,0.052077,1.0000
SZ300438,2015-10-14,70.6000,73.2000,69.5000,71.9600,4466400,319972672.00,0.21268571,0.053171,1.0000
SZ300438,2015-10-15,71.1000,79.1600,70.0500,75.5500,5532000,418281856.00,0.26342857,0.065857,1.0000
SZ300438,2015-10-16,74.5000,76.4900,73.0300,75.0900,4691500,350801248.00,0.22340476,0.055851,1.0000
SZ300438,2015-10-19,75.5200,75.6000,71.6000,74.1000,4209700,308964672.00,0.20046190,0.050115,1.0000
SZ300438,2015-10-20,73.3300,77.8000,73.0000,76.3600,4025900,304354272.00,0.19170952,0.047927,1.0000
SZ300438,2015-10-21,76.1100,76.5000,68.7200,68.7200,4150300,300645856.00,0.19763333,0.049408,1.0000
SZ300438,2015-10-22,68.1900,71.9800,66.8000,71.5500,3347800,233282032.00,0.15941905,0.039855,1.0000
SZ300438,2015-10-23,71.7800,74.3000,71.0000,73.6500,3395300,246675296.00,0.16168095,0.040420,1.0000
SZ300438,2015-10-26,74.3000,76.6600,71.8000,75.6500,3702100,275459488.00,0.17629048,0.044073,1.0000
SZ300438,2015-10-27,74.3800,77.3800,70.5000,76.8900,3649300,271466400.00,0.17377619,0.043444,1.0000
SZ300438,2015-10-28,75.9200,82.1000,75.5800,78.1600,4273500,339213600.00,0.20350000,0.050875,1.0000
SZ300438,2015-10-29,79.2000,83.8800,79.2000,81.0200,3718400,302208320.00,0.17706667,0.044267,1.0000
SZ300438,2015-10-30,80.4900,85.2000,76.8100,83.5000,3595400,290741024.00,0.17120952,0.042802,1.0000
SZ300438,2015-11-02,80.8500,91.8500,80.8100,91.2000,5992100,538232128.00,0.28533810,0.071335,1.0000
SZ300438,2015-11-03,90.9000,94.7200,88.9100,90.7500,5318500,487221056.00,0.25326190,0.063315,1.0000
SZ300438,2015-11-04,90.8000,95.7400,89.0000,94.8400,4000700,370927872.00,0.19050952,0.047627,1.0000
SZ300438,2015-11-05,95.0100,103.1800,94.0000,96.3000,4419000,432147392.00,0.21042857,0.052607,1.0000
SZ300438,2015-11-06,96.0000,103.3500,95.0300,101.5000,3577100,354215328.00,0.17033810,0.042585,1.0000
SZ300438,2015-11-09,99.6200,109.0000,96.7700,106.0000,4137400,427353600.00,0.19701905,0.049255,1.0000
SZ300438,2015-11-10,103.9200,116.6000,102.3000,116.6000,4770100,515922240.00,0.22714762,0.056787,1.0000
SZ300438,2015-11-11,119.3100,128.2600,118.0000,128.2600,4279600,527357504.00,0.20379048,0.050948,1.0000
SZ300438,2015-11-12,132.9800,141.0900,132.0000,141.0900,4293600,589823872.00,0.20445714,0.051114,1.0000
SZ300438,2015-11-13,143.0000,147.2000,126.9800,126.9800,7624300,1015072192.00,0.36306190,0.090765,1.0000
SZ300438,2015-11-16,123.0000,132.0000,121.0000,124.0000,4454100,561096448.00,0.21210000,0.053025,1.0000
SZ300438,2015-11-17,125.9900,127.9800,120.0000,120.0000,4584500,565264320.00,0.21830952,0.054577,1.0000
SZ300438,2015-11-18,120.0100,121.8000,108.0000,109.9600,4237900,483595744.00,0.20180476,0.050451,1.0000
SZ300438,2015-11-19,110.6600,120.9600,110.0100,120.9600,4280700,491232320.00,0.20384286,0.050961,1.0000
SZ300438,2015-11-20,124.0000,132.9500,120.0000,125.8000,5258800,660859136.00,0.25041905,0.062605,1.0000
SZ300438,2015-11-23,122.9900,124.0000,115.0300,117.5200,3717400,444851360.00,0.17701905,0.044255,1.0000
SZ300438,2015-11-24,116.0000,129.2700,116.0000,129.2700,3940000,493343040.00,0.18761905,0.046905,1.0000
SZ300438,2015-11-25,131.0000,138.5000,130.0200,133.7600,4709600,631713728.00,0.22426667,0.056067,1.0000
SZ300438,2015-11-26,136.0000,137.9900,129.3600,129.9600,3591000,479993568.00,0.17100000,0.042750,1.0000
SZ300438,2015-11-27,127.0000,135.8000,125.0400,132.7000,3764300,493411264.00,0.17925238,0.044813,1.0000
SZ300438,2015-11-30,132.8800,145.9700,130.0500,144.5000,6276500,878296576.00,0.29888095,0.074720,1.0000
SZ300438,2015-12-01,140.5100,142.0000,130.0500,131.1600,6019100,816258752.00,0.28662381,0.071656,1.0000
SZ300438,2015-12-02,131.2000,131.9900,118.2000,126.9600,3056200,379819360.00,0.14553333,0.036383,1.0000
SZ300438,2015-12-03,127.8300,135.8700,127.3900,133.3500,2898600,384353984.00,0.13802857,0.034507,1.0000
SZ300438,2015-12-04,134.0000,135.4000,127.0000,128.8300,2483000,325179296.00,0.11823810,0.029560,1.0000
SZ300438,2015-12-07,127.6000,133.7000,123.0000,129.3000,2382300,306705152.00,0.11344286,0.028361,1.0000
SZ300438,2015-12-08,127.6900,132.5000,125.4900,130.1900,2221600,288693440.00,0.10579048,0.026448,1.0000
SZ300438,2015-12-09,130.1000,138.1900,130.0000,131.6800,3602200,483121216.00,0.17153333,0.042883,1.0000
SZ300438,2015-12-10,126.5700,127.0000,121.9600,122.0500,3385900,419087616.00,0.16123333,0.040308,1.0000
SZ300438,2015-12-11,120.2000,120.4800,113.4500,114.0100,2487100,289356288.00,0.11843333,0.029608,1.0000
SZ300438,2015-12-14,112.0000,119.0000,110.5000,118.3700,1406900,162509504.00,0.06699524,0.016749,1.0000
SZ300438,2015-12-15,118.7000,119.9900,116.5000,117.0200,1340800,158386544.00,0.06384762,0.015962,1.0000
SZ300438,2015-12-16,117.0200,122.2000,117.0200,118.8000,1449300,173990752.00,0.06901429,0.017254,1.0000
SZ300438,2015-12-17,120.0000,123.4600,120.0000,123.4100,1729600,211483120.00,0.08236190,0.020590,1.0000
SZ300438,2015-12-18,120.5000,126.0000,120.5000,122.2000,1757000,216777632.00,0.08366667,0.020917,1.0000
SZ300438,2015-12-21,121.0000,121.8000,117.0000,119.4000,1564100,185898272.00,0.07448095,0.018620,1.0000
SZ300438,2015-12-22,119.2100,122.9900,119.0300,120.8900,933300,112914872.00,0.04444286,0.011111,1.0000
SZ300438,2015-12-23,120.9900,125.8500,119.0000,123.6000,2021200,248122816.00,0.09624762,0.024062,1.0000
SZ300438,2015-12-24,124.7000,135.9600,123.0500,135.9600,3417500,447022656.00,0.16273810,0.040685,1.0000
SZ300438,2015-12-25,135.9600,136.0000,127.5800,131.7900,2544000,335749248.00,0.12114286,0.030286,1.0000
SZ300438,2015-12-28,136.8600,144.3600,134.0000,134.5200,3495900,487541792.00,0.16647143,0.041618,1.0000
SZ300438,2015-12-29,131.8000,142.0000,130.0100,133.8800,2972100,409725888.00,0.14152857,0.035382,1.0000
SZ300438,2015-12-30,133.5800,133.5800,126.9600,129.8700,2219300,286587168.00,0.10568095,0.026420,1.0000
SZ300438,2015-12-31,129.4800,131.9000,124.0000,124.5000,1482800,189729952.00,0.07060952,0.017652,1.0000
SZ300438,2016-01-04,123.0000,123.2100,112.0500,112.0500,1406100,162295568.00,0.06695714,0.016739,1.0000
SZ300438,2016-01-05,102.8500,109.9900,100.8500,102.7000,2148700,223610832.00,0.10231905,0.025580,1.0000
SZ300438,2016-01-06,104.0000,107.8400,102.8000,107.1800,1585900,167803248.00,0.07551905,0.018880,1.0000
SZ300438,2016-01-07,104.0000,104.0700,96.4600,96.4600,427300,42274424.00,0.02034762,0.005087,1.0000
SZ300438,2016-01-08,99.6300,100.6900,88.5000,95.4800,1670100,160911328.00,0.07952857,0.019882,1.0000
SZ300438,2016-01-11,92.0100,94.9900,85.9300,85.9300,1504200,134174232.00,0.07162857,0.017907,1.0000
SZ300438,2016-01-12,83.9600,89.8800,83.9200,88.1100,1705400,149474160.00,0.08120952,0.020302,1.0000
SZ300438,2016-01-13,88.8900,90.8700,80.0000,80.0000,1470300,125525144.00,0.07001429,0.017504,1.0000
SZ300438,2016-01-14,75.2000,87.0000,75.1000,86.2500,1879700,153968896.00,0.08950952,0.022377,1.0000
SZ300438,2016-01-15,86.2000,90.0000,85.0100,86.7000,2267500,198668496.00,0.10797619,0.026994,1.0000
SZ300438,2016-01-18,84.0000,92.0000,81.0100,90.4100,1814700,162466208.00,0.08641429,0.021604,1.0000
SZ300438,2016-01-19,90.2800,94.5100,89.0000,93.7000,1661300,152438800.00,0.07910952,0.019777,1.0000
SZ300438,2016-01-20,92.3800,94.7800,90.0200,90.7500,1583000,146205488.00,0.07538095,0.018845,1.0000
SZ300438,2016-01-21,89.0000,91.9900,82.5000,82.6500,1426000,126046912.00,0.06790476,0.016976,1.0000
SZ300438,2016-01-22,85.1100,87.5600,82.5000,86.2000,1165500,98793808.00,0.05550000,0.013875,1.0000
SZ300438,2016-01-25,87.3000,89.9900,86.3900,88.8100,1272200,112277128.00,0.06058095,0.015145,1.0000
SZ300438,2016-01-26,87.1500,87.7900,79.9300,79.9300,1371300,114558288.00,0.06530000,0.016325,1.0000
SZ300438,2016-01-27,79.3000,82.2900,75.2000,82.2100,1345100,106587488.00,0.06405238,0.016013,1.0000
SZ300438,2016-01-28,79.1000,83.2800,79.1000,80.5600,1112800,90195968.00,0.05299048,0.013248,1.0000
SZ300438,2016-01-29,80.9800,88.0000,80.8000,86.8900,1511200,128666000.00,0.07196190,0.017990,1.0000
SZ300438,2016-02-01,86.8900,91.8800,85.8100,89.6000,1769900,156851168.00,0.08428095,0.021070,1.0000
SZ300438,2016-02-02,88.6800,93.8800,88.6800,91.5500,1609800,147823312.00,0.07665714,0.019164,1.0000
SZ300438,2016-02-03,89.1100,92.0000,87.6100,91.5200,1408600,126312040.00,0.06707619,0.016769,1.0000
SZ300438,2016-02-04,92.0800,93.9400,91.0600,92.3700,1356500,125490328.00,0.06459524,0.016149,1.0000
SZ300438,2016-02-05,95.5000,95.5000,88.0200,88.4100,1295500,118682224.00,0.06169048,0.015423,1.0000
SZ300438,2016-02-15,83.0900,88.8800,83.0900,87.5900,837800,72470352.00,0.03989524,0.009974,1.0000
SZ300438,2016-02-16,87.9000,92.3700,87.9000,92.0900,1124100,102376784.00,0.05352857,0.013382,1.0000
SZ300438,2016-02-17,91.7000,94.8600,91.0100,94.2700,1496000,139384496.00,0.07123810,0.017810,1.0000
SZ300438,2016-02-18,94.7900,97.2000,93.1000,95.2600,2084400,198838048.00,0.09925714,0.024814,1.0000
SZ300438,2016-02-19,94.0000,100.0000,93.5000,100.0000,2090900,204060432.00,0.09956667,0.024892,1.0000
SZ300438,2016-02-22,101.3700,101.9400,98.3200,100.2000,1806400,180251632.00,0.08601905,0.021505,1.0000
SZ300438,2016-02-23,100.2200,101.0000,93.6000,95.7000,1966100,190065440.00,0.09362381,0.023406,1.0000
SZ300438,2016-02-24,94.8000,97.1800,90.5000,93.7500,1767000,164480096.00,0.08414286,0.021036,1.0000
SZ300438,2016-02-25,100.0000,103.1300,99.0000,103.1300,4746700,486839712.00,0.22603333,0.056508,1.0000
SZ300438,2016-02-26,100.3800,102.5000,93.5000,94.7000,3545800,348249728.00,0.16884762,0.042212,1.0000
SZ300438,2016-02-29,90.0500,91.5000,85.2300,85.2300,1038000,90281352.00,0.04942857,0.012357,1.0000
SZ300438,2016-03-01,80.9900,85.9800,76.7100,82.2200,2814600,225149424.00,0.13402857,0.033507,1.0000
SZ300438,2016-03-02,80.0000,87.9500,79.5000,86.2500,2010100,169142320.00,0.09571905,0.023930,1.0000
SZ300438,2016-03-03,85.0000,89.0000,82.8800,83.0200,1863400,159745968.00,0.08873333,0.022183,1.0000
SZ300438,2016-03-04,80.8800,82.5000,75.0000,75.7000,1880600,147750672.00,0.08955238,0.022388,1.0000
SZ300438,2016-03-07,77.9000,83.2700,77.9000,79.6900,1528300,123342408.00,0.07277619,0.018194,1.0000
SZ300438,2016-03-08,77.0000,82.9500,72.5000,81.9800,2060100,163313680.00,0.09810000,0.024525,1.0000
SZ300438,2016-03-09,79.9400,81.5000,78.0000,78.9300,1132700,90216680.00,0.05393810,0.013485,1.0000
SZ300438,2016-03-10,79.5000,80.6000,78.0100,78.3000,844200,66901160.00,0.04020000,0.010050,1.0000
SZ300438,2016-03-11,77.5000,80.0000,76.3800,78.9100,939700,73698496.00,0.04474762,0.011187,1.0000
SZ300438,2016-03-14,80.0000,84.8700,80.0000,83.4000,1659500,138228992.00,0.07902381,0.019756,1.0000
SZ300438,2016-03-15,83.0000,89.5000,82.5600,84.8000,2167600,187168768.00,0.10321905,0.025805,1.0000
SZ300438,2016-03-16,86.9000,87.2000,81.0100,82.1500,1367400,114331016.00,0.06511429,0.016279,1.0000
SZ300438,2016-03-17,83.3300,88.9700,82.5500,88.9700,2216300,191366784.00,0.10553810,0.026385,1.0000
SZ300438,2016-03-18,89.1100,94.5000,89.1100,92.0000,2432000,223055344.00,0.11580952,0.028952,1.0000
SZ300438,2016-03-21,93.9000,94.4700,91.2100,93.1600,2227500,205709136.00,0.10607143,0.026518,1.0000
SZ300438,2016-03-22,93.3200,96.7800,91.7100,94.4000,2076800,197431680.00,0.09889524,0.024724,1.0000
SZ300438,2016-03-23,93.2100,97.0000,92.7000,96.8800,2033100,192255296.00,0.09681429,0.024204,1.0000
SZ300438,2016-03-24,95.0000,104.8500,94.5100,98.0000,3017800,300139104.00,0.14370476,0.035926,1.0000
SZ300438,2016-03-25,99.2500,104.0000,98.0000,100.2000,2412600,243150336.00,0.11488571,0.028721,1.0000
SZ300438,2016-03-28,99.8800,103.9900,98.7000,98.8500,2395300,243740320.00,0.11406190,0.028515,1.0000
SZ300438,2016-03-29,98.4900,98.4900,90.8800,91.9500,2243700,211010048.00,0.10684286,0.026711,1.0000
SZ300438,2016-03-30,93.5700,101.1500,93.4800,101.1500,2448300,238377120.00,0.11658571,0.029146,1.0000
SZ300438,2016-03-31,103.8300,110.0000,103.0000,104.8800,3402600,358437824.00,0.16202857,0.040507,1.0000
SZ300438,2016-04-01,103.0000,115.0000,102.5000,113.0500,3701500,405610880.00,0.17626190,0.044065,1.0000
SZ300438,2016-04-05,112.0000,118.0000,110.0000,114.2000,2728100,310818528.00,0.12990952,0.032477,1.0000
SZ300438,2016-04-06,113.2000,119.7900,112.2100,117.5400,2631900,303726368.00,0.12532857,0.031332,1.0000
SZ300438,2016-04-07,117.4800,119.0000,113.0000,113.4000,2917500,336984128.00,0.13892857,0.034732,1.0000
SZ300438,2016-04-08,110.9800,113.7500,106.3800,109.5000,2284600,251242816.00,0.10879048,0.027198,1.0000
SZ300438,2016-04-11,112.0000,115.0000,109.5000,114.2000,2382700,268454048.00,0.11346190,0.028365,1.0000
SZ300438,2016-04-12,113.0000,115.5600,104.8100,107.6000,2165600,237406304.00,0.10312381,0.025781,1.0000
SZ300438,2016-04-13,113.9600,118.3600,111.0000,115.0000,3856000,444712960.00,0.18361905,0.045905,1.0000
SZ300438,2016-04-14,116.5000,116.5000,112.1500,113.9000,2009900,228300048.00,0.09570952,0.023927,1.0000
SZ300438,2016-04-15,113.0000,113.9900,109.2000,110.8800,1672800,185295984.00,0.07965714,0.019914,1.0000
SZ300438,2016-04-18,110.5000,116.9700,107.0000,113.6800,2358600,263674160.00,0.11231429,0.028079,1.0000
SZ300438,2016-04-19,112.9000,114.5000,110.0000,111.0000,1569800,175495136.00,0.07475238,0.018688,1.0000
SZ300438,2016-04-20,110.3100,113.2000,100.0300,103.1300,2364400,250915200.00,0.11259048,0.028148,1.0000
SZ300438,2016-04-21,103.1200,103.8100,96.8000,96.8700,1617900,162535712.00,0.07704286,0.019261,1.0000
SZ300438,2016-04-22,93.2000,99.8500,93.2000,99.3800,1557000,152446656.00,0.07414286,0.018536,1.0000
SZ300438,2016-04-25,98.5000,98.5500,94.5000,96.3000,1119800,107806040.00,0.02926455,0.013331,1.0000
SZ300438,2016-04-26,96.5000,98.8800,96.3600,98.8800,1035200,101466840.00,0.02705364,0.012324,1.0000
SZ300438,2016-04-27,99.4800,103.9700,98.8900,100.7900,1525700,155524464.00,0.03987224,0.018163,1.0000
SZ300438,2016-04-28,100.5000,105.7800,99.3300,105.7800,1669300,170853728.00,0.04362504,0.019873,1.0000
SZ300438,2016-04-29,105.0000,114.8800,103.8100,110.8000,2491000,273711904.00,0.06509913,0.029655,1.0000
SZ300438,2016-05-03,111.8000,117.8700,111.5000,116.0800,2504900,287282304.00,0.06546239,0.029820,1.0000
SZ300438,2016-05-04,116.6000,116.6000,113.0100,113.3000,1909600,218670944.00,0.04990498,0.022733,1.0000
SZ300438,2016-05-05,112.1100,123.9500,112.0000,123.7900,2986500,353561440.00,0.07804840,0.035554,1.0000
SZ300438,2016-05-06,123.0000,128.8800,116.6100,117.0000,4065100,497553504.00,0.10623624,0.048394,1.0000
SZ300438,2016-05-09,117.0000,125.5000,112.5000,122.3300,3837500,456719456.00,0.10028820,0.045685,1.0000
SZ300438,2016-05-10,119.5100,120.7000,110.1000,110.1000,3000100,344569664.00,0.07840381,0.035715,1.0000
SZ300438,2016-05-11,109.0600,109.7900,100.0000,101.8500,3011200,315482144.00,0.07869390,0.035848,1.0000
SZ300438,2016-05-12,99.0500,108.5300,96.3100,107.0000,2895000,299405568.00,0.07565716,0.034464,1.0000
SZ300438,2016-05-13,105.0000,113.6400,103.7000,111.0500,3028400,332109056.00,0.07914340,0.036052,1.0000
SZ300438,2016-05-16,109.0000,121.5500,108.2800,119.5000,3217000,372765536.00,0.08407222,0.038298,1.0000
SZ300438,2016-05-17,118.0000,118.5300,110.6600,112.3000,4694800,544266368.00,0.12269265,0.055890,1.0000
SZ300438,2016-05-18,109.0300,109.3800,101.0700,104.3700,3566400,373298720.00,0.09320335,0.042457,1.0000
SZ300438,2016-05-19,101.0000,109.3500,101.0000,105.6800,2949700,313766112.00,0.07708667,0.035115,1.0000
SZ300438,2016-05-20,102.5000,105.2900,99.3800,103.9500,2667200,273698144.00,0.06970389,0.031752,1.0000
SZ300438,2016-05-23,105.0200,111.8900,103.9500,110.1200,2752600,296832288.00,0.07193572,0.032769,1.0000
SZ300438,2016-05-24,109.0000,113.8600,106.5000,109.0300,2714900,300101568.00,0.07095047,0.032320,1.0000
SZ300438,2016-05-25,110.0000,114.6600,108.0800,111.5000,3745300,418482144.00,0.09787867,0.044587,1.0000
SZ300438,2016-05-26,108.7000,110.7800,102.5000,110.1000,2991400,319576736.00,0.07817645,0.035612,1.0000
SZ300438,2016-05-27,110.3000,112.8500,105.8000,107.6100,2000800,219185376.00,0.05228837,0.023819,1.0000
SZ300438,2016-05-30,105.2000,110.5000,104.2000,108.8800,1741700,188660176.00,0.04551712,0.020735,1.0000
SZ300438,2016-05-31,108.6000,116.9800,108.1000,115.6300,4119600,463680736.00,0.10766053,0.049043,1.0000
SZ300438,2016-06-01,115.5800,121.9500,113.7100,117.4000,4451600,525366560.00,0.11633693,0.052995,1.0000
SZ300438,2016-06-02,116.1500,124.8000,115.8600,124.4900,4965500,600852224.00,0.12976705,0.059113,1.0000
SZ300438,2016-06-03,123.8900,125.5700,121.7400,123.0700,3822700,472052704.00,0.09990142,0.045508,1.0000
SZ300438,2016-06-06,123.5000,123.6000,116.8900,119.9900,4128700,494549920.00,0.10789835,0.049151,1.0000
SZ300438,2016-06-07,118.8800,131.9900,118.8800,131.9900,4544900,573904768.00,0.11877521,0.054106,1.0000
SZ300438,2016-06-08,137.8000,145.1900,136.1000,145.1900,8305400,1172406784.00,0.21705111,0.098874,1.0000
SZ300438,2016-06-13,143.0000,143.5900,130.6700,130.6700,6979200,951635584.00,0.18239255,0.083086,1.0000
SZ300438,2016-06-14,127.0000,133.4200,124.0000,126.8000,5048800,646688704.00,0.13194399,0.060105,1.0000
SZ300438,2016-06-15,127.4400,139.4800,126.6000,139.4800,3964800,540396032.00,0.10361503,0.047200,1.0000
SZ300438,2016-06-16,147.0000,152.0000,140.7000,144.0100,8562600,1244626816.00,0.22377271,0.101936,1.0000
SZ300438,2016-06-17,141.1960,148.4060,132.1835,138.1919,25697500,1206860544.00,0.20583660,0.101974,3.0041
SZ300438,2016-06-20,138.4322,145.6422,134.3766,141.1360,16270400,757752320.00,0.13032567,0.064565,3.0041
SZ300438,2016-06-21,141.3763,142.9985,127.0163,128.0978,22442200,996220800.00,0.17976170,0.089056,3.0041
SZ300438,2016-06-22,125.3640,129.1193,121.9994,128.9991,12408400,520940224.00,0.09939110,0.049240,3.0041
SZ300438,2016-06-23,127.7073,128.5785,124.3727,125.2739,8575700,359672224.00,0.06869123,0.034031,3.0041
SZ300438,2016-06-24,124.1924,128.1279,117.2528,125.3340,11742900,487059968.00,0.09406046,0.046599,3.0041
SZ300438,2016-06-27,124.8233,130.6814,123.2611,129.8102,10444800,443028416.00,0.08366270,0.041448,3.0041
SZ300438,2016-06-28,128.0077,131.4024,125.4542,127.7373,10104200,429820000.00,0.08093450,0.040096,3.0041
SZ300438,2016-06-29,128.1279,133.5054,127.2567,129.4798,11538400,501951040.00,0.09242242,0.045787,3.0041
SZ300438,2016-06-30,128.5785,128.6086,123.8319,124.6430,8285600,344963136.00,0.06636754,0.032879,3.0041
SZ300438,2016-07-01,125.4842,127.6172,123.7718,124.6731,5658600,236783424.00,0.04532530,0.022455,3.0041
SZ300438,2016-07-04,122.8706,126.1451,121.3685,125.5143,6548400,271006016.00,0.05245259,0.025986,3.0041
SZ300438,2016-07-05,125.5743,129.7201,123.4414,127.2567,9414200,395889120.00,0.07540761,0.037358,3.0041
SZ300438,2016-07-06,126.1752,129.1793,125.5143,126.7760,7242200,306564416.00,0.05800992,0.028739,3.0041
SZ300438,2016-07-07,126.1752,130.1407,124.4027,129.1493,10587700,449622304.00,0.08480732,0.042015,3.0041
SZ300438,2016-07-08,129.1193,129.1193,125.5743,125.6344,7050900,298513952.00,0.05647761,0.027980,3.0041
SZ300438,2016-07-11,125.5743,125.5743,120.4372,120.7376,7222400,295546848.00,0.05785132,0.028660,3.0041
SZ300438,2016-07-12,120.1668,121.9693,115.0898,120.4072,6243700,246858672.00,0.05001195,0.024777,3.0041
SZ300438,2016-07-13,120.4672,123.0208,120.4372,121.0981,3859300,156349392.00,0.03091294,0.015315,3.0041
SZ300438,2016-07-14,120.1368,122.6603,120.1368,121.4586,3698800,149615344.00,0.02962733,0.014678,3.0041
SZ300438,2016-07-15,121.9994,123.1710,119.1154,120.8277,5992100,241707008.00,0.04799663,0.023778,3.0041
SZ300438,2016-07-18,120.0166,120.5874,116.8022,117.1326,4512400,177837760.00,0.03614426,0.017906,3.0041
SZ300438,2016-07-19,118.0639,118.3643,116.0211,117.7635,3038400,118466536.00,0.02433754,0.012057,3.0041
SZ300438,2016-07-20,117.5832,121.6689,117.3429,120.0467,5256100,209837888.00,0.04210129,0.020858,3.0041
SZ300438,2016-07-21,119.5660,121.5187,117.4631,117.6433,3543600,140719968.00,0.02838418,0.014062,3.0041
SZ300438,2016-07-22,118.3643,118.3643,114.0984,114.1585,4111200,158620576.00,0.03293065,0.016314,3.0041
SZ300438,2016-07-25,114.3087,115.6606,110.8839,111.0642,4448100,166643808.00,0.03562922,0.017651,3.0041
SZ300438,2016-07-26,111.1543,112.9568,110.9440,112.4761,2424600,90540520.00,0.01942101,0.009621,3.0041
SZ300438,2016-07-27,113.2272,113.3774,102.8628,103.3435,5737300,204264608.00,0.04595569,0.022767,3.0041
SZ300438,2016-07-28,103.6439,107.5493,101.5410,106.7081,5030500,176037408.00,0.04029423,0.019962,3.0041
SZ300438,2016-07-29,105.7468,107.4892,104.5451,105.7468,2854100,100961912.00,0.02286130,0.011326,3.0041
SZ300438,2016-08-01,104.5451,107.3691,101.1805,106.7081,3751800,130503376.00,0.03005186,0.014888,3.0041
SZ300438,2016-08-02,106.9785,107.6695,104.8756,106.1674,2183200,77172640.00,0.01748740,0.008663,3.0041
SZ300438,2016-08-03,106.2876,106.8884,104.5451,104.7254,2483200,87381816.00,0.01989040,0.009854,3.0041
SZ300438,2016-08-04,104.6353,107.0987,103.6739,105.7468,3352200,117661024.00,0.02685107,0.013302,3.0041
SZ300438,2016-08-05,105.7768,106.0472,103.0430,103.0430,2753800,95596528.00,0.02205790,0.010928,3.0041
SZ300438,2016-08-08,103.0430,103.9443,101.2405,103.8542,1829000,62612008.00,0.01465026,0.007258,3.0041
SZ300438,2016-08-09,104.3649,105.7468,103.7340,105.2361,2406200,84010280.00,0.01927363,0.009548,3.0041
SZ300438,2016-08-10,105.6266,106.6481,104.5451,105.3863,2984300,105058744.00,0.02390420,0.011842,3.0041
SZ300438,2016-08-11,105.3863,105.3863,102.6225,102.6825,2298000,79357712.00,0.01840695,0.009119,3.0041
SZ300438,2016-08-12,105.4163,112.9568,105.1460,112.0556,10446800,383230944.00,0.08367872,0.041456,3.0041
SZ300438,2016-08-15,109.7424,114.4589,108.6308,112.8667,9954700,370330496.00,0.07973700,0.039503,3.0041
SZ300438,2016-08-16,111.7551,118.2141,111.7551,114.3087,8049500,310331936.00,0.06447638,0.031942,3.0041
SZ300438,2016-08-17,114.0083,114.0083,111.8753,112.8967,4640300,174103312.00,0.03716874,0.018414,3.0041
SZ300438,2016-08-18,112.3560,113.8280,111.1844,111.5148,3723800,138870368.00,0.02982758,0.014777,3.0041
SZ300438,2016-08-19,111.3946,112.9568,109.8024,111.7852,3338000,123744008.00,0.02673733,0.013246,3.0041
SZ300438,2016-08-22,111.2144,112.0556,108.7810,109.0214,2725600,100341424.00,0.02183202,0.010816,3.0041
SZ300438,2016-08-23,109.0214,109.8325,108.1501,108.6909,2169800,78756272.00,0.01738007,0.008610,3.0041
SZ300438,2016-08-24,108.8711,109.8325,108.4205,108.9012,2119800,77026640.00,0.01697957,0.008412,3.0041
SZ300438,2016-08-25,108.4506,108.7510,105.4464,106.6481,2634100,93258248.00,0.02109910,0.010453,3.0041
SZ300438,2016-08-26,107.5493,111.6650,106.6180,108.8111,3817300,138378192.00,0.03057652,0.015148,3.0041
SZ300438,2016-08-29,109.0514,109.0514,106.5880,106.7983,2135200,76285040.00,0.01710292,0.008473,3.0041
SZ300438,2016-08-30,106.1373,107.7896,105.7468,106.7983,2358100,83604216.00,0.01888835,0.009358,3.0041
SZ300438,2016-08-31,106.6481,106.8583,105.3563,106.1373,1735400,61247376.00,0.01390053,0.006887,3.0041
SZ300438,2016-09-01,105.6266,106.6180,103.7941,103.9443,2639000,92258592.00,0.02113835,0.010472,3.0041
SZ300438,2016-09-02,103.9143,103.9143,101.9315,102.5023,2240300,76672360.00,0.01794477,0.008890,3.0041
SZ300438,2016-09-05,102.5323,104.3649,102.5323,103.0731,1625400,55950364.00,0.01301943,0.006450,3.0041
SZ300438,2016-09-06,102.4422,106.0172,102.1718,105.4464,2838800,98378448.00,0.02273875,0.011265,3.0041
SZ300438,2016-09-07,105.7168,105.7168,103.4336,103.5538,2404600,83742816.00,0.01926081,0.009542,3.0041
SZ300438,2016-09-08,103.8842,105.4464,103.5538,104.5151,1846500,64203468.00,0.01479044,0.007327,3.0041
SZ300438,2016-09-09,104.7554,104.8155,102.6825,102.7426,1599400,55260452.00,0.01281117,0.006347,3.0041
SZ300438,2016-09-12,99.9788,101.1204,95.2622,95.5326,3936600,128390736.00,0.03153211,0.015621,3.0041
SZ300438,2016-09-13,96.4639,97.5154,95.2322,95.5326,1843300,58874936.00,0.01476481,0.007315,3.0041
SZ300438,2016-09-14,94.6314,95.7730,94.0005,95.1120,2024000,63895176.00,0.01621221,0.008032,3.0041
SZ300438,2016-09-19,95.2322,97.0647,95.2322,96.1335,1781800,57213540.00,0.01427219,0.007071,3.0041
SZ300438,2016-09-20,96.1335,97.5454,95.4125,97.1849,2265700,72707872.00,0.01814822,0.008991,3.0041
SZ300438,2016-09-21,96.5841,97.7857,96.5841,96.9746,1173200,37972200.00,0.00939732,0.004656,3.0041
SZ300438,2016-09-22,97.8458,98.0862,95.9832,96.0734,1430100,46082128.00,0.01145508,0.005675,3.0041
SZ300438,2016-09-23,96.0734,96.6141,94.8116,94.9618,1173000,37283976.00,0.00939571,0.004655,3.0041
SZ300438,2016-09-26,94.6915,95.1120,92.8289,93.0091,1686600,52924040.00,0.01350964,0.006693,3.0041
SZ300438,2016-09-27,94.0005,98.9874,93.1894,96.9446,4057200,130840208.00,0.03249811,0.016100,3.0041
SZ300438,2016-09-28,95.6528,97.2750,95.6528,96.0433,1694000,54308524.00,0.01356892,0.006722,3.0041
SZ300438,2016-09-29,96.6442,96.7343,95.8330,95.9832,1270200,40637380.00,0.01017428,0.005040,3.0041
SZ300438,2016-09-30,95.6528,96.7343,94.6915,95.9232,1094200,34957936.00,0.00876453,0.004342,3.0041
SZ300438,2016-10-10,96.6742,101.1204,96.0433,101.1204,3560900,117195696.00,0.02852276,0.014131,3.0041
SZ300438,2016-10-11,101.8414,101.8414,99.4380,100.3693,3481900,116128880.00,0.02788997,0.013817,3.0041
SZ300438,2016-10-12,99.4981,100.3093,98.8072,99.2578,2016900,66712096.00,0.01615534,0.008004,3.0041
SZ300438,2016-10-13,99.2578,100.3393,98.8372,99.1376,1553600,51398848.00,0.01244431,0.006165,3.0041
SZ300438,2016-10-14,99.1376,99.6183,97.5755,98.8072,1951400,63819104.00,0.01563069,0.007744,3.0041
SZ300438,2016-10-17,98.8973,100.7899,98.8372,98.8372,3031300,100737592.00,0.02428067,0.012029,3.0041
SZ300438,2016-10-18,98.7771,102.1418,98.5368,101.5710,4441800,149328560.00,0.03557875,0.017626,3.0041
SZ300438,2016-10-19,101.5410,102.0817,99.2278,99.8887,3274800,109274544.00,0.02623110,0.012995,3.0041
SZ300438,2016-10-20,99.8887,101.5109,99.6784,100.6397,2679300,89914384.00,0.02146115,0.010632,3.0041
SZ300438,2016-10-21,100.1891,100.6397,98.0862,99.3479,2585300,85345912.00,0.02070822,0.010259,3.0041
SZ300438,2016-10-24,98.9874,100.0389,98.5368,99.9187,1756900,58184348.00,0.01407274,0.006972,3.0041
SZ300438,2016-10-25,99.9187,100.0689,98.7771,99.1076,1933200,63911200.00,0.01548490,0.007671,3.0041
SZ300438,2016-10-26,99.1076,99.6483,97.1248,97.7557,2310600,75415736.00,0.01850787,0.009169,3.0041
SZ300438,2016-10-27,97.9059,98.1462,96.7343,97.5755,1510900,49061448.00,0.01210229,0.005996,3.0041
SZ300438,2016-10-28,97.3652,98.2063,96.9446,97.1549,1360700,44167780.00,0.01089919,0.005400,3.0041
SZ300438,2016-10-31,97.4252,97.5755,94.8717,97.1549,1737700,55681360.00,0.01391895,0.006896,3.0041
SZ300438,2016-11-01,97.0347,98.4767,96.7343,98.2965,1730000,56464076.00,0.01385728,0.006865,3.0041
SZ300438,2016-11-02,98.5368,98.5969,97.0948,97.2450,1525300,49634744.00,0.01221763,0.006053,3.0041
SZ300438,2016-11-03,96.2536,98.8372,96.1935,97.3952,1853300,60341608.00,0.01484491,0.007354,3.0041
SZ300438,2016-11-04,97.6055,98.5368,96.9145,97.0347,1701500,55339360.00,0.01362899,0.006752,3.0041
SZ300438,2016-11-07,96.9746,97.9059,95.1721,96.1935,1463400,46851012.00,0.01172181,0.005807,3.0041
SZ300438,2016-11-08,96.6442,97.9360,96.4940,97.3351,1385000,44869656.00,0.01109383,0.005496,3.0041
SZ300438,2016-11-09,97.5755,98.3265,94.1207,95.7129,2151700,69158032.00,0.01723509,0.008538,3.0041
SZ300438,2016-11-10,96.6742,97.9059,96.5540,97.3652,2014800,65162992.00,0.01613852,0.007995,3.0041
SZ300438,2016-11-11,97.6656,99.6784,96.9145,99.6784,3589100,117824784.00,0.02874864,0.014242,3.0041
SZ300438,2016-11-14,100.1891,101.9916,100.0389,100.4595,4330900,145269776.00,0.03469045,0.017186,3.0041
SZ300438,2016-11-15,100.1290,104.9958,99.4380,104.9958,6782700,233051952.00,0.05432933,0.026915,3.0041
SZ300438,2016-11-16,105.9871,106.4978,102.5924,103.3435,7705700,267528752.00,0.06172255,0.030578,3.0041
SZ300438,2016-11-17,102.4723,104.2147,102.1418,103.0430,3096300,106388656.00,0.02480132,0.012287,3.0041
SZ300438,2016-11-18,102.7426,103.0130,101.2405,101.5710,2960300,100633896.00,0.02371196,0.011747,3.0041
SZ300438,2016-11-21,100.6397,102.9830,100.6397,102.6225,2985600,101483024.00,0.02391461,0.011848,3.0041
SZ300438,2016-11-22,102.1718,106.0172,101.7212,105.6867,5925600,206236688.00,0.04746397,0.023514,3.0041
SZ300438,2016-11-23,106.4378,106.9485,102.4422,103.0430,3942300,137012512.00,0.03157777,0.015644,3.0041
SZ300438,2016-11-24,103.0430,103.9443,101.3908,101.4809,2158300,73419768.00,0.01728795,0.008565,3.0041
SZ300438,2016-11-25,100.6397,107.0086,100.6397,106.7081,6281500,219075840.00,0.05031472,0.024927,3.0041
SZ300438,2016-11-28,105.7468,111.0341,105.2361,109.6222,9424800,339515488.00,0.07549251,0.037400,3.0041
SZ300438,2016-11-29,108.5407,110.2531,106.7382,108.9012,5317400,191809216.00,0.04259230,0.021101,3.0041
SZ300438,2016-11-30,107.8497,109.8024,107.2489,109.2016,4837700,175337904.00,0.03874991,0.019197,3.0041
SZ300438,2016-12-01,109.9226,112.2659,107.6695,111.8753,6822200,249229136.00,0.05464572,0.027072,3.0041
SZ300438,2016-12-02,112.1757,114.0383,109.2617,112.0556,9247800,344222560.00,0.07407474,0.036698,3.0041
SZ300438,2016-12-05,109.3819,112.3560,106.0472,109.6522,4842600,175339072.00,0.03878916,0.019217,3.0041
SZ300438,2016-12-06,110.7938,110.7938,106.3777,107.9699,4030500,144650688.00,0.03228425,0.015994,3.0041
SZ300438,2016-12-07,107.8497,108.0300,103.9443,106.0472,4636300,163008640.00,0.03713670,0.018398,3.0041
SZ300438,2016-12-08,105.9571,107.7896,103.8542,104.2748,3355200,117524816.00,0.02687510,0.013314,3.0041
SZ300438,2016-12-09,103.9443,105.6266,103.1933,104.2447,2433300,84371928.00,0.01949070,0.009656,3.0041
SZ300438,2016-12-12,103.7040,105.1460,95.7730,98.4467,4440300,147902784.00,0.03556674,0.017620,3.0041
SZ300438,2016-12-13,97.6355,98.2364,94.9618,97.7857,2153500,69269160.00,0.01724950,0.008546,3.0041
SZ300438,2016-12-14,97.0948,102.8628,96.7343,101.4508,3942300,132060768.00,0.03157777,0.015644,3.0041
SZ300438,2016-12-15,101.1204,105.0558,100.2792,101.6912,3725700,126408536.00,0.02984280,0.014785,3.0041
SZ300438,2016-12-16,100.6998,102.5924,100.5195,101.8714,1641500,55637376.00,0.01314839,0.006514,3.0041
SZ300438,2016-12-19,100.9401,102.7426,100.9401,101.6311,2185500,74144552.00,0.01750582,0.008673,3.0041
SZ300438,2016-12-20,101.7813,103.9443,101.0002,102.1418,1830800,62178496.00,0.01466468,0.007265,3.0041
SZ300438,2016-12-21,101.5410,103.0130,101.2405,101.7212,1481000,50223768.00,0.01186279,0.005877,3.0041
SZ300438,2016-12-22,101.9916,103.8842,100.9401,103.6439,4000500,136626400.00,0.03204395,0.015875,3.0041
SZ300438,2016-12-23,104.3348,105.7168,101.2405,102.1418,3393900,116590696.00,0.02718509,0.013468,3.0041
SZ300438,2016-12-26,101.3908,101.3908,93.1293,97.2150,4222400,134801136.00,0.03382136,0.016756,3.0041
SZ300438,2016-12-27,96.9746,98.1462,95.5326,95.8330,1739600,55748956.00,0.01393417,0.006903,3.0041
SZ300438,2016-12-28,95.8330,96.7343,93.9104,94.2108,1385300,43703824.00,0.01109623,0.005497,3.0041
SZ300438,2016-12-29,94.0305,95.1721,93.4597,94.2709,932400,29311780.00,0.00746851,0.003700,3.0041
SZ300438,2016-12-30,94.2709,95.4425,94.2108,94.6314,940900,29680276.00,0.00753660,0.003734,3.0041
SZ300438,2017-01-03,94.6314,96.0133,94.6314,95.3824,831900,26448928.00,0.00666351,0.003301,3.0041
SZ300438,2017-01-04,94.7816,100.3393,94.7816,99.3179,2769500,90541520.00,0.02218366,0.010990,3.0041
SZ300438,2017-01-05,98.7471,101.5410,98.0862,99.3780,2235900,74259520.00,0.01790953,0.008873,3.0041
SZ300438,2017-01-06,99.3780,100.2792,98.5368,99.3479,1405500,46407488.00,0.01125803,0.005577,3.0041
SZ300438,2017-01-09,98.8372,101.0903,98.5368,100.1590,1190100,39764392.00,0.00953268,0.004723,3.0041
SZ300438,2017-01-10,99.4380,103.0430,99.2878,101.9015,2447300,82728184.00,0.01960284,0.009712,3.0041
SZ300438,2017-01-11,100.9401,101.8414,99.4380,99.5282,1171900,39328328.00,0.00938690,0.004650,3.0041
SZ300438,2017-01-12,99.4380,100.2792,98.2364,99.0775,1025500,33953292.00,0.00821424,0.004069,3.0041
SZ300438,2017-01-13,99.1376,100.1891,97.8759,98.4166,1041300,34301968.00,0.00834080,0.004132,3.0041
SZ300438,2017-01-16,98.4166,98.5368,88.5629,90.3654,2328300,71686672.00,0.01864965,0.009239,3.0041
SZ300438,2017-01-17,90.3654,91.9577,88.6230,91.3869,1393000,41992960.00,0.01115791,0.005528,3.0041
SZ300438,2017-01-18,90.7860,92.8889,90.7860,92.3782,1167900,35734240.00,0.00935486,0.004635,3.0041
SZ300438,2017-01-19,91.5671,92.9791,91.5671,92.7387,916600,28162656.00,0.00734195,0.003637,3.0041
SZ300438,2017-01-20,92.3782,94.6915,92.3782,94.1807,823900,25809400.00,0.00659943,0.003269,3.0041
SZ300438,2017-01-23,94.1807,98.3265,93.9705,96.1335,1072400,34553072.00,0.00858991,0.004256,3.0041
SZ300438,2017-01-24,96.7343,96.7343,95.0820,96.1335,767400,24491380.00,0.00614686,0.003045,3.0041
SZ300438,2017-01-25,96.5841,96.9746,95.2622,96.7343,829800,26583528.00,0.00664669,0.003293,3.0041
SZ300438,2017-01-26,97.3351,97.3351,95.8330,96.6742,511700,16441292.00,0.00409871,0.002031,3.0041
SZ300438,2017-02-03,97.0347,97.0347,94.3310,94.3310,700500,22279124.00,0.00561099,0.002780,3.0041
SZ300438,2017-02-06,93.6700,96.7042,93.6700,96.7042,1052100,33479104.00,0.00842731,0.004175,3.0041
SZ300438,2017-02-07,97.8458,97.8458,95.0820,96.0433,698100,22355846.00,0.00559177,0.002770,3.0041
SZ300438,2017-02-08,95.1120,99.0175,94.9919,98.5368,1586900,51214176.00,0.01271105,0.006297,3.0041
SZ300438,2017-02-09,98.8072,100.9401,97.5454,100.0389,1374900,45563688.00,0.01101293,0.005456,3.0041
SZ300438,2017-02-10,99.5883,99.7385,98.2364,98.9874,913100,30074360.00,0.00731392,0.003623,3.0041
SZ300438,2017-02-13,98.9874,100.6998,98.3565,100.4895,1046800,34775080.00,0.00838485,0.004154,3.0041
SZ300438,2017-02-14,100.4895,101.7212,99.1977,101.2405,1369400,45760412.00,0.01096887,0.005434,3.0041
SZ300438,2017-02-15,101.2105,101.2105,99.1677,99.3179,1051900,35073604.00,0.00842570,0.004174,3.0041
SZ300438,2017-02-16,99.1376,101.3006,98.8973,100.2792,1009600,33712328.00,0.00808688,0.004006,3.0041
SZ300438,2017-02-17,100.6397,106.9485,99.7385,102.7426,3082500,105791944.00,0.02469078,0.012232,3.0041
SZ300438,2017-02-20,104.5451,106.4978,103.6439,106.3476,4554700,160386144.00,0.03648308,0.018074,3.0041
SZ300438,2017-02-21,106.0172,106.9485,103.4336,104.9958,3661800,127293976.00,0.02933097,0.014531,3.0041
SZ300438,2017-02-22,104.4550,104.5151,102.1118,102.4422,2451500,84294464.00,0.01963648,0.009728,3.0041
SZ300438,2017-02-23,103.0430,103.1031,100.5195,101.3908,1891600,63851172.00,0.01515169,0.007506,3.0041
SZ300438,2017-03-01,102.7426,103.0430,99.6483,100.7298,1694900,56997544.00,0.01357612,0.006726,3.0041
SZ300438,2017-03-02,100.8800,103.7340,100.6397,102.3521,2235400,76259400.00,0.01790552,0.008871,3.0041
SZ300438,2017-03-03,101.3908,104.5451,101.3908,103.9143,2761500,95240496.00,0.02211958,0.010958,3.0041
SZ300438,2017-03-06,103.6439,105.1460,102.6225,104.0044,2313900,79882136.00,0.01853431,0.009182,3.0041
SZ300438,2017-03-07,103.8241,104.0945,101.3908,101.7212,2540000,86286448.00,0.02034536,0.010079,3.0041
SZ300438,2017-03-08,101.7813,101.9615,100.0990,100.3393,1658800,55662772.00,0.01328696,0.006583,3.0041
SZ300438,2017-03-09,100.8800,101.0903,99.7685,99.8887,1196000,39935040.00,0.00957994,0.004746,3.0041
SZ300438,2017-03-10,99.2278,101.6912,99.2278,101.3607,1772700,59458344.00,0.01419930,0.007035,3.0041
SZ300438,2017-03-13,101.2405,101.2405,99.5883,100.3093,1688900,56282008.00,0.01349880,0.006702,3.0041
SZ300438,2017-03-14,101.0002,101.6611,99.2878,99.2878,1598500,53458364.00,0.01277626,0.006343,3.0041
SZ300438,2017-03-15,99.4681,99.5282,95.7730,95.8631,2914100,94036272.00,0.02329140,0.011564,3.0041
SZ300438,2017-03-16,96.4038,97.1849,95.8631,96.7343,1494500,48149364.00,0.01194502,0.005931,3.0041
SZ300438,2017-03-17,96.7343,97.5154,96.5841,96.5841,1486200,48016024.00,0.01187869,0.005898,3.0041
SZ300438,2017-03-20,96.1335,96.5540,95.3824,96.5540,1106000,35253740.00,0.00883988,0.004389,3.0041
SZ300438,2017-03-21,96.7042,98.1162,96.1935,97.1849,1110200,35980648.00,0.00887345,0.004406,3.0041
SZ300438,2017-03-22,97.0347,97.0347,94.9618,95.1721,1395000,44475096.00,0.01114976,0.005536,3.0041
SZ300438,2017-03-23,95.2923,96.0433,93.3696,94.2408,1374000,43208452.00,0.01098191,0.005452,3.0041
SZ300438,2017-03-24,94.2108,94.6314,93.1593,94.3610,1503200,46910464.00,0.01201456,0.005965,3.0041
SZ300438,2017-03-27,94.4812,94.9017,93.2795,93.6400,1336100,41749196.00,0.01067899,0.005302,3.0041
SZ300438,2017-03-28,93.3696,95.4725,93.3696,94.8116,1912100,60242208.00,0.01528276,0.007588,3.0041
SZ300438,2017-03-29,94.9318,94.9318,93.6099,93.7001,980500,30727612.00,0.00783680,0.003487,3.0041
SZ300438,2017-03-30,94.0606,94.5412,90.0650,90.1852,1761600,53694140.00,0.01407986,0.006266,3.0041
SZ300438,2017-03-31,90.0049,91.0264,89.9749,90.6358,1496000,44995528.00,0.01195701,0.005321,3.0041
SZ300438,2017-04-05,89.6144,94.1807,89.5844,93.7602,2157000,66628464.00,0.01724016,0.007672,3.0041
SZ300438,2017-04-06,92.9791,94.2709,92.9791,93.4297,1361000,42401552.00,0.01087801,0.004841,3.0041
SZ300438,2017-04-07,93.4297,94.1807,92.8589,92.9190,1265800,39272980.00,0.01011710,0.004502,3.0041
SZ300438,2017-04-10,92.8289,94.7515,91.4770,91.7474,1379100,42819764.00,0.01102267,0.004905,3.0041
SZ300438,2017-04-11,91.5972,92.4383,88.6230,90.7860,2360100,70947784.00,0.01886347,0.008394,3.0041
SZ300438,2017-04-12,91.2667,93.4297,90.2753,92.6787,2263000,69140552.00,0.01808738,0.008049,3.0041
SZ300438,2017-04-13,92.7087,93.7602,91.3869,93.4297,2035800,62984112.00,0.01627145,0.007241,3.0041
SZ300438,2017-04-14,93.2795,95.2022,92.4083,94.8116,4544800,141725584.00,0.03632502,0.016165,3.0041
SZ300438,2017-04-17,94.0606,95.2322,90.2753,94.7816,2065445,64038948.00,0.01650839,0.007346,3.0041
SZ300438,2017-04-18,94.0606,96.1335,91.7774,94.1507,1797100,56101100.00,0.01436360,0.006392,3.0041
SZ300438,2017-04-19,93.6400,94.5412,90.8762,94.0906,4046044,124922344.00,0.03233864,0.014391,3.0041
SZ300438,2017-04-20,93.6400,95.5326,92.5585,93.1293,2543186,79311128.00,0.02032681,0.009046,3.0041
SZ300438,2017-04-21,92.7688,92.7688,88.8333,90.8762,3106046,93508176.00,0.02482556,0.011048,3.0041
SZ300438,2017-04-24,89.9749,89.9749,81.8636,83.2155,3082267,86771112.00,0.02463550,0.010963,3.0041
SZ300438,2017-04-25,83.2155,84.7777,81.2027,81.2027,1712300,47043236.00,0.01368583,0.006090,3.0041
SZ300438,2017-04-26,81.2628,84.1768,81.2628,82.4044,1924219,52879944.00,0.01537962,0.006844,3.0041
SZ300438,2017-04-27,81.8937,83.7262,80.8723,81.9838,2223567,60454584.00,0.01777221,0.007909,3.0041
SZ300438,2017-04-28,82.0138,83.1855,82.0138,82.7048,1461202,40131132.00,0.01167889,0.005197,3.0041
SZ300438,2017-05-02,82.4344,83.0953,81.1727,81.2928,1788919,48600220.00,0.01429821,0.006363,3.0041
SZ300438,2017-05-03,81.7735,81.7735,77.5677,78.0483,2640908,69361032.00,0.02110787,0.009393,3.0041
SZ300438,2017-05-04,77.7479,79.2800,77.7479,78.6492,2131674,55634816.00,0.01703774,0.007582,3.0041
SZ300438,2017-05-05,78.5290,78.5891,76.1858,77.2673,2751216,70462736.00,0.02198952,0.009786,3.0041
SZ300438,2017-05-08,76.2158,79.6105,75.7051,78.5891,2835108,73164872.00,0.02266004,0.010084,3.0041
SZ300438,2017-05-09,78.1084,79.8809,75.4047,77.7479,3228672,83300512.00,0.02580567,0.011484,3.0041
SZ300438,2017-05-10,77.5677,77.7179,73.9026,74.2030,2047000,52195664.00,0.01636097,0.007281,3.0041
SZ300438,2017-05-11,73.6022,74.5034,69.2161,74.3232,3554640,84589808.00,0.02841102,0.012643,3.0041
SZ300438,2017-05-12,73.7524,74.4433,72.1602,72.4005,1258104,30540182.00,0.01005559,0.004475,3.0041
SZ300438,2017-05-15,72.8211,73.0013,71.4091,71.5593,1048601,25088146.00,0.00838111,0.003730,3.0041
SZ300438,2017-05-16,72.6108,78.0483,71.7396,77.5076,4830451,119871424.00,0.03860813,0.017181,3.0041
SZ300438,2017-05-17,77.5076,78.7093,75.8253,75.9755,5671060,144473008.00,0.04532683,0.020171,3.0041
SZ300438,2017-05-18,75.1944,76.8166,74.7437,75.7652,2991624,75038912.00,0.02391102,0.010641,3.0041
SZ300438,2017-05-19,75.7351,76.9068,74.8940,75.9755,1706635,43025280.00,0.01364055,0.006070,3.0041
SZ300438,2017-05-22,74.6837,75.7652,74.5635,75.1043,2371503,59247616.00,0.01895461,0.008435,3.0041
SZ300438,2017-05-23,75.4047,75.4047,72.1602,73.2116,1595600,39238688.00,0.01275308,0.005675,3.0041
SZ300438,2017-05-24,72.8511,73.8425,70.0572,73.2717,1729670,41706044.00,0.01382466,0.006152,3.0041
SZ300438,2017-05-25,72.8812,75.9755,71.7997,75.6450,2398832,59069988.00,0.01917304,0.008532,3.0041
SZ300438,2017-05-26,75.6150,75.8553,74.3532,75.6150,1478937,36956924.00,0.01182064,0.005260,3.0041
SZ300438,2017-05-31,76.6063,77.3574,72.1602,72.2503,3411013,84919384.00,0.02726305,0.012132,3.0041
SZ300438,2017-06-01,72.0100,72.1602,69.0959,71.1988,2647354,62010000.00,0.02115939,0.009416,3.0041
SZ300438,2017-06-02,73.5421,73.5421,70.1474,72.1301,3554073,84239080.00,0.02840648,0.012641,3.0041
SZ300438,2017-06-05,72.0700,75.0442,71.5293,74.8639,2754269,67455896.00,0.02201393,0.009796,3.0041
SZ300438,2017-06-06,74.2931,77.8380,73.7524,77.6578,4781017,120826856.00,0.03821303,0.017005,3.0041
SZ300438,2017-06-07,77.3574,78.1084,76.8767,77.5677,6613011,170349344.00,0.05285552,0.023521,3.0041
SZ300438,2017-06-08,76.9368,78.7093,76.8767,77.1771,3446684,88941776.00,0.02754816,0.012259,3.0041
SZ300438,2017-06-09,77.1771,77.6578,76.6063,77.2072,2457400,63085764.00,0.01964115,0.008740,3.0041
SZ300438,2017-06-12,76.8467,76.8467,74.8639,74.9240,1338700,33691148.00,0.01069977,0.004761,3.0041
SZ300438,2017-06-13,75.0442,80.8122,74.9240,80.0311,5000418,130535904.00,0.03996662,0.017785,3.0041
SZ300438,2017-06-14,80.9924,80.9924,77.4175,77.4175,5475019,143548720.00,0.04375995,0.019474,3.0041
SZ300438,2017-06-15,77.4175,79.0097,76.6364,77.6878,3043479,79004720.00,0.02432548,0.010825,3.0041
SZ300438,2017-06-16,77.9883,79.4903,76.9969,77.7780,3171210,82419864.00,0.02534639,0.011279,3.0041
SZ300438,2017-06-19,77.7479,78.8595,77.2673,78.6191,1777970,46111492.00,0.01421070,0.006324,3.0041
SZ300438,2017-06-20,78.6191,79.9109,78.1084,78.1084,4356148,114745152.00,0.03481719,0.015494,3.0041
SZ300438,2017-06-21,77.9582,79.0097,76.0656,76.9969,2987888,76639776.00,0.02388116,0.010627,3.0041
SZ300438,2017-06-22,76.9068,77.5076,73.9326,74.9841,2611014,66286176.00,0.02086894,0.009287,3.0041
SZ300438,2017-06-23,74.9540,76.4561,71.7997,73.6622,3340605,82339720.00,0.02670031,0.011882,3.0041
SZ300438,2017-06-26,74.2931,75.6150,72.9713,74.5034,2408231,59675476.00,0.01924816,0.008566,3.0041
SZ300438,2017-06-27,74.5635,76.0055,74.2030,74.6536,2203029,54927752.00,0.01760805,0.007836,3.0041
SZ300438,2017-06-28,73.9026,74.5034,73.0013,73.2717,1362269,33322676.00,0.01088815,0.004845,3.0041
SZ300438,2017-06-29,73.8425,74.8940,73.5120,74.2631,2234303,55358836.00,0.01785802,0.007947,3.0041
SZ300438,2017-06-30,74.1429,76.7866,73.3318,75.7051,3044334,76351344.00,0.02433232,0.010828,3.0041
SZ300438,2017-07-03,75.8553,77.3874,75.7351,77.0870,2529270,64520792.00,0.02021559,0.008996,3.0041
SZ300438,2017-07-04,77.1471,78.2586,76.1557,76.5162,2690262,69078016.00,0.02150234,0.009569,3.0041
SZ300438,2017-07-05,77.1771,78.2286,76.0055,78.0183,2680591,69127760.00,0.02142504,0.009534,3.0041
SZ300438,2017-07-06,77.7479,85.5588,77.3574,82.4344,8542883,233658224.00,0.06828033,0.030385,3.0041
SZ300438,2017-07-07,82.1641,83.2456,81.1727,82.4344,4801655,131431640.00,0.03837798,0.017079,3.0041
SZ300438,2017-07-10,82.6447,84.0867,81.5332,81.7435,3569358,98194520.00,0.02852865,0.012695,3.0041
SZ300438,2017-07-11,81.7435,82.4044,78.4389,78.8595,3069380,82241720.00,0.02453250,0.010917,3.0041
SZ300438,2017-07-12,78.0183,82.4645,78.0183,82.2542,3854724,102948320.00,0.03080948,0.013710,3.0041
SZ300438,2017-07-13,82.0138,85.4987,80.4517,80.9023,5587764,154595248.00,0.04466108,0.019875,3.0041
SZ300438,2017-07-14,83.8163,88.9835,82.4344,88.9835,12634666,363684608.00,0.10098454,0.044939,3.0041
SZ300438,2017-07-17,90.1251,90.3354,84.5674,87.0008,18793580,553899712.00,0.15021063,0.066845,3.0041
SZ300438,2017-07-18,85.4987,90.0951,84.5674,89.6444,12677481,369784480.00,0.10132675,0.045091,3.0041
SZ300438,2017-07-19,89.1037,91.0264,87.1510,90.3955,11540195,342279136.00,0.09223681,0.041046,3.0041
SZ300438,2017-07-20,89.7931,93.4101,88.2860,88.5271,12091472,366248416.00,0.09664298,0.043007,3.0142
SZ300438,2017-07-21,87.0501,88.0448,85.9047,86.5377,6806255,195631536.00,0.05440006,0.024208,3.0142
SZ300438,2017-07-24,86.1459,86.8693,83.1317,84.0962,7204385,201756976.00,0.05758217,0.025625,3.0142
SZ300438,2017-07-25,84.5182,85.9650,83.1920,85.0608,5062739,142454448.00,0.04046473,0.018007,3.0142
SZ300438,2017-07-26,84.5483,86.5076,83.0111,86.0554,5405613,152227904.00,0.04320521,0.019227,3.0142
SZ300438,2017-07-27,85.2416,89.5218,83.7948,88.1051,7629299,220562864.00,0.06097837,0.027136,3.0142
SZ300438,2017-07-28,87.0501,91.7523,87.0501,89.7026,7604456,226838784.00,0.06077980,0.027048,3.0142
SZ300438,2017-07-31,89.7328,91.7221,88.5572,89.0696,5898192,175313168.00,0.04714222,0.020979,3.0142
SZ300438,2017-08-01,89.0696,92.6264,86.9597,91.9331,9376333,279333184.00,0.07494181,0.033350,3.0142
SZ300438,2017-08-02,92.7470,93.2292,88.9792,89.2204,7568206,229499472.00,0.06049007,0.026919,3.0142
SZ300438,2017-08-03,89.7629,90.3658,87.8640,88.6175,3567904,105438592.00,0.02851703,0.012690,3.0142
SZ300438,2017-08-04,89.2505,92.0839,88.0448,88.0750,4878122,145781968.00,0.03898915,0.017350,3.0142
SZ300438,2017-08-07,88.0147,90.3959,87.5927,89.6423,2911197,86386536.00,0.02326820,0.010355,3.0142
SZ300438,2017-08-08,90.0945,91.1193,88.3161,89.1601,3585222,106623920.00,0.02865545,0.012752,3.0142
SZ300438,2017-08-09,88.8587,90.0643,87.1406,87.5023,3215629,94673728.00,0.02570142,0.011437,3.0142
SZ300438,2017-08-10,87.3516,87.8338,81.8356,82.5590,6062862,170070784.00,0.04845837,0.021564,3.0142
SZ300438,2017-08-11,81.3834,83.4632,81.3834,81.8958,2875762,78592800.00,0.02298498,0.010229,3.0142
SZ300438,2017-08-14,81.7451,84.5785,81.7451,84.4278,2541008,70653120.00,0.02030940,0.009038,3.0142
SZ300438,2017-08-15,84.2771,85.0005,83.1920,83.7345,1895128,52808636.00,0.01514711,0.006741,3.0142
SZ300438,2017-08-16,83.7345,84.2469,81.8657,84.2469,2593516,71568728.00,0.02072908,0.009225,3.0142
SZ300438,2017-08-17,87.3516,90.3055,85.7540,86.3267,4956178,143377520.00,0.03961303,0.017628,3.0142
SZ300438,2017-08-18,84.3976,85.9952,83.8249,84.0661,3579900,100283248.00,0.02861291,0.012733,3.0142
SZ300438,2017-08-21,84.2469,84.6689,82.7398,83.7044,2870640,79344504.00,0.02294404,0.010210,3.0142
SZ300438,2017-08-22,83.7647,84.2771,83.2221,83.7647,1980400,55067016.00,0.01582866,0.007044,3.0142
SZ300438,2017-08-23,83.5235,83.6742,81.7150,81.8657,3451900,94290152.00,0.02758985,0.012278,3.0142
SZ300438,2017-08-24,81.8657,82.3480,79.2735,79.5749,3758922,100553096.00,0.03004377,0.013370,3.0142
SZ300438,2017-08-25,79.6352,81.2026,79.6352,81.0519,1860471,49742328.00,0.01487011,0.006617,3.0142
SZ300438,2017-08-28,81.3533,84.0661,81.3533,83.7345,2805316,77549136.00,0.02242193,0.009978,3.0142
SZ300438,2017-08-29,84.0962,85.4827,83.1920,83.1920,2562400,71473872.00,0.02048038,0.009114,3.0142
SZ300438,2017-08-30,83.6441,84.8498,83.5838,83.7345,2454503,68603936.00,0.01961800,0.008730,3.0142
SZ300438,2017-08-31,83.7345,85.5732,83.1920,84.9703,3412264,95636200.00,0.02727305,0.012137,3.0142
SZ300438,2017-09-01,85.3923,87.9544,84.9402,86.1459,4804679,137727296.00,0.03840215,0.017089,3.0142
SZ300438,2017-09-04,86.8090,88.2257,85.9650,86.8090,3991091,115711336.00,0.03189942,0.014196,3.0142
SZ300438,2017-09-05,87.1104,89.5519,86.2664,88.7984,5633567,164521696.00,0.04502717,0.020037,3.0142
SZ300438,2017-09-06,88.8587,97.6903,88.7682,97.6903,23237752,736854080.00,0.18573137,0.082652,3.0142
SZ300438,2017-09-07,97.4793,102.3020,96.4544,100.5839,21296700,703622656.00,0.17021720,0.075748,3.0142
SZ300438,2017-09-08,99.1974,101.8800,97.9917,98.8658,10173762,336422016.00,0.08131538,0.036186,3.0142
SZ300438,2017-09-11,99.6495,106.4013,99.6495,103.2967,13559738,465527328.00,0.10837833,0.048229,3.0142
SZ300438,2017-09-12,102.7843,107.2754,96.9066,99.3782,14150638,483775744.00,0.11310119,0.050331,3.0142
SZ300438,2017-09-13,100.8853,103.3268,97.8410,100.4935,8279001,276455104.00,0.06617121,0.029447,3.0142
SZ300438,2017-09-14,100.6743,102.9048,97.2381,100.3729,9057876,299779264.00,0.07239649,0.032217,3.0142
SZ300438,2017-09-15,99.6495,100.9758,97.9013,98.4438,5625928,184957616.00,0.04496611,0.020010,3.0142
SZ300438,2017-09-18,97.6300,99.4084,96.5449,98.3835,4960111,161531328.00,0.03964446,0.017642,3.0142
SZ300438,2017-09-19,98.6247,99.6796,95.0076,96.5147,6373181,204522096.00,0.05093865,0.022668,3.0142
SZ300438,2017-09-20,96.5449,97.9615,95.9119,97.4793,4583256,147579712.00,0.03663239,0.016302,3.0142
SZ300438,2017-09-21,97.3587,97.8711,94.1034,94.5555,5060034,160336416.00,0.04044311,0.017998,3.0142
SZ300438,2017-09-22,94.6158,96.3942,94.5856,95.3995,3723821,118150400.00,0.02976322,0.013245,3.0142
SZ300438,2017-09-25,94.9473,95.4296,92.7771,92.8675,3842530,119555200.00,0.03071202,0.013667,3.0142
SZ300438,2017-09-26,93.0183,94.7062,92.2647,94.6459,3007761,93450432.00,0.02404000,0.010698,3.0142
SZ300438,2017-09-27,94.8871,98.4740,94.5555,97.6601,6149529,198506448.00,0.04915107,0.021873,3.0142
SZ300438,2017-09-28,97.3587,98.2328,95.8516,96.2133,4385457,140845008.00,0.03505145,0.015598,3.0142
SZ300438,2017-09-29,96.6052,97.8108,94.7062,96.3942,3621596,115353728.00,0.02894617,0.012881,3.0142
SZ300438,2017-10-09,97.7204,97.8410,95.1885,95.4296,4742444,151266448.00,0.03790473,0.016868,3.0142
SZ300438,2017-10-10,95.6105,96.0023,93.2895,94.8268,3469199,108649496.00,0.02772812,0.012339,3.0142
SZ300438,2017-10-11,94.6459,96.3640,93.8321,95.5502,3583900,113143344.00,0.02864488,0.012747,3.0142
SZ300438,2017-10-12,95.5502,95.7310,93.3498,93.6211,3676100,114922464.00,0.02938180,0.013075,3.0142
SZ300438,2017-10-13,96.4544,98.5644,96.3037,96.3942,7820912,252218080.00,0.06250986,0.027817,3.0142
SZ300438,2017-10-16,96.6956,101.1265,96.6956,97.6601,9040944,296101728.00,0.07226116,0.032157,3.0142
SZ300438,2017-10-17,97.5396,98.4137,95.0076,96.2435,6321644,201495456.00,0.05052673,0.022485,3.0142
SZ300438,2017-10-18,95.8817,96.3339,93.7417,93.7417,3841046,120869032.00,0.03070016,0.013662,3.0142
SZ300438,2017-10-19,93.4704,94.5856,92.8977,93.8019,2844623,88445128.00,0.02273609,0.010118,3.0142
SZ300438,2017-10-20,93.4101,96.2736,93.1690,95.9722,3698042,116832896.00,0.02955718,0.013153,3.0142
SZ300438,2017-10-23,95.8516,96.9970,95.3090,96.9066,4137044,132106320.00,0.03306597,0.014715,3.0142
SZ300438,2017-10-24,98.5644,99.1672,95.7913,96.6654,5958963,191957152.00,0.04777179,0.021195,3.0142
SZ300438,2017-10-25,96.4243,98.3233,96.0023,97.0271,5654531,182081120.00,0.04533122,0.020112,3.0142
SZ300438,2017-10-26,96.8162,97.3286,95.6105,96.2435,5363951,171263136.00,0.04300170,0.019078,3.0142
SZ300438,2017-10-27,96.5449,97.5998,94.2239,94.2239,5578666,177794416.00,0.04472302,0.019842,3.0142
SZ300438,2017-10-30,93.4402,94.2842,91.9331,92.4456,4747900,146026816.00,0.03806294,0.016887,3.0142
SZ300438,2017-10-31,92.4757,96.3640,91.9331,95.4296,4511988,140375008.00,0.03617169,0.016048,3.0142
SZ300438,2017-11-01,95.4296,97.3587,95.1885,96.3942,5240894,167802704.00,0.04201518,0.018641,3.0142
SZ300438,2017-11-02,96.8162,98.3534,96.0023,96.4544,5949124,192085312.00,0.04769291,0.021160,3.0142
SZ300438,2017-11-03,96.7559,99.1672,96.6052,98.7452,7822091,254825296.00,0.06270810,0.027822,3.0142
SZ300438,2017-11-06,100.4633,102.1211,98.6247,99.2275,6931474,230261536.00,0.05556821,0.024654,3.0142
SZ300438,2017-11-07,98.9261,103.5981,98.8960,103.5077,8854790,299191264.00,0.07098704,0.031495,3.0142
SZ300438,2017-11-08,103.3268,104.9846,101.9403,102.1814,7481426,256429632.00,0.05997706,0.026610,3.0142
SZ300438,2017-11-09,102.1814,103.8694,101.2169,103.1158,5501743,186685520.00,0.04410635,0.019569,3.0142
SZ300438,2017-11-10,103.0556,104.4722,101.6389,101.9102,6243122,213103904.00,0.05004983,0.022206,3.0142
SZ300438,2017-11-13,105.5875,106.7027,101.9403,102.0307,8512574,294029280.00,0.06824356,0.030277,3.0142
SZ300438,2017-11-14,100.9456,101.9704,98.2027,98.4740,8831307,293753568.00,0.07079878,0.031411,3.0142
SZ300438,2017-11-15,99.0165,99.4686,93.1087,94.0431,8983889,285164384.00,0.07202200,0.031954,3.0142
SZ300438,2017-11-16,93.7417,94.9775,92.5360,93.3800,4997851,155535840.00,0.04006675,0.017776,3.0142
SZ300438,2017-11-17,92.8374,94.0129,86.1459,87.7735,6100363,183671008.00,0.04890536,0.021698,3.0142
SZ300438,2017-11-20,87.9845,90.6370,84.9402,89.7328,4312291,126654216.00,0.03457076,0.015338,3.0142
SZ300438,2017-11-21,90.4260,90.4260,87.0803,89.1902,3783903,111234488.00,0.03033478,0.013459,3.0142
SZ300438,2017-11-22,89.1902,90.3658,88.4668,89.3711,3045400,90301664.00,0.02441435,0.010832,3.0142
SZ300438,2017-11-23,89.2505,89.6725,85.0306,85.0306,4342801,126047480.00,0.03481535,0.015446,3.0142
SZ300438,2017-11-24,84.4881,86.6583,83.4934,85.4526,2955795,83490376.00,0.02369600,0.010513,3.0142
SZ300438,2017-11-27,85.4526,88.1352,84.7593,85.3923,3325597,95663544.00,0.02666063,0.011828,3.0142
SZ300438,2017-11-28,84.0359,87.0803,84.0359,86.7186,1917214,54923456.00,0.01536991,0.006819,3.0142
SZ300438,2017-11-29,86.8994,87.2611,85.6033,86.9296,1692572,48513476.00,0.01356900,0.006020,3.0142
SZ300438,2017-11-30,86.8391,89.8232,86.3569,89.5218,2451012,71197720.00,0.01964926,0.008718,3.0142
SZ300438,2017-12-01,89.8232,92.6867,89.3409,92.1140,4554909,137827760.00,0.03651577,0.016201,3.0142
SZ300438,2017-12-04,90.4260,90.9686,89.2204,89.4615,2561898,76455512.00,0.02053821,0.009112,3.0142
SZ300438,2017-12-05,88.9491,89.4615,85.1512,85.1813,2897152,83381584.00,0.02322588,0.010305,3.0142
SZ300438,2017-12-06,85.8143,87.7133,85.3019,87.7133,1844294,52970512.00,0.01478533,0.006560,3.0142
SZ300438,2017-12-07,87.4118,88.4668,87.0501,88.0448,1634303,47653680.00,0.01310187,0.005813,3.0142
SZ300438,2017-12-08,88.1051,89.4012,87.4721,88.5874,1557706,45845476.00,0.01248781,0.005540,3.0142
SZ300438,2017-12-11,88.7682,89.9136,88.2558,89.1601,1484087,43877420.00,0.01189762,0.005279,3.0142
SZ300438,2017-12-12,88.7984,90.9686,88.7682,89.4916,2659194,79566696.00,0.02131821,0.009458,3.0142
SZ300438,2017-12-13,88.9189,90.3356,88.4367,90.2753,1615148,48003536.00,0.01294831,0.005745,3.0142
SZ300438,2017-12-14,90.2452,90.9686,89.8232,90.3658,1489562,44714756.00,0.01194151,0.005298,3.0142
SZ300438,2017-12-15,89.9438,90.8782,88.9792,89.8533,1563388,46601796.00,0.01253336,0.005561,3.0142
SZ300438,2017-12-18,89.7931,90.0945,88.4970,89.5821,1417502,42092124.00,0.01136382,0.005042,3.0142
SZ300438,2017-12-19,89.7026,90.8480,89.4615,90.0945,1383801,41425052.00,0.01109365,0.004922,3.0142
SZ300438,2017-12-20,91.2700,91.7824,88.9491,89.4615,1939814,58255504.00,0.01555109,0.006900,3.0142
SZ300438,2017-12-21,90.0643,90.2753,86.8994,88.7682,1810468,53098304.00,0.01451415,0.006439,3.0142
SZ300438,2017-12-22,88.6778,90.2753,88.3161,89.2204,1338309,39773056.00,0.01072895,0.004760,3.0142
SZ300438,2017-12-25,89.1299,90.8782,88.3764,89.5218,1919855,57235096.00,0.01539108,0.006829,3.0142
SZ300438,2017-12-26,89.5519,89.7629,87.7133,89.4916,1798496,53049616.00,0.01441817,0.006397,3.0142
SZ300438,2017-12-27,89.4012,90.4260,89.0696,90.0945,1920413,57301640.00,0.01539556,0.006831,3.0142
SZ300438,2017-12-28,89.9739,90.8179,89.8232,90.4260,1989274,59692540.00,0.01594760,0.007075,3.0142
SZ300438,2017-12-29,90.4260,90.6672,88.9189,89.6122,1627522,48358376.00,0.01304751,0.005789,3.0142
SZ300438,2018-01-02,89.9739,90.5165,89.0094,90.2753,1504552,44904032.00,0.01206169,0.005351,3.0142
SZ300438,2018-01-03,90.0041,94.1034,90.0041,93.4402,3919462,120163688.00,0.03142153,0.013941,3.0142
SZ300438,2018-01-04,93.0183,94.2842,92.5963,93.0183,2289635,70791776.00,0.01835554,0.008144,3.0142
SZ300438,2018-01-05,92.7771,94.0129,92.2647,92.8977,1842300,56826304.00,0.01476934,0.006553,3.0142
SZ300438,2018-01-08,92.8374,93.5910,92.1140,93.4402,2422384,74663032.00,0.01941976,0.008616,3.0142
SZ300438,2018-01-09,93.4402,94.7665,92.1743,92.1743,2083143,64609984.00,0.01670013,0.007409,3.0142
SZ300438,2018-01-10,91.6317,91.8729,87.1104,87.5023,5153019,152052736.00,0.04131070,0.018328,3.0142
SZ300438,2018-01-11,86.2062,88.2257,85.6335,87.9544,2267215,65421300.00,0.01817580,0.008064,3.0142
SZ300438,2018-01-12,88.0147,88.6175,86.8090,87.7735,1498474,43746540.00,0.01201296,0.005330,3.0142
SZ300438,2018-01-15,87.2611,87.2611,83.8249,84.2771,3243600,91413536.00,0.02600328,0.011537,3.0142
SZ300438,2018-01-16,84.3072,85.7842,84.2771,84.5483,1910952,53834088.00,0.01531971,0.006797,3.0142
SZ300438,2018-01-17,84.4579,85.4827,81.9863,84.9402,2421389,67143544.00,0.01941178,0.008612,3.0142
SZ300438,2018-01-18,84.7593,85.8746,84.3373,84.9402,1364643,38481672.00,0.01094006,0.004854,3.0142
SZ300438,2018-01-19,85.2718,86.1157,84.4278,85.0306,1534197,43320928.00,0.01229934,0.005457,3.0142
SZ300438,2018-01-22,84.8799,85.6335,83.3728,84.6388,2028057,56908972.00,0.01625852,0.007213,3.0142
SZ300438,2018-01-23,85.0909,85.3019,83.5235,84.0058,1578808,44082432.00,0.01265698,0.005616,3.0142
SZ300438,2018-01-24,83.7948,85.8445,82.2877,85.5430,2949903,82061592.00,0.02364877,0.010492,3.0142
SZ300438,2018-01-25,84.7292,87.4118,80.0270,80.4189,9088251,250890528.00,0.07285865,0.032325,3.0142
SZ300438,2018-01-26,79.2132,80.5093,77.3143,78.9419,5513249,144357984.00,0.04419859,0.019610,3.0142
SZ300438,2018-01-29,78.4295,79.1228,77.6760,78.3692,2427283,63086576.00,0.01945903,0.008633,3.0142
SZ300438,2018-01-30,78.3692,79.4845,77.9171,78.4898,1789015,46680456.00,0.01434217,0.006363,3.0142
SZ300438,2018-01-31,78.5199,78.6405,75.6866,76.2593,2353837,60112588.00,0.01887023,0.008372,3.0142
SZ300438,2018-02-01,76.4703,77.1635,71.9188,72.7327,2658703,65344664.00,0.02131428,0.009456,3.0142
SZ300438,2018-02-02,73.0039,75.3249,71.7681,73.8178,1638838,40018700.00,0.01313823,0.005829,3.0142
SZ300438,2018-02-05,73.2451,73.2451,70.6830,70.6830,1956160,46753512.00,0.01568213,0.006958,3.0142
SZ300438,2018-02-06,69.5979,71.2859,67.8195,68.9649,2559914,58969652.00,0.02052231,0.009105,3.0142
SZ300438,2018-02-07,70.6529,70.8036,67.1865,68.6032,2104300,48248696.00,0.01686974,0.007485,3.0142
SZ300438,2018-02-08,68.6032,71.7983,68.4224,70.9241,2105871,49370960.00,0.01688234,0.007490,3.0142
SZ300438,2018-02-09,69.3266,71.3763,68.7238,69.2061,2216368,51417864.00,0.01776817,0.007883,3.0142
SZ300438,2018-02-12,70.2007,73.9986,70.0199,73.5164,3118670,75124768.00,0.02500174,0.011092,3.0142
SZ300438,2018-02-13,73.5465,74.0891,72.7327,74.0589,2559345,62423508.00,0.02051775,0.009103,3.0142
SZ300438,2018-02-14,73.9986,73.9986,72.6422,72.8532,1209381,29349578.00,0.00969536,0.004302,3.0142
SZ300438,2018-02-22,73.5766,75.6263,73.2451,74.7220,1805944,44621808.00,0.01447788,0.006423,3.0142
SZ300438,2018-02-23,74.6919,74.6919,72.3408,73.1245,1980646,48170620.00,0.01587843,0.007045,3.0142
SZ300438,2018-02-26,74.0891,75.1742,72.4915,74.6015,2595305,63837260.00,0.02080603,0.009231,3.0142
SZ300438,2018-02-27,74.8125,77.1033,74.8125,76.1990,3058045,77465416.00,0.02451572,0.010877,3.0142
SZ300438,2018-02-28,75.0837,76.4100,74.6015,75.3852,2950562,73973600.00,0.02365405,0.010495,3.0142
SZ300438,2018-03-01,75.0536,75.9579,73.9383,75.6564,4371031,108296200.00,0.03504166,0.015547,3.0142
SZ300438,2018-03-02,74.7522,76.9224,74.4508,74.6316,3261223,81920520.00,0.02614456,0.011600,3.0142
SZ300438,2018-03-05,74.7220,75.6564,73.6068,75.6564,2024024,50030204.00,0.01622619,0.007199,3.0142
SZ300438,2018-03-06,75.6564,77.1334,74.9330,76.3799,2903134,73240952.00,0.02327383,0.010326,3.0142
SZ300438,2018-03-07,75.6866,76.3497,74.8125,75.0536,1731722,43413292.00,0.01388286,0.006159,3.0142
SZ300438,2018-03-08,75.0536,76.1689,74.4508,75.6866,1662360,41651740.00,0.01332680,0.005913,3.0142
SZ300438,2018-03-09,75.3852,78.2788,75.1742,77.6458,3778672,96743848.00,0.03029284,0.013440,3.0142
